Employee_ID,Age,Gender,Department,Job_Role,Job_Level,Education,Marital_Status,Business_Travel,Distance_From_Home,Monthly_Income,Salary_Band,Hourly_Rate,Monthly_Rate,Job_Involvement,Job_Satisfaction,Environment_Satisfaction,Relationship_Satisfaction,Work_Life_Balance,Performance_Rating,Overtime,Training_Times_Last_Year,Years_At_Company,Years_In_Current_Role,Years_With_Current_Manager,Total_Working_Years,Years_Since_Last_Promotion,Num_Companies_Worked,Stock_Option_Level,Percent_Salary_Hike,Daily_Rate,Daily_Hours,Job_Change_Last_2Y,Manager_Change_Last_2Y,Attrition
EMP10000,26,Female,Operations,Operations Coordinator,2,Master's,,Travel_Frequently,25.0,8173,High,27.0,,1,3.0,3.0,2.0,,2,Yes,2.0,5,5,5,7,1.0,1,1,13.0,933,10.3,No,No,No
EMP10001,30,Male,Sales,Sales Executive,4,Bachelor's,Married,Non-Travel,6.0,9487,High,31.0,15163.0,3,3.0,3.0,3.0,3.0,2,No,4.0,9,2,9,13,9.0,5,1,25.0,1459,7.2,Yes,No,No
EMP10002,27,Male,Research & Development,Research Scientist,1,Bachelor's,Single,Non-Travel,16.0,4596,Medium,50.0,5923.0,3,4.0,3.0,4.0,3.0,3,No,2.0,6,0,3,7,6.0,3,1,18.0,971,7.4,No,No,No
EMP10003,35,Male,IT,Software Engineer,1,Master's,Married,Travel_Frequently,30.0,7512,High,45.0,3653.0,2,3.0,3.0,2.0,3.0,3,Yes,0.0,14,3,8,15,8.0,2,0,18.0,707,10.1,Yes,No,No
EMP10004,41,Male,Sales,Sales Executive,1,,Single,Travel_Frequently,32.0,5595,Medium,25.0,14581.0,1,3.0,3.0,1.0,4.0,3,No,0.0,15,9,13,19,6.0,1,2,16.0,577,7.7,Yes,No,No
EMP10005,33,Male,Finance,Financial Analyst,2,Bachelor's,Single,Travel_Rarely,9.0,7789,High,30.0,7133.0,1,3.0,2.0,2.0,2.0,3,Yes,2.0,10,9,6,15,2.0,2,1,18.0,630,7.9,Yes,No,No
EMP10006,54,Male,Operations,Operations Coordinator,3,Bachelor's,Married,Travel_Frequently,7.0,9419,High,54.0,10667.0,4,4.0,3.0,2.0,3.0,3,No,4.0,9,1,3,12,6.0,1,1,23.0,684,10.5,No,No,No
EMP10007,43,Female,Sales,Sales Executive,2,Bachelor's,Single,Non-Travel,25.0,6975,Medium,88.0,17784.0,3,3.0,2.0,3.0,4.0,3,Yes,,0,0,0,3,0.0,3,1,25.0,1037,9.1,No,No,No
EMP10008,56,Male,Research & Development,Research Scientist,3,Master's,Married,Travel_Rarely,26.0,8602,High,69.0,5206.0,4,2.0,2.0,2.0,2.0,3,No,5.0,7,7,7,11,0.0,4,2,24.0,450,9.0,No,No,Yes
EMP10009,29,Female,Research & Development,Research Scientist,4,Bachelor's,,Travel_Rarely,30.0,11312,Very High,96.0,7508.0,2,2.0,3.0,3.0,2.0,2,No,2.0,8,2,0,11,8.0,2,1,12.0,1159,9.6,No,No,Yes
EMP10010,48,Female,IT,Software Engineer,5,Bachelor's,Single,Travel_Rarely,21.0,13798,Very High,38.0,20062.0,3,,4.0,4.0,4.0,3,No,,18,3,4,25,8.0,4,0,13.0,209,7.9,No,No,No
EMP10011,45,Male,IT,Software Engineer,2,Master's,Married,Non-Travel,23.0,9402,High,32.0,18604.0,3,4.0,2.0,1.0,4.0,3,Yes,3.0,18,8,0,24,3.0,4,1,21.0,660,8.8,No,No,No
EMP10012,43,Female,Research & Development,Research Scientist,1,Bachelor's,Married,Non-Travel,19.0,7056,High,31.0,6964.0,2,2.0,2.0,1.0,4.0,2,No,2.0,11,1,11,12,,0,0,11.0,1124,7.2,No,No,No
EMP10013,58,Female,Operations,Operations Coordinator,5,Bachelor's,Single,Non-Travel,15.0,10104,Very High,88.0,3279.0,3,3.0,2.0,4.0,2.0,3,Yes,0.0,0,0,0,7,0.0,6,1,19.0,512,8.0,No,No,No
EMP10014,50,Male,Finance,Financial Analyst,2,Bachelor's,Married,,37.0,7267,High,80.0,3866.0,3,3.0,4.0,3.0,1.0,3,No,,8,7,6,15,0.0,2,0,22.0,593,7.4,No,Yes,No
EMP10015,32,Female,Research & Development,Research Scientist,2,High School,Divorced,Non-Travel,33.0,7287,High,97.0,24049.0,3,3.0,2.0,4.0,3.0,3,No,0.0,11,7,7,15,9.0,0,2,20.0,640,7.9,No,No,No
EMP10016,56,Female,IT,Software Engineer,3,Bachelor's,Married,Travel_Rarely,,9185,High,22.0,23274.0,2,,2.0,3.0,4.0,3,No,4.0,11,7,5,15,6.0,4,1,13.0,726,9.9,No,No,No
EMP10017,42,Male,Human Resources,HR Executive,1,Bachelor's,Married,Travel_Frequently,35.0,5077,Medium,79.0,23274.0,2,1.0,3.0,3.0,4.0,3,No,6.0,5,2,4,11,5.0,5,1,17.0,523,9.9,No,Yes,Yes
EMP10018,52,Female,Sales,Sales Executive,2,Bachelor's,Divorced,Travel_Rarely,28.0,8631,High,67.0,16220.0,4,3.0,,3.0,2.0,2,No,1.0,14,10,2,16,2.0,3,0,12.0,713,8.7,No,No,No
EMP10019,34,Female,Research & Development,Research Scientist,2,Master's,Divorced,Travel_Rarely,38.0,8899,High,99.0,8172.0,2,3.0,3.0,1.0,3.0,3,No,4.0,13,0,8,19,9.0,3,0,10.0,1390,8.4,No,No,No
EMP10020,58,Female,Operations,Operations Coordinator,2,Master's,Married,Non-Travel,23.0,6612,Medium,83.0,4417.0,2,2.0,3.0,4.0,2.0,3,No,4.0,2,2,2,8,2.0,0,0,18.0,446,9.2,No,No,No
EMP10021,48,Male,Operations,Operations Coordinator,4,Bachelor's,Married,Non-Travel,24.0,12748,Very High,86.0,8478.0,3,3.0,4.0,3.0,,3,Yes,6.0,13,11,12,17,7.0,0,0,11.0,403,7.4,Yes,No,No
EMP10022,38,Female,Sales,Sales Executive,2,Bachelor's,Single,Travel_Rarely,20.0,8360,High,98.0,19201.0,4,2.0,2.0,2.0,3.0,2,No,0.0,9,9,9,9,1.0,6,0,16.0,1466,7.8,No,No,No
EMP10023,23,Female,Operations,Operations Coordinator,3,Bachelor's,Married,Non-Travel,9.0,7948,High,29.0,14463.0,3,3.0,1.0,2.0,3.0,3,No,5.0,2,2,2,6,2.0,1,0,24.0,352,9.1,Yes,No,Yes
EMP10024,60,Male,Sales,Sales Executive,3,Bachelor's,Single,Travel_Rarely,36.0,7955,High,66.0,3179.0,1,4.0,2.0,1.0,3.0,3,Yes,5.0,0,0,0,0,0.0,5,2,20.0,1122,7.6,No,No,Yes
EMP10025,43,Male,Sales,Sales Executive,2,Bachelor's,Divorced,Travel_Frequently,10.0,8321,High,22.0,23137.0,4,,3.0,3.0,3.0,3,No,2.0,21,11,8,24,6.0,4,1,14.0,539,8.4,No,No,Yes
EMP10026,55,Female,IT,Software Engineer,4,Bachelor's,Single,Non-Travel,3.0,13329,Very High,50.0,24689.0,4,3.0,4.0,4.0,1.0,3,No,3.0,19,3,8,20,9.0,6,0,16.0,509,8.7,Yes,Yes,No
EMP10027,49,Female,Operations,Operations Coordinator,2,High School,Divorced,Travel_Frequently,5.0,5341,Medium,55.0,18392.0,2,4.0,4.0,3.0,1.0,3,No,0.0,0,0,0,0,0.0,4,0,14.0,459,8.3,No,No,Yes
EMP10028,38,Male,Sales,Sales Executive,2,Bachelor's,Married,Non-Travel,17.0,7691,High,37.0,22382.0,3,1.0,3.0,4.0,3.0,3,No,5.0,13,0,9,16,5.0,3,0,11.0,1407,10.0,No,No,No
EMP10029,45,Male,Research & Development,Research Scientist,4,Master's,Divorced,Travel_Frequently,33.0,11967,Very High,85.0,3892.0,3,4.0,3.0,3.0,1.0,4,No,4.0,16,7,11,18,9.0,3,1,12.0,1240,10.0,No,No,No
EMP10030,35,Male,Research & Development,Research Scientist,3,Master's,Married,Travel_Rarely,20.0,9494,High,92.0,12370.0,2,3.0,2.0,1.0,3.0,3,Yes,3.0,14,9,14,19,2.0,1,0,19.0,1048,10.2,No,No,No
EMP10031,47,Female,IT,Software Engineer,2,Bachelor's,Single,Travel_Rarely,3.0,6511,Medium,95.0,,3,3.0,4.0,3.0,2.0,3,No,3.0,2,0,2,6,2.0,0,0,16.0,1118,10.2,No,No,No
EMP10032,29,Male,Operations,Operations Coordinator,2,Bachelor's,Single,Non-Travel,14.0,7670,High,38.0,8481.0,3,3.0,2.0,3.0,2.0,3,Yes,4.0,8,8,7,9,8.0,0,0,22.0,1137,,No,No,No
EMP10033,39,Female,Sales,Sales Executive,3,Bachelor's,Married,Non-Travel,1.0,8585,High,36.0,22172.0,2,2.0,3.0,3.0,4.0,3,Yes,0.0,5,3,5,5,4.0,3,0,24.0,952,8.9,Yes,No,No
EMP10034,35,Female,Sales,Sales Executive,1,Master's,Married,Travel_Rarely,20.0,7238,High,44.0,21085.0,1,3.0,3.0,2.0,3.0,2,Yes,1.0,14,2,14,15,7.0,4,2,21.0,760,9.2,No,No,Yes
EMP10035,38,Male,Operations,Operations Coordinator,1,Bachelor's,Married,Travel_Rarely,38.0,7227,High,47.0,15526.0,2,,3.0,3.0,2.0,3,Yes,3.0,15,1,2,20,6.0,3,0,12.0,966,9.9,Yes,No,Yes
EMP10036,27,Female,Operations,Operations Coordinator,1,Bachelor's,Single,Non-Travel,32.0,5601,Medium,65.0,12203.0,3,3.0,2.0,3.0,3.0,4,No,6.0,6,6,6,13,3.0,5,0,22.0,441,7.8,No,No,No
EMP10037,37,Female,Human Resources,HR Executive,2,High School,Divorced,Travel_Rarely,7.0,6815,Medium,69.0,4361.0,3,2.0,,,4.0,3,Yes,1.0,3,3,2,4,3.0,6,0,13.0,867,8.3,No,No,Yes
EMP10038,41,Female,Operations,Operations Coordinator,2,Master's,Married,Non-Travel,1.0,8879,High,84.0,18890.0,2,3.0,3.0,4.0,3.0,3,Yes,1.0,20,11,8,27,8.0,4,0,10.0,833,9.2,No,No,No
EMP10039,43,Male,Human Resources,HR Executive,5,Bachelor's,Single,Travel_Rarely,10.0,14165,Very High,67.0,3978.0,3,4.0,3.0,3.0,3.0,4,No,3.0,22,10,3,25,6.0,0,0,21.0,620,8.5,No,No,No
EMP10040,25,Female,IT,Software Engineer,1,Bachelor's,Single,Travel_Rarely,37.0,6075,Medium,80.0,7294.0,3,3.0,3.0,4.0,1.0,3,No,3.0,4,1,4,4,4.0,3,0,13.0,590,10.4,No,No,No
EMP10041,55,Female,Research & Development,Research Scientist,1,Doctorate,Single,Travel_Rarely,17.0,7005,High,96.0,4280.0,3,4.0,3.0,3.0,4.0,3,Yes,2.0,8,2,4,9,5.0,6,0,19.0,1458,8.5,Yes,No,No
EMP10042,57,Female,Sales,Sales Executive,3,Bachelor's,Married,Travel_Frequently,14.0,10977,Very High,75.0,13228.0,3,1.0,3.0,3.0,1.0,3,No,6.0,18,2,0,20,9.0,1,0,16.0,1401,8.2,No,No,No
EMP10043,38,Male,Human Resources,HR Executive,4,Bachelor's,Single,Travel_Rarely,10.0,12522,Very High,50.0,19116.0,2,3.0,3.0,3.0,1.0,2,Yes,4.0,13,4,13,17,6.0,0,0,22.0,1331,7.5,Yes,No,No
EMP10044,25,Male,Research & Development,Research Scientist,5,Bachelor's,Single,Travel_Rarely,7.0,11529,Very High,67.0,8387.0,2,4.0,2.0,2.0,2.0,3,No,5.0,4,4,4,9,1.0,0,0,13.0,1420,8.1,No,No,No
EMP10045,32,Female,Operations,Operations Coordinator,3,Master's,Single,Travel_Rarely,13.0,9156,High,53.0,16226.0,2,2.0,3.0,3.0,2.0,3,Yes,5.0,10,10,10,13,6.0,4,0,18.0,1050,9.9,No,No,No
EMP10046,23,Male,IT,Software Engineer,2,Bachelor's,Married,Travel_Rarely,16.0,8313,High,29.0,24460.0,3,3.0,3.0,4.0,3.0,3,No,0.0,2,2,2,2,,5,1,13.0,734,10.0,Yes,Yes,No
EMP10047,31,Male,Operations,Operations Coordinator,2,Master's,Married,Non-Travel,40.0,6033,Medium,90.0,10578.0,2,3.0,3.0,2.0,2.0,4,No,,7,1,7,10,7.0,0,3,20.0,1299,8.4,No,No,No
EMP10048,53,Female,Research & Development,Research Scientist,2,Bachelor's,Single,Travel_Frequently,36.0,6337,Medium,97.0,10984.0,3,4.0,3.0,3.0,2.0,1,No,4.0,4,2,4,8,2.0,4,0,14.0,1110,8.2,No,No,No
EMP10049,38,Female,Finance,Financial Analyst,2,High School,Married,Travel_Rarely,26.0,7887,High,75.0,19547.0,4,3.0,2.0,2.0,3.0,3,No,3.0,17,9,14,21,1.0,2,0,15.0,269,7.1,No,No,Yes
EMP10050,26,Female,Research & Development,Research Scientist,1,Bachelor's,Single,Non-Travel,17.0,5218,Medium,40.0,19500.0,2,3.0,4.0,3.0,3.0,3,Yes,1.0,5,4,5,11,5.0,0,2,12.0,1221,9.3,No,No,Yes
EMP10051,34,Female,Sales,Sales Executive,1,Bachelor's,Married,Travel_Frequently,20.0,6025,Medium,33.0,17445.0,2,2.0,3.0,3.0,1.0,4,No,0.0,13,6,8,18,4.0,5,2,21.0,278,8.1,No,Yes,No
EMP10052,30,Female,Sales,Sales Executive,1,Bachelor's,Single,Non-Travel,15.0,5170,Medium,75.0,18997.0,2,3.0,3.0,2.0,4.0,4,No,0.0,2,2,2,5,2.0,2,0,16.0,950,8.2,Yes,No,No
EMP10053,51,Male,Sales,Sales Executive,4,High School,Married,Non-Travel,19.0,10643,Very High,70.0,23401.0,1,4.0,3.0,4.0,3.0,3,No,6.0,8,3,8,11,0.0,0,1,10.0,1033,9.4,No,No,No
EMP10054,59,Female,Sales,Sales Executive,2,Bachelor's,Single,Travel_Rarely,15.0,8513,High,21.0,4912.0,4,3.0,4.0,2.0,4.0,3,No,1.0,14,8,3,17,8.0,6,2,25.0,266,8.4,No,Yes,No
EMP10055,59,Female,IT,Software Engineer,4,Master's,Married,Non-Travel,9.0,11526,Very High,73.0,15359.0,1,4.0,4.0,3.0,2.0,4,No,2.0,9,8,7,15,9.0,1,0,18.0,1142,7.5,No,No,No
EMP10056,24,Female,Finance,Financial Analyst,3,High School,Single,Non-Travel,12.0,7662,High,41.0,4453.0,3,4.0,3.0,3.0,3.0,4,No,3.0,3,3,3,7,3.0,6,1,21.0,638,7.2,No,No,No
EMP10057,23,Female,Sales,Sales Executive,3,High School,Single,Non-Travel,26.0,9223,High,69.0,22769.0,4,3.0,2.0,3.0,3.0,2,Yes,0.0,2,2,2,2,2.0,5,1,15.0,687,9.9,Yes,No,Yes
EMP10058,48,Female,IT,Software Engineer,1,Master's,Married,Travel_Rarely,37.0,8403,High,53.0,20786.0,2,1.0,4.0,2.0,4.0,3,No,6.0,20,5,11,26,3.0,6,1,15.0,1315,10.3,No,No,No
EMP10059,47,Male,Sales,Sales Executive,1,Master's,Married,Travel_Rarely,26.0,5167,Medium,27.0,,2,3.0,3.0,3.0,,2,No,1.0,11,9,11,11,0.0,3,0,17.0,795,8.3,No,No,No
EMP10060,24,Male,Operations,Operations Coordinator,1,Master's,,Travel_Rarely,8.0,5846,Medium,43.0,14694.0,4,3.0,2.0,3.0,2.0,3,No,4.0,3,1,2,7,0.0,4,0,16.0,776,7.5,No,No,Yes
EMP10061,29,Female,Research & Development,Research Scientist,1,Bachelor's,Single,Travel_Rarely,3.0,5109,Medium,89.0,18445.0,3,4.0,3.0,2.0,3.0,3,Yes,3.0,8,4,8,9,6.0,6,0,15.0,574,9.5,No,No,Yes
EMP10062,45,Male,Human Resources,HR Executive,4,High School,Married,Non-Travel,5.0,9639,High,34.0,8879.0,3,2.0,2.0,4.0,4.0,3,No,1.0,4,4,4,4,,3,0,23.0,1466,10.3,No,No,No
EMP10063,44,Male,Sales,Sales Executive,3,Bachelor's,Married,Travel_Rarely,33.0,6577,Medium,22.0,22678.0,2,3.0,4.0,1.0,3.0,3,No,6.0,0,0,0,0,0.0,1,1,18.0,540,8.1,No,No,No
EMP10064,32,Male,Finance,Financial Analyst,1,Bachelor's,Married,Non-Travel,32.0,4093,Low,24.0,4106.0,4,2.0,3.0,4.0,3.0,2,No,5.0,6,6,6,10,2.0,6,0,10.0,644,7.9,No,No,No
EMP10065,58,Female,Sales,Sales Executive,1,Master's,Married,Travel_Rarely,40.0,5698,Medium,24.0,19753.0,3,2.0,4.0,4.0,2.0,3,No,6.0,6,1,6,13,5.0,2,1,14.0,1281,8.7,No,No,No
EMP10066,38,Female,Research & Development,Research Scientist,4,Master's,Married,Travel_Rarely,26.0,11088,Very High,31.0,4593.0,3,,4.0,4.0,2.0,3,No,,17,3,13,21,7.0,3,1,16.0,769,8.4,No,Yes,No
EMP10067,36,Female,Operations,Operations Coordinator,1,Master's,Single,Travel_Rarely,,5071,Medium,64.0,23346.0,2,4.0,2.0,3.0,2.0,3,Yes,0.0,0,0,0,7,0.0,2,1,11.0,153,8.5,No,No,No
EMP10068,34,Female,Research & Development,Research Scientist,3,Bachelor's,Single,Non-Travel,2.0,10053,Very High,85.0,17793.0,2,2.0,1.0,3.0,3.0,3,No,2.0,8,8,8,8,2.0,4,1,14.0,307,10.4,No,No,No
EMP10069,28,Male,Finance,Financial Analyst,2,Bachelor's,Divorced,Travel_Rarely,9.0,7221,High,55.0,17972.0,2,1.0,4.0,4.0,3.0,3,No,4.0,0,0,0,2,0.0,5,0,18.0,273,7.2,No,No,No
EMP10070,54,Female,Research & Development,Research Scientist,3,Bachelor's,Divorced,Travel_Frequently,14.0,10386,Very High,70.0,17086.0,4,4.0,2.0,,4.0,3,Yes,2.0,18,9,9,19,3.0,2,1,18.0,213,8.8,No,No,Yes
EMP10071,38,Male,Sales,Sales Executive,3,High School,Married,Non-Travel,39.0,9733,High,93.0,10329.0,1,4.0,3.0,3.0,2.0,3,No,4.0,17,1,5,17,1.0,1,1,25.0,1380,,No,No,No
EMP10072,53,Male,Operations,Operations Coordinator,3,Master's,Divorced,Travel_Rarely,37.0,7915,High,56.0,16139.0,1,4.0,3.0,4.0,3.0,4,No,5.0,0,0,0,0,0.0,4,1,11.0,685,10.2,No,No,No
EMP10073,25,Male,Human Resources,HR Executive,2,Bachelor's,Single,Non-Travel,17.0,7149,High,37.0,8517.0,2,3.0,2.0,3.0,4.0,2,No,2.0,4,4,4,7,2.0,6,1,15.0,1111,8.4,No,No,Yes
EMP10074,53,Female,Sales,Sales Executive,2,High School,Divorced,Travel_Rarely,34.0,9393,High,39.0,,3,4.0,3.0,4.0,2.0,3,No,5.0,22,5,12,26,1.0,4,0,22.0,1148,9.9,No,No,Yes
EMP10075,24,Female,Sales,Sales Executive,2,Bachelor's,Married,Travel_Rarely,10.0,4407,Low,56.0,7444.0,3,3.0,2.0,4.0,3.0,4,No,1.0,1,1,1,2,1.0,0,0,15.0,451,10.0,No,No,No
EMP10076,57,Female,Human Resources,HR Executive,2,High School,Single,Travel_Rarely,39.0,8952,High,60.0,10443.0,3,2.0,2.0,2.0,3.0,3,No,5.0,19,8,12,26,9.0,6,1,24.0,1238,7.1,Yes,No,No
EMP10077,37,Male,Human Resources,HR Executive,5,Bachelor's,Divorced,Travel_Rarely,25.0,12398,Very High,47.0,10033.0,4,2.0,3.0,3.0,3.0,1,No,3.0,10,8,3,11,4.0,2,0,22.0,929,7.9,No,No,No
EMP10078,38,Female,Research & Development,Research Scientist,2,High School,Divorced,Non-Travel,6.0,8101,High,77.0,18584.0,2,,3.0,3.0,3.0,3,No,1.0,17,3,11,23,6.0,3,1,24.0,1054,9.3,No,Yes,No
EMP10079,50,Female,Sales,Sales Executive,1,Bachelor's,Married,Travel_Rarely,34.0,6432,Medium,83.0,7213.0,3,2.0,3.0,3.0,2.0,1,No,6.0,9,7,7,11,4.0,4,2,10.0,459,9.1,No,No,Yes
EMP10080,40,Male,Human Resources,HR Executive,1,Bachelor's,Married,Non-Travel,5.0,6500,Medium,96.0,13921.0,4,3.0,3.0,4.0,3.0,3,Yes,2.0,12,2,2,14,8.0,5,0,21.0,144,10.0,No,No,No
EMP10081,25,Female,IT,Software Engineer,2,Master's,Single,Non-Travel,17.0,6605,Medium,47.0,11181.0,4,3.0,3.0,1.0,3.0,4,No,0.0,4,4,2,7,4.0,3,0,20.0,1213,9.9,No,No,No
EMP10082,56,Male,Human Resources,HR Executive,4,Bachelor's,Divorced,Non-Travel,21.0,11091,Very High,92.0,13848.0,3,3.0,2.0,3.0,2.0,3,Yes,2.0,13,10,6,16,5.0,3,3,11.0,927,7.2,No,No,No
EMP10083,35,Male,Finance,Financial Analyst,4,Bachelor's,Married,Travel_Frequently,24.0,10911,Very High,,11610.0,3,1.0,3.0,2.0,3.0,3,Yes,1.0,14,3,1,19,3.0,2,1,15.0,1256,7.8,No,No,No
EMP10084,45,Female,Research & Development,Research Scientist,2,Master's,Married,Travel_Rarely,35.0,6780,Medium,95.0,18730.0,2,3.0,1.0,2.0,3.0,3,No,3.0,10,4,8,14,9.0,2,2,12.0,1498,8.3,No,Yes,Yes
EMP10085,25,Female,Operations,Operations Coordinator,1,Master's,Single,Non-Travel,26.0,3033,Low,70.0,12080.0,1,4.0,2.0,1.0,2.0,2,No,3.0,0,0,0,0,0.0,4,0,21.0,812,9.1,No,Yes,No
EMP10086,40,Female,Sales,Sales Executive,2,Master's,Married,Non-Travel,25.0,8613,High,91.0,,2,4.0,3.0,4.0,3.0,3,No,6.0,19,7,9,25,1.0,5,1,13.0,1354,7.8,No,No,No
EMP10087,52,Male,Operations,Operations Coordinator,3,Master's,Single,Non-Travel,10.0,9926,High,24.0,18487.0,3,4.0,1.0,4.0,3.0,3,No,1.0,21,10,14,23,3.0,0,0,20.0,503,7.3,No,Yes,No
EMP10088,33,Male,IT,Software Engineer,3,Master's,Married,Travel_Rarely,8.0,9072,High,51.0,17914.0,2,2.0,1.0,4.0,2.0,3,No,5.0,12,6,3,19,4.0,0,1,25.0,753,7.7,No,No,Yes
EMP10089,53,Male,Finance,Financial Analyst,4,High School,Divorced,Travel_Frequently,22.0,8826,High,22.0,19431.0,4,3.0,3.0,3.0,4.0,2,Yes,5.0,2,2,2,8,2.0,2,0,23.0,366,8.0,No,No,Yes
EMP10090,41,Female,Operations,Operations Coordinator,1,Master's,Single,Travel_Rarely,4.0,7924,High,30.0,5468.0,3,3.0,2.0,3.0,1.0,2,No,5.0,20,6,4,20,4.0,0,0,17.0,172,8.2,No,No,No
EMP10091,27,Female,Finance,Financial Analyst,2,High School,Married,Travel_Frequently,28.0,6155,Medium,36.0,18608.0,3,2.0,1.0,3.0,4.0,4,Yes,2.0,0,0,0,4,0.0,2,0,21.0,461,7.7,No,Yes,Yes
EMP10092,38,Male,Sales,Sales Executive,4,Master's,Single,Travel_Rarely,10.0,12636,Very High,,22246.0,4,2.0,1.0,2.0,4.0,2,No,0.0,17,1,0,21,4.0,4,0,20.0,853,10.0,No,No,No
EMP10093,44,Female,Research & Development,Research Scientist,1,Bachelor's,Married,Travel_Frequently,15.0,4558,Medium,87.0,7667.0,2,4.0,4.0,1.0,4.0,2,No,4.0,6,4,4,10,3.0,2,0,22.0,491,8.3,No,No,No
EMP10094,39,Female,Human Resources,HR Executive,1,Bachelor's,Single,Travel_Rarely,28.0,5807,Medium,93.0,12186.0,1,3.0,3.0,1.0,4.0,3,No,5.0,7,3,7,14,0.0,1,0,20.0,1287,8.9,No,No,No
EMP10095,43,Male,IT,Software Engineer,5,Bachelor's,Single,Travel_Frequently,3.0,15051,Very High,65.0,4538.0,4,3.0,3.0,3.0,2.0,2,Yes,5.0,22,5,11,22,4.0,6,1,20.0,1022,9.4,No,No,No
EMP10096,45,Male,Research & Development,Research Scientist,1,Bachelor's,Single,Travel_Rarely,28.0,4817,Medium,72.0,11327.0,2,3.0,3.0,3.0,,3,Yes,4.0,10,2,6,17,5.0,5,0,21.0,680,8.6,No,No,No
EMP10097,45,Male,Human Resources,HR Executive,3,Bachelor's,Divorced,Non-Travel,8.0,9152,High,34.0,15988.0,3,3.0,2.0,2.0,4.0,3,No,5.0,1,0,1,2,1.0,6,2,17.0,325,9.8,No,No,Yes
EMP10098,60,Male,IT,Software Engineer,2,Bachelor's,Single,Non-Travel,35.0,8968,High,93.0,4157.0,3,3.0,2.0,2.0,3.0,3,No,0.0,14,3,9,16,1.0,3,1,20.0,555,9.5,Yes,Yes,No
EMP10099,35,Female,Finance,Financial Analyst,2,Bachelor's,Married,Travel_Rarely,24.0,9570,High,73.0,21826.0,3,4.0,3.0,4.0,,3,Yes,2.0,14,7,7,21,9.0,0,2,15.0,1287,10.4,No,No,No
EMP10100,37,Female,IT,Software Engineer,1,Master's,Married,Travel_Rarely,28.0,6343,Medium,43.0,11386.0,3,1.0,4.0,2.0,3.0,3,No,6.0,16,0,2,18,0.0,2,1,21.0,722,8.9,No,No,No
EMP10101,60,Male,Research & Development,Research Scientist,2,Bachelor's,Divorced,Travel_Frequently,32.0,7183,High,52.0,14296.0,1,4.0,2.0,4.0,4.0,3,No,4.0,13,9,3,16,8.0,5,0,17.0,300,8.4,Yes,No,No
EMP10102,43,Male,IT,Software Engineer,4,Bachelor's,Married,Travel_Rarely,6.0,9190,High,69.0,,3,3.0,2.0,,2.0,2,Yes,2.0,5,0,5,8,2.0,0,1,20.0,736,7.6,No,No,No
EMP10103,28,Female,Research & Development,Research Scientist,2,,Single,Travel_Rarely,9.0,7438,High,40.0,15033.0,1,2.0,2.0,1.0,2.0,3,No,6.0,0,0,0,5,0.0,1,0,11.0,1179,,Yes,No,Yes
EMP10104,58,Female,Research & Development,Research Scientist,3,Master's,Single,Travel_Rarely,21.0,8876,High,23.0,5280.0,1,1.0,3.0,4.0,4.0,3,No,3.0,8,8,4,9,0.0,0,1,20.0,664,9.4,No,No,Yes
EMP10105,34,Male,Sales,Sales Executive,2,Master's,Single,Travel_Frequently,20.0,8301,High,27.0,19417.0,2,1.0,2.0,4.0,4.0,1,Yes,4.0,13,7,3,18,1.0,3,1,17.0,930,9.8,Yes,No,Yes
EMP10106,52,Male,Operations,Operations Coordinator,2,High School,Married,Non-Travel,9.0,6005,Medium,35.0,16359.0,2,3.0,4.0,3.0,2.0,3,No,,3,3,3,4,1.0,6,1,15.0,634,9.1,No,No,No
EMP10107,56,Male,Human Resources,HR Executive,1,High School,,Non-Travel,,8492,High,84.0,16644.0,3,1.0,3.0,2.0,3.0,3,Yes,6.0,24,9,13,27,9.0,6,2,20.0,702,9.8,Yes,No,No
EMP10108,27,Male,IT,Software Engineer,1,Master's,Single,Non-Travel,15.0,4484,Low,50.0,23370.0,3,4.0,2.0,,,3,No,1.0,6,2,6,9,6.0,1,2,14.0,340,8.0,No,No,Yes
EMP10109,56,Female,Finance,Financial Analyst,5,Master's,Single,Non-Travel,11.0,16407,Very High,80.0,11548.0,2,4.0,1.0,3.0,3.0,3,No,1.0,15,11,7,18,2.0,1,2,,509,9.8,No,No,No
EMP10110,51,Male,Finance,Financial Analyst,1,Master's,Married,Travel_Rarely,31.0,5540,Medium,46.0,19150.0,4,2.0,4.0,3.0,4.0,3,No,4.0,0,0,0,2,0.0,6,0,19.0,937,8.8,No,No,No
EMP10111,40,Male,Research & Development,Research Scientist,1,Master's,Married,Travel_Rarely,12.0,5933,Medium,60.0,5897.0,1,3.0,4.0,3.0,3.0,2,No,5.0,17,1,12,23,8.0,3,0,20.0,226,7.3,No,Yes,No
EMP10112,39,Male,Research & Development,Research Scientist,2,Bachelor's,Divorced,Travel_Rarely,37.0,9577,High,81.0,23324.0,3,3.0,,2.0,4.0,4,No,1.0,18,7,6,18,3.0,5,0,11.0,1014,7.6,No,Yes,Yes
EMP10113,51,Male,Research & Development,Research Scientist,2,High School,Single,Non-Travel,,5450,Medium,72.0,24481.0,1,2.0,3.0,3.0,4.0,3,No,4.0,0,0,0,0,0.0,5,0,10.0,519,7.7,No,No,No
EMP10114,36,Female,Sales,Sales Executive,2,Bachelor's,Single,Travel_Frequently,16.0,6743,Medium,70.0,17557.0,2,3.0,3.0,4.0,3.0,2,Yes,4.0,15,5,12,16,3.0,3,1,22.0,685,8.5,No,No,Yes
EMP10115,37,Female,Research & Development,Research Scientist,2,Bachelor's,Single,Travel_Rarely,17.0,8215,High,49.0,19040.0,4,3.0,2.0,2.0,4.0,4,No,1.0,16,9,6,22,5.0,0,1,25.0,861,7.5,No,No,No
EMP10116,58,Male,IT,Software Engineer,1,Master's,Married,Travel_Frequently,2.0,6735,Medium,57.0,13932.0,4,2.0,4.0,3.0,3.0,3,No,0.0,10,6,7,16,8.0,4,1,22.0,842,7.0,No,No,No
EMP10117,31,Female,Finance,Financial Analyst,4,Master's,Divorced,Non-Travel,24.0,12152,Very High,20.0,14101.0,3,4.0,3.0,3.0,4.0,3,No,5.0,10,9,8,13,7.0,2,2,23.0,230,9.7,No,No,Yes
EMP10118,58,Male,Research & Development,Research Scientist,1,Bachelor's,Single,Travel_Frequently,27.0,5750,Medium,70.0,,3,4.0,4.0,4.0,1.0,3,No,5.0,11,5,4,15,8.0,0,3,20.0,917,7.3,No,No,No
EMP10119,50,Female,Research & Development,Research Scientist,2,Master's,Married,Travel_Rarely,38.0,7829,High,53.0,23062.0,3,1.0,2.0,4.0,2.0,4,Yes,4.0,9,3,9,12,3.0,6,3,17.0,905,8.6,No,No,No
EMP10120,49,Female,IT,Software Engineer,4,High School,Divorced,Travel_Rarely,21.0,13381,Very High,28.0,17975.0,3,3.0,2.0,4.0,3.0,3,No,,19,2,12,24,7.0,3,1,24.0,1051,8.5,Yes,No,No
EMP10121,60,Male,Human Resources,HR Executive,1,Master's,Single,Travel_Rarely,17.0,4736,Medium,96.0,3507.0,4,2.0,3.0,2.0,2.0,2,No,2.0,5,5,5,10,5.0,6,0,19.0,128,8.5,No,Yes,Yes
EMP10122,56,Female,Operations,Operations Coordinator,3,Master's,Married,Travel_Rarely,16.0,10098,Very High,26.0,19925.0,3,3.0,1.0,4.0,3.0,3,No,0.0,15,0,0,15,7.0,6,1,21.0,1451,9.3,No,Yes,Yes
EMP10123,25,Male,Sales,Sales Executive,2,Master's,Divorced,Travel_Rarely,25.0,6776,Medium,50.0,9016.0,4,3.0,3.0,2.0,3.0,3,No,4.0,4,4,0,6,4.0,3,1,16.0,355,9.0,No,No,No
EMP10124,49,Female,Finance,Financial Analyst,3,Master's,Married,Non-Travel,18.0,9728,High,49.0,5218.0,2,1.0,3.0,4.0,1.0,4,No,4.0,1,1,1,1,1.0,5,1,23.0,352,7.9,No,No,No
EMP10125,56,Female,IT,Software Engineer,2,Bachelor's,Single,Non-Travel,32.0,7613,High,71.0,17440.0,2,3.0,3.0,2.0,4.0,2,Yes,4.0,12,8,2,15,1.0,3,0,13.0,230,9.6,No,No,Yes
EMP10126,48,Female,Human Resources,HR Executive,5,Master's,Single,Travel_Rarely,26.0,9248,High,37.0,13151.0,3,3.0,4.0,1.0,4.0,1,Yes,6.0,4,4,4,8,4.0,5,0,15.0,546,8.7,No,No,No
EMP10127,48,Male,Human Resources,HR Executive,2,Bachelor's,,Travel_Rarely,19.0,9170,High,82.0,10592.0,4,,2.0,2.0,3.0,4,No,3.0,19,9,3,19,4.0,5,1,24.0,185,8.3,No,No,No
EMP10128,49,Male,Operations,Operations Coordinator,2,Bachelor's,Single,Non-Travel,20.0,7508,High,68.0,18859.0,3,3.0,4.0,3.0,3.0,3,No,5.0,9,3,9,10,0.0,6,0,24.0,1487,8.7,Yes,No,No
EMP10129,26,Male,Sales,Sales Executive,2,Bachelor's,Married,Travel_Frequently,14.0,5583,Medium,68.0,19054.0,3,2.0,2.0,,4.0,3,No,5.0,5,5,5,12,5.0,2,1,16.0,257,8.0,No,No,No
EMP10130,26,Female,Sales,Sales Executive,1,Bachelor's,Single,Travel_Rarely,27.0,5152,Medium,65.0,17994.0,3,3.0,3.0,2.0,3.0,3,No,6.0,5,3,5,8,3.0,0,0,14.0,837,8.1,No,No,No
EMP10131,25,Female,Research & Development,Research Scientist,3,Bachelor's,Single,Non-Travel,13.0,7753,High,91.0,23346.0,1,3.0,3.0,,3.0,3,No,3.0,4,4,1,6,3.0,2,1,16.0,330,8.7,Yes,Yes,No
EMP10132,28,Female,Sales,Sales Executive,2,Bachelor's,Married,Travel_Rarely,16.0,8796,High,57.0,20690.0,1,3.0,2.0,4.0,2.0,3,No,4.0,7,0,7,11,1.0,0,1,15.0,946,9.9,Yes,No,No
EMP10133,52,Male,Research & Development,Research Scientist,1,Bachelor's,Married,Non-Travel,26.0,6899,Medium,50.0,22024.0,2,4.0,3.0,4.0,2.0,3,Yes,1.0,18,5,9,22,9.0,4,1,14.0,130,7.8,No,No,No
EMP10134,60,Male,Human Resources,HR Executive,2,Master's,Single,Travel_Frequently,20.0,10584,Very High,36.0,4126.0,3,3.0,3.0,3.0,3.0,3,Yes,1.0,19,3,13,19,5.0,2,1,17.0,898,9.1,Yes,No,No
EMP10135,60,Male,Research & Development,Research Scientist,4,Bachelor's,Single,Travel_Rarely,12.0,12803,Very High,76.0,20164.0,3,2.0,3.0,3.0,1.0,3,No,5.0,20,11,3,26,1.0,6,1,16.0,230,,No,No,No
EMP10136,60,Male,Sales,Sales Executive,5,Bachelor's,Divorced,Travel_Rarely,29.0,14462,Very High,24.0,15542.0,2,3.0,3.0,3.0,2.0,3,No,3.0,14,1,8,16,7.0,3,1,13.0,1445,8.9,No,No,No
EMP10137,58,Female,Research & Development,Research Scientist,4,Bachelor's,Divorced,Travel_Rarely,35.0,10355,Very High,74.0,6848.0,2,,3.0,3.0,4.0,3,No,4.0,6,1,5,8,6.0,5,2,24.0,886,7.5,No,No,No
EMP10138,35,Female,IT,Software Engineer,1,Master's,Married,Travel_Rarely,5.0,6568,Medium,97.0,24939.0,3,3.0,3.0,4.0,4.0,3,No,1.0,14,1,12,20,1.0,4,1,25.0,771,8.0,No,No,No
EMP10139,23,Male,IT,Software Engineer,3,Master's,Married,Non-Travel,,8626,High,80.0,20673.0,1,2.0,1.0,3.0,3.0,3,Yes,0.0,2,2,1,9,2.0,2,0,,885,8.2,No,No,Yes
EMP10140,25,Male,Finance,Financial Analyst,2,Bachelor's,Single,Travel_Rarely,16.0,5084,Medium,79.0,21544.0,3,3.0,3.0,2.0,3.0,3,No,6.0,4,3,4,4,4.0,5,1,15.0,1037,8.1,No,Yes,No
EMP10141,40,Female,Research & Development,Research Scientist,3,Bachelor's,Married,Travel_Rarely,18.0,11119,Very High,86.0,7301.0,3,,3.0,4.0,3.0,3,Yes,2.0,17,3,0,23,2.0,0,2,20.0,432,7.7,No,No,No
EMP10142,58,Female,Operations,Operations Coordinator,2,Master's,Single,Non-Travel,23.0,9124,High,99.0,10709.0,4,3.0,2.0,4.0,3.0,3,Yes,1.0,22,9,5,23,7.0,4,2,18.0,1067,7.8,No,No,Yes
EMP10143,28,Female,Sales,Sales Executive,1,Bachelor's,Married,Non-Travel,7.0,6316,Medium,27.0,4531.0,2,2.0,3.0,4.0,2.0,3,Yes,0.0,7,7,6,7,4.0,2,2,,1090,7.1,No,No,Yes
EMP10144,34,Male,Human Resources,HR Executive,1,Bachelor's,Divorced,Travel_Frequently,26.0,6409,Medium,55.0,16573.0,3,2.0,3.0,1.0,2.0,3,No,1.0,13,7,11,18,5.0,1,1,21.0,1262,10.3,No,No,Yes
EMP10145,25,Male,Sales,Sales Executive,5,,Married,Travel_Rarely,19.0,12666,Very High,29.0,14743.0,4,2.0,2.0,2.0,3.0,3,Yes,6.0,4,4,4,8,4.0,1,0,12.0,682,7.6,No,No,Yes
EMP10146,35,Male,Finance,Financial Analyst,2,High School,Married,Non-Travel,16.0,8597,High,86.0,24169.0,3,3.0,3.0,3.0,1.0,3,No,2.0,13,4,2,20,0.0,2,0,12.0,679,8.9,Yes,No,No
EMP10147,25,Female,Operations,Operations Coordinator,2,Master's,Married,Travel_Rarely,14.0,5142,Medium,91.0,12520.0,1,2.0,2.0,3.0,3.0,3,No,5.0,0,0,0,5,0.0,1,0,23.0,1055,7.9,No,No,No
EMP10148,38,Female,Sales,Sales Executive,3,Master's,Married,Non-Travel,28.0,7930,High,36.0,11846.0,1,3.0,3.0,2.0,3.0,3,No,5.0,11,5,2,14,3.0,4,1,16.0,874,8.6,No,No,No
EMP10149,32,Female,Research & Development,Research Scientist,2,Doctorate,Married,Non-Travel,23.0,5756,Medium,92.0,12554.0,3,4.0,4.0,3.0,4.0,2,Yes,0.0,11,10,1,17,3.0,2,1,14.0,411,,No,No,No
EMP10150,22,Female,Finance,Financial Analyst,2,High School,Single,Non-Travel,3.0,6402,Medium,33.0,5251.0,2,2.0,3.0,1.0,2.0,3,No,5.0,1,1,0,2,1.0,2,2,,489,9.6,No,No,No
EMP10151,46,Female,Human Resources,HR Executive,2,High School,Single,Travel_Rarely,21.0,4471,Low,78.0,22320.0,4,2.0,4.0,4.0,4.0,3,No,0.0,0,0,0,5,0.0,6,1,25.0,316,7.2,No,No,No
EMP10152,52,Female,Operations,Operations Coordinator,2,Master's,Married,Non-Travel,1.0,7754,High,21.0,11780.0,4,3.0,1.0,2.0,3.0,2,No,6.0,15,5,13,16,8.0,5,3,25.0,1203,9.6,No,Yes,No
EMP10153,41,Male,Research & Development,Research Scientist,4,Doctorate,Single,Travel_Rarely,25.0,11332,Very High,59.0,9487.0,3,4.0,3.0,4.0,3.0,2,No,6.0,20,3,6,21,6.0,2,3,13.0,1409,9.5,No,No,No
EMP10154,22,Male,Human Resources,HR Executive,1,Bachelor's,Single,Non-Travel,1.0,5011,Medium,33.0,10889.0,4,1.0,4.0,3.0,4.0,2,Yes,,1,1,0,4,,6,1,24.0,225,,No,No,Yes
EMP10155,33,Female,IT,Software Engineer,1,Master's,Divorced,Travel_Rarely,38.0,5841,Medium,34.0,13721.0,1,1.0,3.0,3.0,3.0,3,Yes,6.0,3,3,3,9,3.0,6,0,19.0,450,8.0,Yes,No,No
EMP10156,52,Male,Research & Development,Research Scientist,3,Master's,Single,Travel_Rarely,6.0,8768,High,34.0,9404.0,3,3.0,2.0,1.0,2.0,3,Yes,1.0,8,8,6,15,0.0,6,1,20.0,871,10.3,No,No,No
EMP10157,30,Male,IT,Software Engineer,3,Master's,Divorced,Travel_Frequently,6.0,9578,High,21.0,21822.0,4,4.0,4.0,2.0,2.0,3,Yes,0.0,7,7,6,10,1.0,2,1,20.0,1219,7.9,No,No,Yes
EMP10158,30,Male,Research & Development,Research Scientist,2,Bachelor's,Single,Non-Travel,18.0,6793,Medium,,19798.0,2,3.0,2.0,3.0,3.0,2,Yes,0.0,9,2,4,14,2.0,5,3,21.0,1465,8.4,No,No,Yes
EMP10159,44,Female,Operations,Operations Coordinator,2,Bachelor's,Single,Travel_Rarely,37.0,6545,Medium,44.0,24627.0,3,3.0,3.0,2.0,3.0,3,No,5.0,4,4,1,4,4.0,4,0,20.0,1031,10.4,No,No,No
EMP10160,35,Male,Finance,Financial Analyst,1,Master's,Single,Non-Travel,7.0,4200,Low,85.0,24471.0,2,3.0,2.0,3.0,3.0,3,No,4.0,2,2,2,8,2.0,6,2,22.0,401,8.1,No,No,No
EMP10161,38,Male,Research & Development,Research Scientist,1,High School,Married,Travel_Frequently,25.0,4688,Medium,93.0,21831.0,3,,1.0,3.0,3.0,3,Yes,6.0,11,11,11,16,8.0,4,3,24.0,108,7.4,No,No,Yes
EMP10162,34,Female,IT,Software Engineer,2,Master's,Married,Non-Travel,,8716,High,62.0,10335.0,4,2.0,2.0,3.0,3.0,3,No,3.0,13,3,9,20,4.0,2,0,21.0,1001,10.0,No,No,Yes
EMP10163,49,Male,Human Resources,HR Executive,2,Doctorate,Married,Travel_Rarely,32.0,8084,High,48.0,9137.0,2,2.0,3.0,1.0,3.0,3,No,0.0,16,2,6,22,6.0,6,0,20.0,841,7.6,No,No,No
EMP10164,41,Female,Sales,Sales Executive,2,Master's,Married,Travel_Frequently,13.0,8496,High,66.0,3116.0,4,4.0,2.0,2.0,3.0,3,No,4.0,11,6,11,15,7.0,2,1,19.0,242,7.8,No,No,No
EMP10165,56,Female,IT,Software Engineer,4,Master's,Married,Travel_Frequently,32.0,12440,Very High,31.0,14980.0,3,2.0,3.0,3.0,3.0,2,No,6.0,21,7,6,28,9.0,0,0,10.0,892,8.9,No,No,No
EMP10166,41,Female,Research & Development,Research Scientist,3,Bachelor's,Single,Travel_Frequently,27.0,7388,High,81.0,6543.0,4,3.0,4.0,2.0,4.0,4,Yes,5.0,4,4,4,7,1.0,0,0,16.0,983,10.3,No,No,No
EMP10167,44,Female,Sales,Sales Executive,3,Master's,Married,Non-Travel,30.0,11371,Very High,20.0,8256.0,2,4.0,3.0,3.0,3.0,2,No,5.0,17,1,7,22,1.0,5,1,10.0,281,8.4,No,No,No
EMP10168,53,Female,Operations,Operations Coordinator,1,Bachelor's,Single,Travel_Rarely,28.0,6675,Medium,65.0,14262.0,3,3.0,1.0,4.0,4.0,3,No,2.0,8,7,8,10,2.0,6,0,12.0,426,9.5,No,No,No
EMP10169,48,Female,Operations,Operations Coordinator,2,High School,Divorced,Travel_Frequently,38.0,8897,High,78.0,7330.0,1,3.0,2.0,4.0,1.0,3,No,4.0,20,2,6,22,6.0,1,1,10.0,688,9.6,No,No,No
EMP10170,55,Female,Human Resources,HR Executive,3,Bachelor's,Married,Travel_Rarely,14.0,10534,Very High,48.0,9495.0,4,2.0,3.0,2.0,1.0,3,No,3.0,16,5,11,23,3.0,0,1,17.0,1414,10.2,No,No,Yes
EMP10171,22,Female,Finance,Financial Analyst,1,Master's,Single,Non-Travel,24.0,4343,Low,56.0,21401.0,3,2.0,4.0,2.0,3.0,3,No,2.0,1,1,1,5,1.0,6,2,11.0,801,7.3,No,No,Yes
EMP10172,39,Male,Finance,Financial Analyst,4,Bachelor's,Single,Travel_Frequently,35.0,12426,Very High,83.0,18584.0,4,3.0,3.0,3.0,2.0,3,No,2.0,18,11,10,18,8.0,2,0,12.0,484,7.4,Yes,No,No
EMP10173,32,Female,IT,Software Engineer,1,Bachelor's,Divorced,Travel_Rarely,35.0,5693,Medium,85.0,3583.0,2,1.0,3.0,3.0,3.0,2,Yes,0.0,11,11,11,16,7.0,1,2,15.0,308,10.2,No,No,No
EMP10174,26,Male,Operations,Operations Coordinator,2,Bachelor's,Single,Travel_Rarely,36.0,7361,High,92.0,6086.0,3,3.0,3.0,1.0,2.0,3,Yes,4.0,5,0,5,10,0.0,3,2,20.0,697,8.3,Yes,No,No
EMP10175,58,Male,Sales,Sales Executive,1,Bachelor's,Married,Travel_Rarely,15.0,3986,Low,33.0,3256.0,3,3.0,3.0,3.0,3.0,4,No,1.0,7,1,4,13,6.0,2,0,22.0,1132,9.9,No,No,No
EMP10176,29,Male,Sales,Sales Executive,1,Bachelor's,Married,Travel_Rarely,37.0,6943,Medium,29.0,13036.0,3,3.0,3.0,2.0,3.0,3,No,3.0,8,8,8,11,8.0,4,0,13.0,742,9.4,No,No,No
EMP10177,52,Male,IT,Software Engineer,4,Doctorate,Married,Travel_Rarely,2.0,12071,Very High,73.0,16505.0,4,2.0,2.0,4.0,4.0,3,No,2.0,13,11,13,16,9.0,5,1,14.0,921,10.4,No,No,No
EMP10178,42,Female,Human Resources,HR Executive,2,Bachelor's,Married,Travel_Frequently,24.0,5922,Medium,21.0,3160.0,4,3.0,1.0,3.0,4.0,3,No,5.0,5,4,5,10,,5,0,20.0,819,10.3,No,No,Yes
EMP10179,53,Male,IT,Software Engineer,1,Bachelor's,Married,Travel_Rarely,19.0,6405,Medium,77.0,4804.0,3,2.0,3.0,3.0,2.0,3,No,3.0,19,4,9,21,6.0,5,2,16.0,1108,10.3,No,No,Yes
EMP10180,42,Male,Sales,Sales Executive,1,Bachelor's,Divorced,Travel_Rarely,27.0,5036,Medium,29.0,5170.0,1,3.0,3.0,2.0,2.0,1,No,6.0,0,0,0,1,0.0,0,1,24.0,185,7.2,No,No,No
EMP10181,47,Female,Research & Development,Research Scientist,1,Master's,Single,Non-Travel,8.0,7085,High,80.0,23902.0,4,4.0,3.0,3.0,2.0,3,No,0.0,13,3,0,19,3.0,6,3,13.0,1413,7.4,No,No,No
EMP10182,33,Male,Operations,Operations Coordinator,1,Bachelor's,Divorced,Non-Travel,10.0,4667,Medium,36.0,5125.0,4,1.0,2.0,3.0,1.0,2,No,2.0,5,5,3,11,5.0,2,0,12.0,438,7.6,Yes,No,No
EMP10183,50,Female,IT,Software Engineer,3,Bachelor's,Single,Travel_Rarely,40.0,9085,High,73.0,24866.0,3,,2.0,3.0,3.0,4,Yes,0.0,1,0,1,6,1.0,1,1,18.0,140,9.7,No,No,No
EMP10184,42,Female,Research & Development,Research Scientist,1,Bachelor's,Single,Travel_Rarely,20.0,8739,High,64.0,7984.0,3,2.0,4.0,2.0,2.0,1,No,1.0,21,1,8,23,1.0,4,2,22.0,752,8.4,No,No,No
EMP10185,30,Female,IT,Software Engineer,1,Bachelor's,Single,Non-Travel,6.0,5834,Medium,53.0,4455.0,3,2.0,3.0,2.0,2.0,2,Yes,6.0,7,1,7,9,3.0,2,1,18.0,903,8.0,No,No,Yes
EMP10186,22,Male,Operations,Operations Coordinator,2,Master's,Divorced,Travel_Frequently,20.0,7460,High,36.0,5211.0,1,4.0,1.0,3.0,3.0,3,No,5.0,1,1,1,5,1.0,4,0,25.0,1196,8.1,No,No,No
EMP10187,23,Female,Human Resources,HR Executive,2,Master's,Married,Travel_Rarely,2.0,7428,High,44.0,13675.0,2,3.0,4.0,3.0,2.0,4,No,3.0,2,2,2,7,2.0,3,1,18.0,919,8.4,No,No,No
EMP10188,34,Female,IT,Software Engineer,1,Doctorate,Married,Travel_Rarely,28.0,6354,Medium,43.0,23374.0,3,3.0,3.0,2.0,2.0,3,No,1.0,10,4,0,17,4.0,4,1,11.0,189,9.3,No,No,No
EMP10189,57,Male,Human Resources,HR Executive,2,Bachelor's,Married,Non-Travel,26.0,9116,High,91.0,8121.0,3,1.0,2.0,3.0,2.0,3,No,4.0,17,9,11,19,4.0,2,0,15.0,112,9.9,No,No,Yes
EMP10190,48,Male,Human Resources,HR Executive,4,Bachelor's,Single,Travel_Rarely,14.0,11348,Very High,75.0,10828.0,3,2.0,3.0,2.0,3.0,4,Yes,5.0,10,7,9,10,6.0,4,1,21.0,1234,7.2,No,No,No
EMP10191,31,Female,Operations,Operations Coordinator,2,Bachelor's,Married,Travel_Frequently,15.0,8607,High,84.0,5156.0,3,4.0,3.0,3.0,3.0,3,No,6.0,10,8,10,13,2.0,3,0,15.0,461,8.9,No,No,No
EMP10192,26,Male,Human Resources,HR Executive,3,Master's,Married,Travel_Rarely,32.0,7107,High,44.0,9925.0,1,3.0,2.0,1.0,1.0,3,No,0.0,3,3,3,3,2.0,5,0,22.0,1215,10.2,Yes,No,No
EMP10193,29,Male,Research & Development,Research Scientist,3,Bachelor's,Married,Non-Travel,40.0,9104,High,57.0,12519.0,3,3.0,3.0,3.0,3.0,3,No,0.0,4,3,4,6,3.0,6,0,,909,7.4,No,No,No
EMP10194,32,Male,Finance,Financial Analyst,1,Master's,Divorced,Travel_Frequently,25.0,5826,Medium,20.0,17678.0,3,3.0,3.0,2.0,2.0,2,Yes,3.0,11,9,10,12,3.0,3,0,25.0,735,7.9,No,No,No
EMP10195,22,Female,Human Resources,HR Executive,2,Bachelor's,Divorced,Travel_Rarely,7.0,5085,Medium,35.0,21855.0,3,3.0,3.0,4.0,2.0,3,Yes,6.0,1,1,1,8,1.0,5,2,16.0,319,8.1,Yes,No,Yes
EMP10196,35,Male,Human Resources,HR Executive,2,High School,Single,Travel_Rarely,24.0,8524,High,44.0,24643.0,4,2.0,3.0,1.0,3.0,3,No,6.0,8,8,8,14,7.0,6,1,23.0,1458,10.2,No,No,No
EMP10197,35,Female,Research & Development,Research Scientist,2,High School,Married,Travel_Frequently,3.0,8090,High,,11310.0,3,3.0,3.0,2.0,2.0,3,Yes,1.0,14,9,10,20,2.0,0,2,24.0,1120,8.2,No,No,Yes
EMP10198,31,Male,Human Resources,HR Executive,2,Master's,Married,Travel_Rarely,13.0,8293,High,54.0,11130.0,4,3.0,3.0,3.0,4.0,2,No,1.0,10,6,10,16,9.0,4,1,16.0,1164,7.8,Yes,No,No
EMP10199,46,Female,Human Resources,HR Executive,3,Bachelor's,Single,Non-Travel,1.0,9124,High,51.0,5555.0,4,3.0,3.0,,3.0,3,Yes,4.0,6,6,6,9,1.0,3,0,14.0,651,8.4,No,No,No
EMP10200,50,Female,IT,Software Engineer,1,Bachelor's,Single,Travel_Rarely,32.0,4194,Low,37.0,16989.0,3,3.0,3.0,4.0,2.0,3,No,0.0,2,2,2,2,2.0,2,1,19.0,964,8.6,No,No,Yes
EMP10201,52,Male,Sales,Sales Executive,2,Master's,Married,Non-Travel,2.0,6538,Medium,33.0,17455.0,3,3.0,2.0,4.0,3.0,3,No,4.0,0,0,0,5,0.0,3,3,25.0,377,7.0,No,No,No
EMP10202,38,Female,Operations,Operations Coordinator,2,High School,Married,Travel_Rarely,20.0,6360,Medium,66.0,18721.0,3,2.0,1.0,2.0,4.0,4,Yes,5.0,9,8,1,16,3.0,0,0,19.0,1371,8.5,No,Yes,Yes
EMP10203,44,Female,Human Resources,HR Executive,3,Bachelor's,Divorced,Travel_Frequently,9.0,10019,Very High,98.0,21786.0,3,3.0,,4.0,3.0,3,No,2.0,19,4,14,21,,1,1,15.0,601,7.9,No,No,No
EMP10204,60,Male,Human Resources,HR Executive,3,Bachelor's,Married,Travel_Rarely,2.0,8034,High,34.0,24560.0,3,3.0,3.0,3.0,2.0,4,Yes,1.0,16,6,11,20,4.0,4,1,21.0,529,8.5,No,No,No
EMP10205,59,Male,Finance,Financial Analyst,2,Master's,Married,Travel_Rarely,16.0,6963,Medium,73.0,11710.0,2,2.0,2.0,1.0,4.0,2,No,0.0,11,0,3,12,7.0,5,1,13.0,1412,9.3,No,No,No
EMP10206,44,Male,IT,Software Engineer,1,Bachelor's,Single,Non-Travel,27.0,7541,High,79.0,23238.0,4,3.0,4.0,3.0,3.0,2,No,1.0,15,11,2,19,0.0,5,2,18.0,276,9.6,No,Yes,No
EMP10207,39,Female,Human Resources,HR Executive,4,Bachelor's,Married,Non-Travel,30.0,13122,Very High,74.0,23398.0,3,,2.0,1.0,4.0,4,No,6.0,18,0,14,20,3.0,6,2,16.0,239,7.6,Yes,No,No
EMP10208,57,Male,Research & Development,Research Scientist,1,Master's,Single,Travel_Frequently,27.0,7414,High,75.0,6595.0,3,2.0,3.0,3.0,,2,No,2.0,19,9,0,19,7.0,4,1,25.0,1492,8.7,Yes,No,No
EMP10209,38,Male,Finance,Financial Analyst,1,Bachelor's,Married,Non-Travel,2.0,8142,High,68.0,20594.0,3,3.0,3.0,2.0,4.0,3,No,0.0,16,6,2,20,0.0,4,0,20.0,367,7.2,No,No,No
EMP10210,22,Male,Research & Development,Research Scientist,1,Bachelor's,Single,Non-Travel,16.0,5586,Medium,70.0,5397.0,3,4.0,2.0,2.0,3.0,3,No,1.0,1,1,1,6,1.0,4,0,15.0,326,9.4,Yes,Yes,No
EMP10211,39,Female,Finance,Financial Analyst,5,High School,Divorced,Travel_Frequently,19.0,13201,Very High,75.0,12943.0,3,3.0,4.0,3.0,3.0,2,No,0.0,7,1,7,12,6.0,5,0,25.0,1010,8.0,No,No,No
EMP10212,34,Male,Finance,Financial Analyst,3,Bachelor's,Married,Travel_Rarely,7.0,8740,High,47.0,24875.0,2,3.0,3.0,2.0,4.0,3,Yes,0.0,3,3,3,7,1.0,2,0,25.0,1280,10.2,No,No,No
EMP10213,51,Male,Sales,Sales Executive,1,Bachelor's,Married,Travel_Rarely,27.0,6690,Medium,41.0,21024.0,3,2.0,3.0,4.0,2.0,4,No,1.0,10,3,10,17,9.0,1,0,18.0,279,9.9,No,No,Yes
EMP10214,40,Female,Finance,Financial Analyst,5,Bachelor's,Divorced,Non-Travel,9.0,14399,Very High,50.0,21565.0,4,2.0,1.0,3.0,4.0,3,Yes,3.0,18,2,6,25,3.0,2,2,21.0,128,10.2,No,No,Yes
EMP10215,25,Male,Research & Development,Research Scientist,2,Bachelor's,Single,Travel_Rarely,23.0,6388,Medium,37.0,23054.0,4,3.0,3.0,3.0,3.0,3,No,1.0,4,4,1,10,4.0,2,2,23.0,662,9.1,No,No,Yes
EMP10216,28,Male,Sales,Sales Executive,1,High School,Married,Non-Travel,24.0,5187,Medium,46.0,7237.0,2,3.0,3.0,3.0,4.0,3,No,4.0,7,7,4,13,7.0,3,1,,807,9.1,Yes,No,Yes
EMP10217,45,Male,Sales,Sales Executive,1,Bachelor's,Married,Travel_Frequently,37.0,6836,Medium,35.0,5127.0,3,2.0,4.0,3.0,2.0,3,No,5.0,19,4,14,20,5.0,5,1,18.0,363,10.4,No,No,No
EMP10218,22,Male,Research & Development,Research Scientist,2,Master's,Single,Non-Travel,9.0,7095,High,86.0,7111.0,2,4.0,3.0,2.0,4.0,2,Yes,6.0,1,1,1,7,1.0,2,0,10.0,133,7.1,No,No,Yes
EMP10219,56,Male,Human Resources,HR Executive,2,Bachelor's,Single,Travel_Rarely,32.0,8915,High,24.0,19839.0,3,3.0,1.0,3.0,3.0,4,Yes,5.0,9,8,1,15,8.0,1,0,21.0,520,8.4,No,Yes,Yes
EMP10220,42,Male,Operations,Operations Coordinator,2,Master's,Married,Travel_Rarely,,7784,High,34.0,6355.0,4,3.0,3.0,1.0,2.0,3,No,1.0,14,9,12,15,0.0,5,2,21.0,724,8.4,No,No,No
EMP10221,36,Female,Research & Development,Research Scientist,4,,Married,Travel_Rarely,13.0,12213,Very High,80.0,22585.0,3,2.0,3.0,3.0,2.0,3,No,6.0,13,4,4,18,1.0,5,0,21.0,148,9.4,No,No,No
EMP10222,30,Female,Sales,Sales Executive,2,Master's,Married,,15.0,6547,Medium,59.0,13712.0,4,3.0,2.0,1.0,3.0,3,Yes,0.0,6,5,0,10,6.0,3,1,13.0,730,,No,No,No
EMP10223,33,Male,Research & Development,Research Scientist,2,High School,Single,Travel_Rarely,20.0,7409,High,27.0,24038.0,3,4.0,3.0,4.0,4.0,3,Yes,1.0,12,8,8,19,4.0,3,2,17.0,351,7.7,No,No,No
EMP10224,31,Male,Research & Development,Research Scientist,4,Bachelor's,Single,Travel_Rarely,20.0,11555,Very High,23.0,11768.0,4,3.0,3.0,2.0,2.0,3,No,3.0,10,9,8,14,2.0,5,1,13.0,1441,7.4,No,No,No
EMP10225,31,Female,Research & Development,Research Scientist,5,Master's,Married,Travel_Frequently,18.0,12590,Very High,44.0,10683.0,3,3.0,3.0,3.0,3.0,3,No,4.0,7,5,7,12,5.0,5,0,14.0,1470,10.0,No,No,Yes
EMP10226,42,Female,Sales,Sales Executive,3,Bachelor's,Single,Travel_Rarely,19.0,10103,Very High,98.0,22136.0,3,4.0,3.0,3.0,3.0,3,No,5.0,19,8,3,24,6.0,3,3,12.0,675,10.3,Yes,No,No
EMP10227,48,Female,Human Resources,HR Executive,4,Bachelor's,Married,Travel_Rarely,8.0,12681,Very High,90.0,17133.0,3,2.0,3.0,3.0,2.0,2,No,4.0,21,9,9,26,0.0,3,2,17.0,1014,9.4,No,No,No
EMP10228,58,Female,Research & Development,Research Scientist,2,Master's,Single,Travel_Rarely,34.0,7969,High,89.0,9301.0,4,3.0,3.0,3.0,1.0,2,Yes,1.0,10,10,1,11,0.0,4,0,16.0,782,10.3,No,No,Yes
EMP10229,41,Female,Research & Development,Research Scientist,2,Master's,Single,Travel_Frequently,29.0,6943,Medium,90.0,,4,4.0,2.0,2.0,2.0,3,Yes,0.0,6,2,4,8,6.0,3,3,24.0,1108,8.5,No,No,Yes
EMP10230,27,Male,Research & Development,Research Scientist,2,Bachelor's,Single,Non-Travel,8.0,7346,High,99.0,6035.0,4,3.0,2.0,2.0,1.0,2,No,5.0,6,6,1,10,6.0,4,0,24.0,702,7.0,No,No,No
EMP10231,36,Male,Finance,Financial Analyst,1,Bachelor's,Single,Travel_Rarely,12.0,5767,Medium,87.0,11628.0,1,2.0,2.0,3.0,4.0,1,No,6.0,10,2,7,17,3.0,4,3,11.0,1200,8.7,No,No,Yes
EMP10232,49,Male,Operations,Operations Coordinator,2,High School,Single,Travel_Frequently,3.0,8562,High,22.0,14547.0,3,1.0,3.0,2.0,2.0,2,No,5.0,10,4,10,12,2.0,5,0,17.0,1170,8.0,No,No,No
EMP10233,27,Female,IT,Software Engineer,2,Bachelor's,Divorced,Travel_Rarely,22.0,8358,High,93.0,14976.0,1,3.0,4.0,3.0,1.0,3,Yes,5.0,6,6,6,8,4.0,2,0,13.0,565,7.0,No,No,No
EMP10234,48,Female,IT,Software Engineer,1,Bachelor's,Married,Travel_Rarely,2.0,5292,Medium,66.0,5458.0,4,3.0,4.0,3.0,1.0,3,No,0.0,6,4,6,7,0.0,6,0,24.0,496,9.9,No,No,Yes
EMP10235,32,Female,Human Resources,HR Executive,1,Bachelor's,Married,Non-Travel,20.0,5352,Medium,33.0,21733.0,3,3.0,2.0,3.0,4.0,3,No,6.0,7,7,0,7,4.0,6,0,14.0,1495,7.9,No,No,No
EMP10236,52,Female,Operations,Operations Coordinator,2,Bachelor's,Single,Non-Travel,6.0,7882,High,72.0,18079.0,3,1.0,1.0,3.0,3.0,4,Yes,6.0,8,5,1,14,7.0,4,1,25.0,1261,8.6,No,No,Yes
EMP10237,26,Female,Human Resources,HR Executive,1,Master's,Married,Non-Travel,39.0,5634,Medium,79.0,23594.0,2,1.0,3.0,3.0,2.0,3,No,3.0,2,2,2,9,1.0,2,0,10.0,838,8.2,Yes,No,No
EMP10238,30,Female,Research & Development,Research Scientist,2,Bachelor's,Married,Non-Travel,8.0,8133,High,96.0,3520.0,3,3.0,3.0,3.0,2.0,1,Yes,3.0,9,2,5,16,5.0,2,1,17.0,936,7.1,No,No,No
EMP10239,24,Female,IT,Software Engineer,2,Master's,Married,Travel_Rarely,10.0,5796,Medium,29.0,19630.0,3,3.0,1.0,3.0,4.0,4,No,0.0,2,2,2,5,2.0,5,1,12.0,1211,8.1,No,No,No
EMP10240,31,Male,Human Resources,HR Executive,3,Bachelor's,Divorced,Non-Travel,28.0,9898,High,65.0,13967.0,4,3.0,2.0,3.0,4.0,3,Yes,0.0,10,4,10,15,9.0,4,1,25.0,428,9.1,No,No,No
EMP10241,57,Female,Finance,Financial Analyst,3,Master's,Married,Non-Travel,32.0,7015,High,23.0,20485.0,3,3.0,4.0,2.0,1.0,3,Yes,2.0,0,0,0,6,0.0,3,1,12.0,1420,10.1,Yes,No,No
EMP10242,27,Male,Research & Development,Research Scientist,3,Master's,Single,Travel_Rarely,15.0,10308,Very High,51.0,17483.0,3,3.0,4.0,2.0,3.0,3,Yes,2.0,6,6,0,9,2.0,6,1,25.0,275,7.4,No,No,No
EMP10243,22,Female,Sales,Sales Executive,5,Master's,,Travel_Rarely,12.0,12067,Very High,51.0,15587.0,3,3.0,4.0,1.0,2.0,3,No,,1,1,1,3,1.0,3,0,21.0,385,7.2,No,No,No
EMP10244,57,Female,IT,Software Engineer,3,Master's,Divorced,Travel_Frequently,4.0,9619,High,65.0,19172.0,3,3.0,3.0,3.0,2.0,3,No,1.0,12,3,12,18,3.0,2,2,10.0,466,7.5,No,No,No
EMP10245,35,Female,Sales,Sales Executive,2,Bachelor's,Married,Non-Travel,33.0,7030,High,86.0,12702.0,2,,4.0,1.0,3.0,3,Yes,0.0,6,6,6,10,2.0,1,0,15.0,1317,7.0,No,No,No
EMP10246,41,Male,Sales,Sales Executive,5,Bachelor's,Single,Travel_Rarely,26.0,15382,Very High,90.0,21408.0,3,2.0,2.0,3.0,1.0,3,Yes,0.0,20,7,2,20,2.0,0,0,21.0,765,10.0,Yes,No,No
EMP10247,49,Male,Research & Development,Research Scientist,1,Bachelor's,Married,Travel_Rarely,29.0,6284,Medium,61.0,6486.0,2,3.0,4.0,3.0,1.0,3,No,0.0,16,9,1,16,4.0,0,0,16.0,247,8.6,No,Yes,Yes
EMP10248,47,Female,Finance,Financial Analyst,1,Bachelor's,Single,Travel_Rarely,17.0,7513,High,78.0,9261.0,1,2.0,3.0,2.0,3.0,3,Yes,5.0,22,10,12,27,8.0,5,0,19.0,135,8.8,No,No,No
EMP10249,59,Male,Research & Development,Research Scientist,3,Bachelor's,Divorced,Travel_Rarely,21.0,11722,Very High,79.0,18302.0,2,3.0,3.0,3.0,3.0,3,Yes,5.0,19,4,3,19,9.0,2,1,19.0,1431,10.5,No,No,No
EMP10250,54,Male,Research & Development,Research Scientist,2,Bachelor's,Single,Travel_Rarely,30.0,10185,Very High,86.0,3978.0,2,3.0,1.0,4.0,1.0,3,No,4.0,22,8,2,22,1.0,6,0,25.0,1338,9.9,No,No,Yes
EMP10251,51,Female,Sales,Sales Executive,3,Master's,Divorced,Non-Travel,15.0,10003,Very High,,9964.0,3,4.0,3.0,3.0,3.0,3,Yes,1.0,9,9,3,9,1.0,6,2,23.0,721,10.3,No,No,Yes
EMP10252,24,Male,Sales,Sales Executive,4,High School,Married,Travel_Rarely,16.0,9807,High,22.0,3600.0,2,3.0,3.0,2.0,2.0,4,Yes,1.0,3,3,3,10,3.0,3,2,24.0,1084,7.3,No,No,Yes
EMP10253,25,Female,Human Resources,HR Executive,3,Bachelor's,Married,Non-Travel,17.0,9018,High,91.0,9992.0,2,3.0,4.0,3.0,2.0,3,No,6.0,4,4,4,8,0.0,0,2,12.0,1141,9.2,No,Yes,Yes
EMP10254,36,Female,Human Resources,HR Executive,5,Master's,Single,Travel_Rarely,13.0,14057,Very High,31.0,10805.0,3,3.0,1.0,4.0,2.0,3,Yes,3.0,15,11,8,19,1.0,6,0,14.0,1499,10.3,No,No,Yes
EMP10255,35,Male,Sales,Sales Executive,1,High School,Married,Non-Travel,16.0,3875,Low,27.0,18152.0,3,3.0,3.0,3.0,4.0,3,No,6.0,0,0,0,7,0.0,4,1,19.0,419,8.6,No,No,No
EMP10256,39,Male,IT,Software Engineer,1,Master's,Single,Travel_Frequently,16.0,6292,Medium,47.0,24851.0,4,4.0,,3.0,2.0,1,Yes,1.0,15,4,12,21,4.0,0,0,22.0,173,8.9,Yes,Yes,No
EMP10257,46,Male,Research & Development,Research Scientist,4,High School,Single,Travel_Rarely,21.0,11392,Very High,77.0,6440.0,3,3.0,2.0,3.0,3.0,4,Yes,,13,10,4,18,9.0,4,2,21.0,227,9.1,No,No,No
EMP10258,50,Male,Operations,Operations Coordinator,1,Bachelor's,Divorced,Non-Travel,20.0,5404,Medium,67.0,22245.0,3,1.0,2.0,2.0,2.0,2,No,6.0,7,4,2,10,7.0,0,1,12.0,482,8.8,No,No,No
EMP10259,55,Female,Research & Development,Research Scientist,2,Master's,Married,Travel_Frequently,24.0,4231,Low,,6569.0,3,3.0,2.0,3.0,2.0,3,Yes,2.0,3,3,2,4,3.0,0,1,21.0,509,8.9,No,Yes,No
EMP10260,27,Female,IT,Software Engineer,1,Master's,Single,Travel_Rarely,24.0,3793,Low,20.0,9459.0,4,3.0,4.0,4.0,3.0,3,No,5.0,5,1,5,9,5.0,1,0,22.0,133,7.9,No,No,No
EMP10261,49,Male,Research & Development,Research Scientist,2,Doctorate,Single,Non-Travel,9.0,5538,Medium,59.0,17063.0,3,2.0,4.0,4.0,4.0,1,No,4.0,2,0,0,9,1.0,1,0,21.0,303,7.0,No,No,No
EMP10262,27,Female,Research & Development,Research Scientist,1,Master's,Married,Non-Travel,26.0,4711,Medium,70.0,9028.0,2,4.0,4.0,4.0,3.0,3,Yes,6.0,1,1,1,5,1.0,2,1,13.0,447,7.1,Yes,No,No
EMP10263,36,Female,IT,Software Engineer,2,Doctorate,Single,Travel_Rarely,35.0,10304,Very High,86.0,23359.0,4,2.0,4.0,3.0,4.0,3,Yes,5.0,15,7,6,22,0.0,5,0,12.0,1169,7.9,No,No,No
EMP10264,47,Female,Research & Development,Research Scientist,4,Master's,Married,Travel_Rarely,16.0,11148,Very High,66.0,22515.0,3,2.0,3.0,3.0,3.0,3,No,3.0,1,1,1,2,1.0,0,2,24.0,290,8.4,Yes,No,Yes
EMP10265,46,Male,Finance,Financial Analyst,2,High School,Married,Travel_Rarely,33.0,5439,Medium,78.0,22562.0,3,2.0,3.0,2.0,4.0,3,No,4.0,0,0,0,0,,6,0,25.0,139,9.1,No,No,Yes
EMP10266,59,Male,Human Resources,HR Executive,2,Bachelor's,Single,Travel_Rarely,34.0,8704,High,71.0,15013.0,3,4.0,4.0,2.0,1.0,3,No,4.0,7,1,4,12,1.0,6,0,12.0,976,10.3,No,No,No
EMP10267,58,Male,IT,Software Engineer,3,Bachelor's,Single,,26.0,10356,Very High,,9108.0,2,3.0,3.0,3.0,2.0,3,No,1.0,21,9,9,24,8.0,3,0,22.0,1411,9.2,No,No,No
EMP10268,36,Female,Research & Development,Research Scientist,1,High School,Married,Travel_Frequently,17.0,3799,Low,32.0,14359.0,4,3.0,1.0,4.0,2.0,3,Yes,6.0,12,3,0,19,6.0,4,0,18.0,1222,7.2,No,No,No
EMP10269,23,Female,Sales,Sales Executive,4,Doctorate,Single,Travel_Rarely,3.0,9075,High,89.0,12212.0,3,3.0,3.0,3.0,3.0,3,No,4.0,2,2,2,7,2.0,4,0,10.0,1134,9.2,No,No,No
EMP10270,41,Female,Research & Development,Research Scientist,4,Bachelor's,Single,Non-Travel,21.0,13295,Very High,65.0,4370.0,3,,3.0,3.0,1.0,4,No,3.0,20,11,0,24,8.0,4,1,18.0,722,9.1,No,No,No
EMP10271,56,Female,IT,Software Engineer,4,Master's,Married,Travel_Rarely,21.0,13583,Very High,50.0,3726.0,3,1.0,3.0,4.0,3.0,4,No,2.0,24,8,12,27,9.0,1,0,23.0,867,7.1,No,No,No
EMP10272,44,Female,IT,Software Engineer,2,Master's,Married,Travel_Rarely,,9267,High,56.0,3752.0,2,3.0,2.0,3.0,4.0,3,No,5.0,12,5,12,16,5.0,0,1,14.0,530,7.6,Yes,No,No
EMP10273,53,Female,Research & Development,Research Scientist,1,Bachelor's,Single,Non-Travel,38.0,3949,Low,94.0,18980.0,2,2.0,3.0,1.0,3.0,3,No,6.0,2,2,2,4,0.0,5,3,21.0,253,9.9,No,Yes,No
EMP10274,48,Male,IT,Software Engineer,1,Doctorate,Married,Travel_Rarely,,8090,High,64.0,7925.0,3,2.0,4.0,3.0,3.0,3,No,4.0,22,6,0,22,3.0,3,1,15.0,917,9.1,No,No,No
EMP10275,45,Male,Research & Development,Research Scientist,4,Master's,Married,Travel_Rarely,,10338,Very High,64.0,14276.0,3,3.0,1.0,2.0,3.0,2,No,6.0,2,2,2,3,2.0,5,1,19.0,474,8.0,No,No,No
EMP10276,52,Female,Sales,Sales Executive,2,Master's,Married,Travel_Rarely,32.0,8269,High,71.0,22084.0,1,3.0,3.0,1.0,,3,No,,12,5,0,17,1.0,1,0,19.0,761,7.5,No,No,Yes
EMP10277,36,Female,Sales,Sales Executive,1,High School,Single,,6.0,4853,Medium,91.0,7235.0,4,2.0,3.0,3.0,3.0,3,No,6.0,11,1,10,18,2.0,0,2,24.0,665,8.3,No,No,No
EMP10278,53,Female,Operations,Operations Coordinator,4,High School,Married,Travel_Rarely,12.0,12418,Very High,69.0,17163.0,2,3.0,3.0,4.0,4.0,4,No,4.0,19,6,3,19,6.0,1,0,25.0,830,8.2,No,No,No
EMP10279,50,Female,Operations,Operations Coordinator,4,High School,Married,Travel_Rarely,18.0,9919,High,67.0,23986.0,3,3.0,3.0,3.0,2.0,3,No,2.0,13,3,9,16,2.0,5,1,10.0,337,8.1,No,No,No
EMP10280,46,Female,Research & Development,Research Scientist,4,Master's,Married,Non-Travel,,11390,Very High,89.0,17286.0,3,2.0,3.0,2.0,1.0,3,Yes,6.0,9,0,1,11,2.0,1,0,22.0,826,9.2,No,No,Yes
EMP10281,38,Male,Human Resources,HR Executive,1,Master's,Married,Travel_Rarely,23.0,6534,Medium,89.0,3873.0,3,2.0,4.0,,3.0,3,Yes,5.0,11,11,7,15,9.0,2,0,14.0,748,9.4,No,No,Yes
EMP10282,32,Male,Operations,Operations Coordinator,2,High School,Married,Travel_Rarely,36.0,6362,Medium,53.0,17247.0,3,2.0,3.0,4.0,3.0,3,No,5.0,3,3,3,8,3.0,5,0,20.0,1001,8.9,No,No,Yes
EMP10283,58,Female,Sales,Sales Executive,4,Master's,Single,Non-Travel,,9413,High,39.0,4501.0,3,3.0,3.0,3.0,4.0,2,No,4.0,2,2,1,7,2.0,3,2,10.0,811,10.5,No,No,No
EMP10284,29,Male,Finance,Financial Analyst,1,Bachelor's,Married,Non-Travel,22.0,4055,Low,83.0,6178.0,2,4.0,2.0,3.0,3.0,2,Yes,,0,0,0,3,0.0,1,0,14.0,1139,8.1,No,No,No
EMP10285,23,Male,Human Resources,HR Executive,1,Master's,Married,Travel_Frequently,7.0,5154,Medium,95.0,3838.0,3,3.0,3.0,3.0,4.0,3,No,1.0,2,1,2,7,2.0,2,0,24.0,1142,9.4,No,No,No
EMP10286,29,Female,IT,Software Engineer,4,High School,Married,Travel_Rarely,4.0,10377,Very High,49.0,12476.0,3,3.0,3.0,1.0,3.0,3,No,5.0,8,8,8,9,2.0,2,0,18.0,1389,9.6,No,No,Yes
EMP10287,40,Male,Sales,Sales Executive,3,Doctorate,Single,Non-Travel,9.0,9198,High,40.0,7173.0,3,3.0,4.0,3.0,2.0,3,No,6.0,12,1,6,14,6.0,1,0,20.0,1242,7.9,No,Yes,No
EMP10288,24,Female,Research & Development,Research Scientist,3,Bachelor's,Single,Travel_Rarely,21.0,7456,High,28.0,4021.0,3,3.0,1.0,3.0,3.0,3,No,1.0,3,1,3,6,3.0,4,0,25.0,362,7.5,No,No,No
EMP10289,58,Male,Human Resources,HR Executive,2,Bachelor's,Single,Travel_Rarely,6.0,9076,High,20.0,13467.0,4,3.0,2.0,3.0,3.0,3,No,3.0,16,0,0,20,4.0,1,1,11.0,740,7.1,No,No,No
EMP10290,27,Female,Operations,Operations Coordinator,2,Bachelor's,Single,Travel_Rarely,32.0,6061,Medium,35.0,15674.0,4,3.0,3.0,4.0,3.0,3,No,6.0,6,6,6,13,2.0,0,0,17.0,585,9.1,No,No,No
EMP10291,55,Female,Human Resources,HR Executive,4,,Married,Travel_Frequently,11.0,10579,Very High,26.0,24183.0,4,2.0,1.0,3.0,4.0,3,No,6.0,11,6,2,15,4.0,5,0,21.0,1187,7.7,No,No,No
EMP10292,27,Male,IT,Software Engineer,3,Master's,Married,Travel_Rarely,7.0,8168,High,83.0,24333.0,2,3.0,2.0,4.0,3.0,4,No,2.0,6,6,6,7,6.0,1,2,14.0,529,8.8,Yes,No,No
EMP10293,35,Female,Sales,Sales Executive,4,Master's,Married,Non-Travel,34.0,11876,Very High,47.0,6925.0,3,2.0,3.0,3.0,3.0,3,No,0.0,9,9,4,10,3.0,1,1,14.0,352,8.0,No,Yes,Yes
EMP10294,56,Male,IT,Software Engineer,4,,Single,Travel_Rarely,31.0,11943,Very High,98.0,4321.0,3,1.0,3.0,3.0,1.0,1,Yes,1.0,23,7,5,29,4.0,2,2,15.0,1243,,Yes,No,Yes
EMP10295,22,Male,Research & Development,Research Scientist,1,Bachelor's,Married,Travel_Rarely,18.0,5924,Medium,56.0,6978.0,3,3.0,4.0,4.0,3.0,3,Yes,0.0,1,1,1,6,1.0,6,1,20.0,142,7.6,Yes,Yes,No
EMP10296,41,Male,Sales,Sales Executive,3,Doctorate,Married,Non-Travel,31.0,10013,Very High,79.0,6482.0,3,2.0,3.0,1.0,1.0,3,No,3.0,15,6,3,18,3.0,4,0,23.0,1362,8.0,No,No,No
EMP10297,54,Female,Research & Development,Research Scientist,4,Bachelor's,Married,Travel_Rarely,5.0,12049,Very High,30.0,,2,3.0,4.0,3.0,,2,No,3.0,15,8,13,15,8.0,2,0,18.0,1452,7.1,No,No,Yes
EMP10298,45,Male,IT,Software Engineer,2,Doctorate,Married,Travel_Rarely,39.0,9038,High,91.0,7206.0,3,1.0,3.0,2.0,1.0,3,No,1.0,19,9,1,26,0.0,1,1,22.0,674,10.2,No,No,No
EMP10299,43,Female,Operations,Operations Coordinator,3,High School,Divorced,Travel_Rarely,1.0,8312,High,34.0,21907.0,3,3.0,,3.0,2.0,3,Yes,5.0,2,2,2,3,2.0,3,1,22.0,445,9.4,No,No,No
EMP10300,40,Female,Finance,Financial Analyst,1,Bachelor's,Single,Non-Travel,25.0,6088,Medium,61.0,20882.0,3,3.0,,4.0,3.0,1,No,4.0,14,0,10,15,7.0,5,0,11.0,226,7.8,Yes,No,Yes
EMP10301,60,Male,Research & Development,Research Scientist,1,Bachelor's,Single,Travel_Rarely,29.0,5258,Medium,90.0,19737.0,1,3.0,3.0,3.0,2.0,3,No,4.0,9,6,6,10,0.0,0,2,23.0,1381,7.6,No,No,No
EMP10302,29,Male,Research & Development,Research Scientist,1,Master's,Single,Travel_Rarely,9.0,5305,Medium,44.0,9990.0,3,3.0,3.0,3.0,1.0,4,No,0.0,8,8,8,10,8.0,6,0,22.0,111,9.4,Yes,Yes,No
EMP10303,36,Female,Operations,Operations Coordinator,3,Bachelor's,Single,Travel_Rarely,11.0,9469,High,27.0,18053.0,2,,3.0,3.0,1.0,2,Yes,3.0,9,2,4,11,6.0,4,0,22.0,1340,7.1,Yes,No,No
EMP10304,49,Male,IT,Software Engineer,2,Bachelor's,Married,Travel_Rarely,19.0,9674,High,44.0,3197.0,3,4.0,4.0,3.0,3.0,3,No,,12,9,5,12,8.0,0,3,17.0,1104,7.8,No,No,No
EMP10305,34,Male,Research & Development,Research Scientist,2,Master's,Married,Travel_Rarely,27.0,7815,High,90.0,22254.0,3,3.0,3.0,3.0,2.0,4,No,4.0,13,8,8,14,8.0,1,1,17.0,1374,,No,No,No
EMP10306,40,Male,Research & Development,Research Scientist,2,Master's,Married,Travel_Rarely,34.0,6258,Medium,25.0,14539.0,4,4.0,3.0,2.0,3.0,3,Yes,2.0,5,0,4,10,2.0,4,0,10.0,1002,9.9,No,No,No
EMP10307,22,Male,Operations,Operations Coordinator,1,Bachelor's,Married,Travel_Rarely,37.0,4603,Medium,26.0,18758.0,3,3.0,1.0,2.0,4.0,4,No,3.0,1,1,1,7,1.0,1,2,12.0,1011,8.3,No,No,Yes
EMP10308,35,Male,Finance,Financial Analyst,1,Bachelor's,Married,Non-Travel,22.0,6179,Medium,46.0,9264.0,3,4.0,3.0,2.0,4.0,3,No,1.0,14,4,0,20,1.0,2,1,11.0,1293,9.1,No,No,No
EMP10309,39,Female,IT,Software Engineer,4,Bachelor's,Married,Travel_Rarely,15.0,13466,Very High,80.0,9144.0,3,2.0,1.0,3.0,3.0,3,Yes,1.0,15,10,9,20,9.0,4,0,22.0,1275,7.9,No,No,No
EMP10310,53,Male,Operations,Operations Coordinator,5,Master's,Single,Travel_Rarely,28.0,13761,Very High,,23827.0,2,1.0,3.0,4.0,3.0,3,Yes,0.0,21,7,13,21,9.0,6,2,11.0,1038,10.3,Yes,No,No
EMP10311,38,Female,Research & Development,Research Scientist,2,Bachelor's,Single,Travel_Rarely,16.0,6497,Medium,58.0,8858.0,3,3.0,3.0,3.0,3.0,3,No,4.0,2,2,2,4,2.0,2,0,,454,7.8,No,No,No
EMP10312,27,Female,Sales,Sales Executive,2,Master's,Married,Non-Travel,27.0,6391,Medium,23.0,12273.0,2,4.0,3.0,3.0,,3,No,,5,5,5,5,5.0,5,0,14.0,484,9.3,No,No,Yes
EMP10313,57,Female,Research & Development,Research Scientist,2,High School,Married,Travel_Rarely,30.0,9798,High,27.0,17578.0,2,3.0,4.0,2.0,3.0,3,No,2.0,24,2,3,25,6.0,5,0,21.0,393,10.4,No,No,No
EMP10314,32,Male,Research & Development,Research Scientist,3,Doctorate,,Travel_Rarely,1.0,11522,Very High,73.0,,3,3.0,2.0,3.0,2.0,1,No,6.0,11,9,11,18,4.0,0,0,16.0,1145,7.9,No,No,No
EMP10315,28,Male,Operations,Operations Coordinator,2,Bachelor's,Married,Travel_Rarely,30.0,7591,High,59.0,23886.0,2,4.0,3.0,4.0,2.0,3,No,3.0,7,7,4,12,1.0,3,0,18.0,624,10.1,No,No,No
EMP10316,59,Male,Research & Development,Research Scientist,2,Master's,Married,Non-Travel,4.0,6093,Medium,97.0,7131.0,2,4.0,1.0,1.0,2.0,2,No,5.0,8,5,8,14,6.0,2,1,18.0,684,8.4,No,No,No
EMP10317,47,Female,Finance,Financial Analyst,4,Bachelor's,Single,Travel_Rarely,10.0,11542,Very High,67.0,4020.0,1,3.0,1.0,3.0,3.0,4,Yes,,15,6,1,18,9.0,6,1,13.0,1001,7.3,No,No,No
EMP10318,31,Female,Finance,Financial Analyst,4,Master's,Single,Non-Travel,16.0,11294,Very High,91.0,15105.0,3,3.0,4.0,1.0,3.0,3,No,1.0,10,8,10,10,7.0,4,2,16.0,1348,8.5,No,No,No
EMP10319,39,Male,IT,Software Engineer,1,Doctorate,Married,Travel_Rarely,35.0,6538,Medium,99.0,12367.0,3,2.0,,3.0,3.0,3,No,4.0,15,4,13,22,1.0,5,1,24.0,195,9.7,No,No,Yes
EMP10320,31,Female,Research & Development,Research Scientist,1,High School,Married,Non-Travel,2.0,4399,Low,31.0,20570.0,4,2.0,3.0,3.0,4.0,3,No,3.0,3,3,3,4,3.0,2,1,14.0,1017,7.6,No,No,No
EMP10321,57,Male,Finance,Financial Analyst,4,Bachelor's,Divorced,Travel_Frequently,12.0,11865,Very High,75.0,8476.0,3,3.0,4.0,4.0,2.0,3,No,3.0,21,9,3,28,6.0,3,0,19.0,658,8.1,No,No,No
EMP10322,43,Male,Operations,Operations Coordinator,3,Master's,Married,Non-Travel,32.0,8134,High,32.0,12834.0,3,3.0,4.0,3.0,3.0,3,No,6.0,10,5,2,15,6.0,2,0,23.0,671,9.6,No,No,No
EMP10323,31,Male,Human Resources,HR Executive,2,Master's,Married,Travel_Frequently,10.0,7027,High,79.0,7259.0,3,3.0,2.0,3.0,2.0,2,No,2.0,6,4,6,7,4.0,2,0,14.0,128,9.3,No,No,Yes
EMP10324,39,Female,Sales,Sales Executive,4,Master's,Married,Travel_Rarely,35.0,9260,High,60.0,16252.0,4,4.0,4.0,3.0,2.0,2,No,2.0,6,0,6,12,6.0,3,0,17.0,470,8.9,No,No,No
EMP10325,38,Male,Operations,Operations Coordinator,1,Bachelor's,Married,Travel_Rarely,29.0,4023,Low,32.0,23694.0,3,3.0,4.0,3.0,2.0,2,No,1.0,5,2,5,12,3.0,2,1,13.0,1442,7.6,No,No,Yes
EMP10326,24,Female,Finance,Financial Analyst,3,Bachelor's,Married,Travel_Rarely,27.0,9117,High,36.0,24911.0,2,1.0,3.0,1.0,,3,Yes,1.0,3,2,3,3,0.0,5,0,21.0,751,9.6,No,No,Yes
EMP10327,40,Female,Sales,Sales Executive,3,Bachelor's,Married,Travel_Rarely,6.0,10124,Very High,37.0,15727.0,3,3.0,3.0,4.0,2.0,3,Yes,5.0,13,9,6,15,5.0,4,2,19.0,405,9.7,No,No,No
EMP10328,25,Male,Research & Development,Research Scientist,1,Bachelor's,Married,Travel_Frequently,28.0,6884,Medium,48.0,20070.0,3,3.0,4.0,3.0,4.0,2,No,,4,0,4,9,2.0,4,1,23.0,646,8.1,No,No,No
EMP10329,57,Male,Research & Development,Research Scientist,1,Master's,Married,Travel_Frequently,5.0,4535,Medium,62.0,9062.0,1,3.0,2.0,2.0,1.0,3,No,6.0,3,2,3,5,3.0,2,1,19.0,988,8.3,No,No,Yes
EMP10330,52,Female,Operations,Operations Coordinator,1,Bachelor's,Married,Travel_Rarely,36.0,6579,Medium,49.0,18143.0,3,1.0,3.0,2.0,4.0,3,No,6.0,20,2,0,21,3.0,6,0,11.0,1205,10.5,No,No,Yes
EMP10331,39,Male,Research & Development,Research Scientist,1,Bachelor's,Single,Travel_Frequently,7.0,4806,Medium,32.0,4213.0,2,3.0,2.0,3.0,2.0,3,Yes,0.0,9,5,0,9,6.0,6,0,22.0,270,9.7,No,No,Yes
EMP10332,55,Female,IT,Software Engineer,2,Master's,Single,Travel_Rarely,5.0,9058,High,21.0,23168.0,2,4.0,3.0,3.0,2.0,3,Yes,2.0,6,1,6,8,6.0,4,2,16.0,853,9.5,Yes,No,No
EMP10333,24,Male,IT,Software Engineer,1,Master's,Single,Travel_Rarely,28.0,5318,Medium,91.0,11553.0,4,4.0,3.0,3.0,2.0,3,No,4.0,3,3,3,5,0.0,1,1,21.0,219,8.4,No,No,Yes
EMP10334,49,Male,Research & Development,Research Scientist,1,,Divorced,Travel_Rarely,3.0,7793,High,29.0,13144.0,4,4.0,2.0,2.0,4.0,4,No,6.0,22,8,0,22,5.0,6,0,24.0,1362,10.3,No,No,No
EMP10335,22,Female,Sales,Sales Executive,1,Master's,Divorced,Travel_Rarely,14.0,4430,Low,79.0,4268.0,4,1.0,3.0,4.0,,3,Yes,4.0,1,1,1,1,1.0,2,1,10.0,339,10.0,No,No,Yes
EMP10336,33,Male,Finance,Financial Analyst,4,Master's,Single,Travel_Frequently,7.0,11177,Very High,78.0,,2,2.0,2.0,2.0,4.0,1,No,4.0,10,10,10,13,9.0,6,0,20.0,1096,10.3,No,No,No
EMP10337,22,Female,Research & Development,Research Scientist,2,Bachelor's,Single,Non-Travel,35.0,6137,Medium,76.0,19111.0,4,3.0,3.0,3.0,4.0,3,No,3.0,1,1,1,5,1.0,6,2,20.0,1423,10.1,No,No,No
EMP10338,23,Female,Finance,Financial Analyst,2,Bachelor's,Married,Travel_Frequently,22.0,8547,High,43.0,22967.0,1,3.0,3.0,1.0,3.0,4,Yes,2.0,2,2,2,5,2.0,2,1,13.0,1141,10.2,No,No,No
EMP10339,35,Female,Research & Development,Research Scientist,1,High School,Single,Travel_Rarely,40.0,2628,Low,94.0,16137.0,3,3.0,,2.0,3.0,2,Yes,6.0,2,2,2,8,2.0,4,0,15.0,1478,8.7,No,No,Yes
EMP10340,58,Female,Research & Development,Research Scientist,4,Bachelor's,Single,Non-Travel,5.0,12778,Very High,85.0,8183.0,4,2.0,4.0,4.0,4.0,2,Yes,6.0,22,2,14,22,8.0,1,0,17.0,1074,7.2,No,No,No
EMP10341,48,Male,IT,Software Engineer,1,High School,Married,Travel_Rarely,6.0,8163,High,80.0,21953.0,3,2.0,3.0,2.0,4.0,3,No,6.0,23,3,6,27,1.0,2,0,21.0,904,7.3,No,No,Yes
EMP10342,37,Female,Operations,Operations Coordinator,2,Bachelor's,Married,Non-Travel,10.0,8355,High,26.0,18963.0,3,3.0,2.0,4.0,3.0,2,Yes,4.0,16,7,6,18,8.0,1,1,20.0,260,9.6,No,No,No
EMP10343,59,Male,Research & Development,Research Scientist,3,High School,Married,Travel_Frequently,16.0,10096,Very High,61.0,12698.0,2,2.0,3.0,2.0,4.0,2,Yes,1.0,7,1,7,7,7.0,5,1,18.0,1462,9.6,Yes,No,No
EMP10344,41,Male,Sales,Sales Executive,2,Master's,Married,Travel_Frequently,26.0,7118,High,79.0,5460.0,4,3.0,3.0,3.0,2.0,3,No,2.0,9,6,9,14,4.0,0,2,11.0,537,9.6,No,No,No
EMP10345,27,Male,Operations,Operations Coordinator,1,Master's,Married,Non-Travel,13.0,4430,Low,39.0,20574.0,3,3.0,4.0,2.0,2.0,3,No,5.0,6,6,6,9,6.0,5,1,18.0,470,,No,No,Yes
EMP10346,53,Female,Sales,Sales Executive,5,Bachelor's,Married,Travel_Frequently,15.0,10801,Very High,88.0,16269.0,2,1.0,2.0,3.0,3.0,3,Yes,0.0,0,0,0,4,0.0,5,1,19.0,1101,9.2,No,Yes,No
EMP10347,49,Male,Research & Development,Research Scientist,2,Master's,Single,Travel_Rarely,1.0,9203,High,98.0,3684.0,3,1.0,3.0,4.0,3.0,3,No,5.0,12,8,1,15,9.0,2,2,14.0,560,9.2,No,No,No
EMP10348,35,Male,Research & Development,Research Scientist,4,,Single,Travel_Rarely,30.0,12392,Very High,,10413.0,3,4.0,3.0,1.0,2.0,3,No,4.0,14,3,6,21,4.0,3,1,24.0,139,9.9,No,No,Yes
EMP10349,49,Male,Research & Development,Research Scientist,1,Bachelor's,Single,Non-Travel,8.0,6810,Medium,43.0,10654.0,2,3.0,2.0,3.0,4.0,4,No,4.0,14,7,0,18,5.0,0,0,10.0,322,9.9,No,No,No
EMP10350,58,Male,Operations,Operations Coordinator,1,Bachelor's,Married,Travel_Rarely,9.0,8164,High,52.0,16251.0,2,1.0,,3.0,1.0,1,No,2.0,21,5,4,26,6.0,1,0,17.0,977,9.0,Yes,No,No
EMP10351,25,Male,Research & Development,Research Scientist,2,Master's,Single,Travel_Rarely,6.0,7348,High,87.0,5140.0,4,3.0,3.0,3.0,3.0,2,No,1.0,4,4,0,7,3.0,5,0,10.0,658,8.6,No,No,No
EMP10352,35,Male,Sales,Sales Executive,3,Bachelor's,Married,Travel_Rarely,6.0,9240,High,,7980.0,3,2.0,3.0,2.0,4.0,2,No,3.0,14,7,3,19,1.0,2,3,11.0,1492,9.4,No,No,No
EMP10353,48,Female,Research & Development,Research Scientist,3,Bachelor's,Single,Non-Travel,32.0,9437,High,88.0,14829.0,4,3.0,2.0,3.0,2.0,3,No,3.0,13,7,1,17,5.0,5,0,19.0,1039,7.6,No,Yes,No
EMP10354,34,Male,Research & Development,Research Scientist,4,Master's,Married,Non-Travel,31.0,11274,Very High,91.0,9142.0,3,4.0,2.0,3.0,3.0,2,No,5.0,7,7,7,12,4.0,2,0,22.0,1373,9.7,No,No,No
EMP10355,32,Male,Operations,Operations Coordinator,3,Master's,Single,Travel_Rarely,30.0,6972,Medium,58.0,21309.0,1,2.0,4.0,4.0,2.0,1,Yes,4.0,2,2,2,3,2.0,0,0,,175,9.8,No,No,No
EMP10356,40,Female,Research & Development,Research Scientist,3,High School,,Non-Travel,,10803,Very High,28.0,18107.0,3,3.0,3.0,2.0,3.0,2,No,,13,0,9,13,4.0,2,0,19.0,802,9.4,No,No,No
EMP10357,36,Female,Research & Development,Research Scientist,3,Doctorate,Married,Travel_Rarely,37.0,10487,Very High,35.0,15278.0,2,3.0,3.0,4.0,4.0,4,No,4.0,9,8,9,13,0.0,0,2,,673,10.1,No,No,No
EMP10358,37,Male,Human Resources,HR Executive,1,Master's,Divorced,Travel_Rarely,29.0,4423,Low,83.0,6980.0,2,3.0,4.0,2.0,2.0,3,No,1.0,0,0,0,3,0.0,2,0,24.0,593,10.3,Yes,Yes,No
EMP10359,37,Female,Operations,Operations Coordinator,1,Bachelor's,Married,Travel_Rarely,39.0,3391,Low,72.0,3718.0,2,3.0,3.0,3.0,3.0,2,Yes,6.0,3,3,3,9,0.0,6,0,21.0,1261,9.0,No,No,No
EMP10360,38,Male,Sales,Sales Executive,1,Master's,Divorced,Non-Travel,,5252,Medium,59.0,18981.0,4,3.0,4.0,4.0,3.0,3,No,6.0,10,9,9,16,3.0,1,1,11.0,386,7.6,No,Yes,No
EMP10361,56,Female,IT,Software Engineer,5,Master's,Married,Non-Travel,25.0,14501,Very High,51.0,13638.0,3,3.0,3.0,1.0,3.0,3,No,2.0,20,7,12,22,8.0,5,1,12.0,237,8.7,No,No,No
EMP10362,32,Male,Research & Development,Research Scientist,2,Bachelor's,Divorced,Travel_Rarely,7.0,8472,High,38.0,12416.0,1,1.0,2.0,2.0,2.0,3,Yes,0.0,11,10,11,12,0.0,6,2,25.0,1475,9.0,No,No,No
EMP10363,50,Female,IT,Software Engineer,5,Bachelor's,Married,Travel_Frequently,9.0,14938,Very High,41.0,22472.0,3,2.0,3.0,3.0,3.0,3,Yes,0.0,20,5,0,26,2.0,1,2,20.0,419,9.5,No,Yes,No
EMP10364,24,Male,Sales,Sales Executive,1,Master's,Married,Travel_Rarely,14.0,5734,Medium,77.0,23365.0,3,2.0,3.0,3.0,3.0,3,No,5.0,3,3,1,8,1.0,3,0,23.0,1481,8.4,No,No,No
EMP10365,27,Female,Research & Development,Research Scientist,2,Master's,Single,Non-Travel,18.0,5983,Medium,70.0,18395.0,3,2.0,3.0,2.0,4.0,3,Yes,3.0,6,4,6,13,,6,1,25.0,286,8.2,No,No,No
EMP10366,35,Female,Sales,Sales Executive,4,Bachelor's,Married,Non-Travel,17.0,11505,Very High,89.0,,2,4.0,3.0,3.0,3.0,3,No,1.0,11,7,8,11,2.0,2,0,19.0,220,7.3,No,No,No
EMP10367,59,Female,Research & Development,Research Scientist,1,Bachelor's,Single,Travel_Rarely,7.0,5993,Medium,69.0,22931.0,3,2.0,3.0,3.0,3.0,3,No,5.0,8,3,3,8,3.0,3,0,19.0,400,8.5,No,No,No
EMP10368,26,Female,Operations,Operations Coordinator,3,Bachelor's,,Travel_Rarely,32.0,7623,High,59.0,8343.0,2,4.0,,4.0,4.0,3,Yes,1.0,2,2,2,4,2.0,0,1,11.0,177,7.2,No,No,No
EMP10369,57,Female,Human Resources,HR Executive,2,Master's,Single,Travel_Frequently,12.0,6532,Medium,36.0,7647.0,2,4.0,2.0,3.0,1.0,2,Yes,6.0,9,2,1,16,3.0,1,1,23.0,1137,7.5,No,Yes,Yes
EMP10370,40,Female,Sales,Sales Executive,1,Doctorate,Married,Non-Travel,18.0,5950,Medium,81.0,21385.0,3,3.0,2.0,2.0,3.0,4,No,4.0,4,4,0,5,2.0,6,0,17.0,131,10.1,Yes,No,No
EMP10371,60,Female,Sales,Sales Executive,1,High School,Divorced,Travel_Rarely,28.0,8540,High,45.0,23274.0,3,2.0,4.0,3.0,2.0,3,No,1.0,19,3,7,23,2.0,1,1,23.0,1438,7.5,No,No,No
EMP10372,35,Female,Research & Development,Research Scientist,2,Bachelor's,Married,Travel_Rarely,37.0,7615,High,,17430.0,3,,3.0,4.0,2.0,3,No,6.0,14,10,5,19,2.0,5,1,18.0,1054,7.3,No,No,Yes
EMP10373,30,Male,Research & Development,Research Scientist,4,,Single,Non-Travel,19.0,11275,Very High,33.0,19159.0,2,4.0,3.0,3.0,2.0,3,Yes,0.0,9,9,9,15,6.0,4,0,18.0,1487,8.9,No,No,No
EMP10374,56,Female,IT,Software Engineer,1,Bachelor's,Single,Travel_Rarely,25.0,5511,Medium,99.0,8295.0,3,3.0,3.0,4.0,2.0,3,No,3.0,2,2,2,6,2.0,2,1,25.0,339,8.2,No,No,No
EMP10375,38,Male,Operations,Operations Coordinator,4,Master's,Married,Travel_Rarely,8.0,13011,Very High,97.0,21604.0,4,2.0,,1.0,3.0,3,No,5.0,16,5,13,23,2.0,6,2,25.0,255,8.9,Yes,No,No
EMP10376,35,Female,Sales,Sales Executive,3,High School,Single,Travel_Rarely,29.0,8704,High,66.0,6844.0,3,3.0,3.0,,1.0,3,No,5.0,10,2,1,16,2.0,6,2,25.0,129,7.1,No,Yes,Yes
EMP10377,46,Male,Research & Development,Research Scientist,2,High School,Married,Travel_Rarely,38.0,8653,High,51.0,14028.0,3,3.0,2.0,3.0,3.0,1,No,5.0,12,11,6,12,5.0,5,0,23.0,584,8.8,No,No,Yes
EMP10378,45,Male,Research & Development,Research Scientist,4,Master's,Single,Non-Travel,24.0,10671,Very High,66.0,8441.0,2,1.0,2.0,3.0,4.0,2,No,3.0,18,3,2,22,8.0,1,0,17.0,780,8.6,No,No,No
EMP10379,30,Male,Research & Development,Research Scientist,1,Master's,Married,Travel_Rarely,20.0,4608,Medium,94.0,16033.0,2,4.0,3.0,3.0,3.0,3,No,2.0,9,7,4,10,3.0,4,1,11.0,1407,8.4,No,No,No
EMP10380,60,Female,Operations,Operations Coordinator,5,Master's,Married,Travel_Frequently,23.0,12948,Very High,33.0,24056.0,2,3.0,2.0,3.0,4.0,3,No,1.0,16,0,9,22,8.0,5,1,23.0,155,9.1,No,Yes,No
EMP10381,47,Female,Research & Development,Research Scientist,4,High School,Single,Travel_Frequently,39.0,11348,Very High,25.0,3911.0,3,3.0,4.0,2.0,3.0,3,No,3.0,20,11,11,20,6.0,1,1,20.0,654,8.4,Yes,No,No
EMP10382,42,Female,Operations,Operations Coordinator,4,Bachelor's,Married,Travel_Rarely,35.0,10028,Very High,63.0,19777.0,2,2.0,3.0,3.0,3.0,3,No,6.0,6,6,6,9,6.0,1,2,16.0,1289,9.0,No,No,No
EMP10383,54,Male,Research & Development,Research Scientist,3,Bachelor's,Married,Non-Travel,9.0,9517,High,50.0,4057.0,3,3.0,3.0,1.0,4.0,3,No,0.0,11,1,11,17,8.0,3,3,17.0,946,8.0,Yes,No,Yes
EMP10384,28,Male,Research & Development,Research Scientist,4,High School,Divorced,Non-Travel,4.0,9161,High,45.0,,4,,3.0,1.0,2.0,3,No,3.0,7,4,7,8,4.0,5,2,15.0,669,9.1,Yes,No,No
EMP10385,50,Male,Finance,Financial Analyst,1,Bachelor's,Single,Travel_Rarely,33.0,5308,Medium,73.0,18436.0,4,3.0,3.0,2.0,4.0,3,No,5.0,12,11,1,16,9.0,1,1,10.0,459,7.6,No,No,No
EMP10386,28,Male,Sales,Sales Executive,4,Bachelor's,Married,Travel_Rarely,1.0,10796,Very High,55.0,10221.0,3,3.0,3.0,4.0,2.0,3,No,1.0,4,4,4,7,4.0,6,1,11.0,1254,8.1,No,No,No
EMP10387,45,Male,IT,Software Engineer,2,Master's,Single,Travel_Rarely,34.0,7605,High,64.0,21286.0,3,3.0,4.0,2.0,2.0,3,Yes,0.0,6,6,6,11,6.0,1,2,24.0,502,8.4,No,No,Yes
EMP10388,28,Male,Operations,Operations Coordinator,2,Master's,Single,Travel_Rarely,21.0,5988,Medium,88.0,,3,3.0,3.0,4.0,4.0,3,No,6.0,7,0,7,12,7.0,5,0,20.0,428,7.7,No,Yes,No
EMP10389,28,Male,Research & Development,Research Scientist,5,Master's,Married,Travel_Frequently,2.0,12468,Very High,64.0,20923.0,3,4.0,3.0,4.0,2.0,2,No,3.0,7,5,4,12,6.0,3,1,23.0,872,9.3,No,No,No
EMP10390,47,Male,IT,Software Engineer,2,Master's,Married,Travel_Frequently,31.0,4788,Medium,90.0,20866.0,2,4.0,3.0,,4.0,3,No,2.0,1,1,1,8,1.0,5,0,,914,7.7,Yes,No,No
EMP10391,44,Female,IT,Software Engineer,1,Master's,Married,Travel_Rarely,6.0,5398,Medium,24.0,24937.0,4,2.0,3.0,3.0,3.0,3,No,3.0,13,11,10,17,9.0,0,0,23.0,496,10.0,No,No,No
EMP10392,50,Male,Research & Development,Research Scientist,1,High School,Married,Non-Travel,22.0,4344,Low,32.0,12170.0,3,2.0,3.0,4.0,3.0,3,No,0.0,10,10,10,12,4.0,1,2,24.0,408,7.6,No,No,No
EMP10393,30,Male,Sales,Sales Executive,1,Master's,Married,Travel_Rarely,29.0,5525,Medium,55.0,19831.0,2,3.0,3.0,3.0,2.0,1,No,6.0,4,4,0,8,4.0,5,0,21.0,1478,10.3,No,No,No
EMP10394,36,Female,Sales,Sales Executive,5,Master's,Single,Non-Travel,29.0,13319,Very High,,24154.0,3,4.0,4.0,1.0,2.0,4,No,4.0,2,2,2,7,2.0,4,0,10.0,1292,9.6,No,No,No
EMP10395,36,Female,Research & Development,Research Scientist,3,Bachelor's,Married,Travel_Rarely,,9875,High,82.0,8403.0,4,3.0,3.0,2.0,2.0,3,No,0.0,15,11,9,21,9.0,6,1,14.0,1154,7.9,Yes,No,No
EMP10396,50,Male,IT,Software Engineer,3,Master's,Married,Travel_Rarely,32.0,8362,High,66.0,5810.0,4,3.0,2.0,1.0,3.0,3,Yes,5.0,5,4,5,8,5.0,4,0,18.0,1248,7.6,No,No,Yes
EMP10397,45,Male,Research & Development,Research Scientist,1,Bachelor's,Single,Travel_Frequently,40.0,7379,High,30.0,10796.0,3,1.0,4.0,3.0,3.0,4,No,2.0,7,7,6,9,4.0,2,0,25.0,179,8.3,Yes,Yes,No
EMP10398,46,Female,Operations,Operations Coordinator,1,Bachelor's,Single,Travel_Rarely,,4319,Low,62.0,9519.0,2,4.0,4.0,2.0,4.0,3,No,,7,7,2,11,2.0,1,1,24.0,585,10.2,No,No,No
EMP10399,22,Male,Sales,Sales Executive,2,Master's,Single,Non-Travel,2.0,5218,Medium,90.0,21952.0,4,2.0,,1.0,3.0,3,No,5.0,1,0,1,8,1.0,4,3,11.0,439,10.4,No,No,No
EMP10400,35,Female,IT,Software Engineer,2,Master's,Divorced,Travel_Frequently,8.0,6315,Medium,91.0,24284.0,3,4.0,4.0,3.0,2.0,2,No,0.0,6,6,6,8,2.0,3,0,24.0,942,8.4,Yes,No,No
EMP10401,48,Female,Research & Development,Research Scientist,2,Master's,Married,Travel_Rarely,36.0,9096,High,60.0,19705.0,2,2.0,3.0,1.0,4.0,3,Yes,2.0,14,8,4,14,5.0,3,0,17.0,251,9.8,No,Yes,No
EMP10402,56,Male,Research & Development,Research Scientist,2,Bachelor's,Single,Travel_Rarely,8.0,8294,High,78.0,10842.0,2,3.0,3.0,3.0,3.0,3,Yes,3.0,10,7,1,16,3.0,3,1,23.0,498,8.9,No,No,Yes
EMP10403,47,Male,Research & Development,Research Scientist,2,Master's,Single,Travel_Rarely,13.0,6762,Medium,89.0,18193.0,1,3.0,3.0,1.0,4.0,3,No,6.0,3,3,1,9,3.0,0,2,10.0,1380,7.8,Yes,No,Yes
EMP10404,45,Male,Sales,Sales Executive,4,Bachelor's,Married,Travel_Rarely,28.0,8921,High,27.0,20541.0,3,3.0,2.0,3.0,2.0,3,No,4.0,2,2,2,7,2.0,2,0,22.0,505,7.3,No,No,No
EMP10405,35,Male,Sales,Sales Executive,1,Doctorate,Married,Travel_Frequently,17.0,7108,High,90.0,23428.0,3,3.0,2.0,3.0,4.0,2,No,5.0,10,9,9,16,9.0,0,2,17.0,315,9.5,No,No,No
EMP10406,23,Male,Finance,Financial Analyst,2,Master's,Married,Travel_Rarely,11.0,5606,Medium,21.0,4425.0,2,1.0,2.0,4.0,3.0,3,No,3.0,2,2,2,7,2.0,5,1,19.0,911,7.9,No,No,No
EMP10407,24,Male,Research & Development,Research Scientist,1,Bachelor's,Married,Non-Travel,30.0,5193,Medium,93.0,9989.0,3,4.0,3.0,3.0,2.0,3,No,2.0,3,3,0,3,2.0,5,0,16.0,1089,9.1,No,No,No
EMP10408,39,Male,Sales,Sales Executive,5,Bachelor's,Single,Travel_Rarely,13.0,12332,Very High,99.0,18631.0,2,3.0,4.0,3.0,,4,No,2.0,15,4,9,21,0.0,1,1,14.0,604,10.3,No,No,No
EMP10409,23,Female,Finance,Financial Analyst,2,Bachelor's,Divorced,Travel_Rarely,17.0,6787,Medium,36.0,23082.0,2,,3.0,3.0,1.0,3,No,0.0,2,2,2,9,2.0,6,0,16.0,748,8.7,No,No,No
EMP10410,51,Male,Research & Development,Research Scientist,1,Master's,Single,Non-Travel,38.0,5884,Medium,97.0,15488.0,2,2.0,3.0,3.0,3.0,3,No,1.0,8,0,8,10,4.0,0,0,11.0,1236,9.0,Yes,No,No
EMP10411,32,Female,Research & Development,Research Scientist,1,Bachelor's,Married,Travel_Rarely,3.0,7398,High,58.0,24554.0,3,3.0,2.0,3.0,1.0,2,No,4.0,11,6,8,17,4.0,0,0,14.0,405,9.1,No,Yes,No
EMP10412,35,Male,IT,Software Engineer,1,Bachelor's,Married,Non-Travel,5.0,4779,Medium,35.0,5045.0,3,1.0,2.0,3.0,3.0,3,No,2.0,14,4,0,18,4.0,0,1,14.0,570,7.7,No,No,No
EMP10413,28,Female,IT,Software Engineer,2,Doctorate,Married,Travel_Rarely,15.0,6080,Medium,54.0,,2,2.0,3.0,2.0,3.0,3,Yes,3.0,5,5,3,9,0.0,1,0,25.0,845,10.1,Yes,No,Yes
EMP10414,37,Male,Finance,Financial Analyst,5,Master's,Single,Travel_Rarely,8.0,11865,Very High,72.0,9401.0,2,,1.0,4.0,3.0,3,No,,1,1,1,2,1.0,6,0,15.0,243,9.7,No,No,No
EMP10415,43,Female,Research & Development,Research Scientist,1,Doctorate,Single,Travel_Frequently,21.0,6944,Medium,89.0,12752.0,2,1.0,2.0,2.0,2.0,4,No,4.0,15,4,5,22,4.0,4,1,11.0,137,8.2,Yes,No,No
EMP10416,31,Female,Sales,Sales Executive,2,High School,Divorced,Travel_Rarely,38.0,7541,High,48.0,18768.0,4,3.0,3.0,,1.0,4,No,3.0,10,0,5,14,4.0,4,1,12.0,1367,9.3,No,No,No
EMP10417,23,Female,Research & Development,Research Scientist,2,Master's,Married,Travel_Rarely,37.0,5758,Medium,67.0,23750.0,3,3.0,3.0,3.0,3.0,2,Yes,1.0,1,1,1,6,1.0,2,1,25.0,197,8.4,No,No,No
EMP10418,57,Male,Finance,Financial Analyst,4,Master's,Divorced,Non-Travel,39.0,14809,Very High,22.0,8296.0,3,2.0,3.0,3.0,3.0,3,No,6.0,23,4,4,26,3.0,3,1,22.0,800,8.9,No,Yes,No
EMP10419,35,Male,Operations,Operations Coordinator,1,Bachelor's,Divorced,Travel_Rarely,23.0,2172,Low,65.0,15008.0,2,3.0,3.0,3.0,3.0,2,No,3.0,2,2,2,8,2.0,4,0,17.0,556,7.4,No,No,No
EMP10420,31,Male,Operations,Operations Coordinator,1,Bachelor's,Married,Travel_Rarely,18.0,6179,Medium,65.0,20723.0,3,1.0,4.0,4.0,4.0,3,No,1.0,8,8,7,8,4.0,6,0,22.0,1465,7.7,Yes,Yes,No
EMP10421,59,Male,Research & Development,Research Scientist,1,Doctorate,Married,Travel_Rarely,10.0,4704,Medium,96.0,12218.0,3,2.0,3.0,3.0,4.0,3,No,6.0,5,5,5,11,5.0,5,2,21.0,1178,7.3,No,No,Yes
EMP10422,47,Male,Research & Development,Research Scientist,2,High School,Single,Travel_Frequently,17.0,8787,High,94.0,18720.0,3,3.0,3.0,3.0,1.0,3,No,0.0,16,1,4,19,9.0,0,0,10.0,992,9.2,No,No,No
EMP10423,26,Male,Human Resources,HR Executive,1,Bachelor's,Married,Travel_Rarely,25.0,5326,Medium,83.0,22230.0,1,4.0,4.0,3.0,4.0,4,Yes,2.0,5,2,5,5,5.0,1,2,15.0,196,9.5,Yes,No,No
EMP10424,51,Female,Finance,Financial Analyst,5,,Married,Travel_Rarely,13.0,12617,Very High,67.0,,3,3.0,2.0,,1.0,3,No,6.0,9,4,9,10,2.0,1,3,18.0,677,10.2,No,No,No
EMP10425,32,Male,Research & Development,Research Scientist,1,Bachelor's,Single,Travel_Rarely,40.0,4767,Medium,50.0,3230.0,4,3.0,1.0,1.0,3.0,3,No,1.0,7,1,2,11,3.0,5,1,13.0,1491,9.4,No,No,No
EMP10426,54,Female,Human Resources,HR Executive,1,Master's,Divorced,Travel_Rarely,16.0,5152,Medium,34.0,17803.0,3,3.0,3.0,3.0,4.0,3,Yes,5.0,2,2,2,9,2.0,5,1,22.0,1002,8.0,No,Yes,Yes
EMP10427,31,Male,Operations,Operations Coordinator,2,Master's,Single,Travel_Rarely,6.0,6973,Medium,86.0,15761.0,2,2.0,3.0,4.0,3.0,1,No,1.0,9,8,4,12,1.0,6,2,11.0,1271,8.2,No,No,Yes
EMP10428,22,Female,Sales,Sales Executive,5,Bachelor's,Married,Travel_Rarely,8.0,10363,Very High,96.0,3350.0,1,2.0,3.0,3.0,3.0,1,Yes,2.0,1,1,1,7,0.0,4,1,22.0,319,9.3,No,Yes,Yes
EMP10429,31,Female,Finance,Financial Analyst,1,Bachelor's,Married,Travel_Rarely,9.0,5394,Medium,60.0,,2,3.0,2.0,2.0,3.0,4,No,5.0,10,0,9,10,8.0,0,2,12.0,337,8.2,No,Yes,No
EMP10430,51,Male,Research & Development,Research Scientist,2,High School,Single,Travel_Rarely,12.0,6406,Medium,63.0,20276.0,3,3.0,3.0,3.0,2.0,3,No,4.0,11,1,2,14,9.0,5,1,14.0,451,10.4,Yes,No,No
EMP10431,29,Male,Operations,Operations Coordinator,2,Master's,Single,Travel_Rarely,27.0,6338,Medium,39.0,11460.0,3,4.0,3.0,3.0,4.0,4,No,1.0,8,2,2,8,0.0,4,1,18.0,347,8.3,No,No,No
EMP10432,41,Male,Finance,Financial Analyst,2,Bachelor's,Single,Travel_Rarely,,8005,High,44.0,21667.0,3,3.0,4.0,,3.0,2,No,6.0,8,4,6,11,8.0,3,1,25.0,1025,,No,No,No
EMP10433,39,Male,Research & Development,Research Scientist,4,Bachelor's,Married,Travel_Rarely,22.0,11398,Very High,58.0,,1,3.0,3.0,3.0,3.0,4,Yes,4.0,12,11,2,19,3.0,3,2,10.0,138,8.0,No,No,No
EMP10434,32,Male,Research & Development,Research Scientist,2,Master's,Married,Travel_Frequently,35.0,5568,Medium,73.0,3164.0,4,2.0,2.0,3.0,3.0,1,No,2.0,11,9,11,17,0.0,6,1,20.0,946,9.8,No,Yes,Yes
EMP10435,41,Male,IT,Software Engineer,2,Bachelor's,Divorced,Travel_Frequently,18.0,6611,Medium,34.0,4772.0,3,3.0,,4.0,3.0,2,No,3.0,6,6,6,6,3.0,4,0,14.0,241,8.1,Yes,No,Yes
EMP10436,57,Female,Sales,Sales Executive,2,Master's,Single,Travel_Frequently,22.0,6387,Medium,65.0,7657.0,3,3.0,2.0,1.0,1.0,4,No,1.0,6,2,6,10,4.0,0,1,18.0,1444,9.4,No,No,No
EMP10437,54,Male,Human Resources,HR Executive,1,Master's,Divorced,Non-Travel,11.0,4447,Low,59.0,21717.0,3,4.0,3.0,2.0,3.0,3,No,6.0,2,2,2,5,2.0,6,0,18.0,716,9.0,No,No,Yes
EMP10438,53,Male,Human Resources,HR Executive,1,,Married,Travel_Frequently,8.0,5529,Medium,31.0,16930.0,3,4.0,3.0,1.0,3.0,3,No,1.0,7,4,7,12,7.0,2,2,21.0,1036,9.9,No,No,No
EMP10439,26,Male,Research & Development,Research Scientist,4,Master's,Married,Travel_Frequently,31.0,9467,High,69.0,16160.0,3,4.0,3.0,4.0,3.0,3,No,0.0,3,3,2,3,2.0,5,1,19.0,196,9.7,No,Yes,No
EMP10440,29,Male,Research & Development,Research Scientist,4,Bachelor's,Married,Travel_Rarely,25.0,11578,Very High,80.0,12128.0,3,2.0,4.0,2.0,3.0,3,No,5.0,6,6,6,6,6.0,2,0,16.0,1215,8.7,No,No,No
EMP10441,59,Male,Research & Development,Research Scientist,2,Master's,Married,Travel_Rarely,5.0,7204,High,24.0,24626.0,3,4.0,3.0,2.0,3.0,4,Yes,3.0,6,6,6,12,1.0,6,3,21.0,877,9.2,No,No,No
EMP10442,22,Male,Operations,Operations Coordinator,3,Bachelor's,Single,Travel_Rarely,29.0,7988,High,97.0,20260.0,4,4.0,2.0,3.0,3.0,1,Yes,1.0,1,1,1,8,1.0,1,1,24.0,445,7.5,No,No,Yes
EMP10443,45,Female,Finance,Financial Analyst,4,Bachelor's,Married,Travel_Rarely,25.0,12582,Very High,50.0,23046.0,3,2.0,2.0,2.0,4.0,3,No,6.0,17,2,9,20,7.0,3,1,18.0,811,8.9,No,No,Yes
EMP10444,60,Male,IT,Software Engineer,1,Bachelor's,Married,Travel_Frequently,28.0,6179,Medium,,17361.0,4,4.0,1.0,2.0,3.0,3,No,5.0,15,10,0,17,7.0,6,1,16.0,1141,10.2,No,No,No
EMP10445,31,Male,Research & Development,Research Scientist,2,Doctorate,Single,Travel_Frequently,39.0,8029,High,41.0,20656.0,2,3.0,3.0,2.0,3.0,3,No,3.0,10,10,8,12,7.0,5,1,15.0,238,10.3,Yes,No,No
EMP10446,24,Female,Research & Development,Research Scientist,2,Bachelor's,Single,Non-Travel,19.0,6025,Medium,26.0,9285.0,1,4.0,4.0,3.0,3.0,2,No,1.0,1,1,1,6,1.0,4,2,25.0,374,9.1,Yes,No,No
EMP10447,56,Male,IT,Software Engineer,3,Bachelor's,Married,Travel_Rarely,1.0,10825,Very High,77.0,6993.0,3,4.0,4.0,2.0,3.0,3,Yes,2.0,17,10,1,24,7.0,2,1,10.0,249,10.4,No,No,No
EMP10448,36,Female,Research & Development,Research Scientist,2,Bachelor's,Married,Travel_Rarely,13.0,9281,High,60.0,8022.0,4,3.0,3.0,4.0,3.0,3,Yes,1.0,10,2,3,13,1.0,1,0,25.0,329,7.2,Yes,No,Yes
EMP10449,37,Male,Research & Development,Research Scientist,4,Bachelor's,Single,Travel_Frequently,19.0,10750,Very High,54.0,8411.0,3,3.0,3.0,3.0,3.0,4,No,5.0,13,7,13,19,5.0,1,0,15.0,1324,9.8,No,No,No
EMP10450,39,Male,Research & Development,Research Scientist,3,Master's,,Travel_Rarely,,10852,Very High,22.0,6095.0,3,4.0,4.0,3.0,3.0,3,No,5.0,12,1,1,16,3.0,5,2,19.0,1069,10.1,No,No,No
EMP10451,53,Female,Sales,Sales Executive,1,Bachelor's,Married,Travel_Rarely,14.0,7663,High,52.0,10227.0,2,2.0,2.0,2.0,4.0,1,No,3.0,15,6,2,18,6.0,3,1,16.0,624,8.3,No,No,Yes
EMP10452,34,Female,IT,Software Engineer,2,Master's,Single,Travel_Rarely,18.0,6707,Medium,93.0,3119.0,1,3.0,4.0,4.0,4.0,3,No,3.0,9,6,9,12,3.0,3,0,14.0,1378,9.6,No,No,No
EMP10453,54,Male,IT,Software Engineer,3,High School,Single,Non-Travel,22.0,7716,High,27.0,9651.0,4,2.0,1.0,,,2,No,2.0,6,6,6,13,6.0,0,1,24.0,929,9.1,No,No,No
EMP10454,59,Female,Finance,Financial Analyst,3,Bachelor's,Married,Travel_Rarely,7.0,9973,High,41.0,24178.0,2,3.0,4.0,2.0,3.0,4,Yes,0.0,14,5,1,16,1.0,3,2,16.0,971,8.5,No,No,No
EMP10455,22,Male,Operations,Operations Coordinator,3,Bachelor's,Single,Travel_Frequently,9.0,8213,High,42.0,7630.0,4,2.0,2.0,3.0,3.0,4,Yes,6.0,1,1,1,6,1.0,5,0,22.0,429,10.2,No,No,Yes
EMP10456,25,Female,Operations,Operations Coordinator,2,Bachelor's,Single,Travel_Rarely,1.0,7372,High,20.0,20973.0,2,3.0,3.0,3.0,3.0,4,No,4.0,4,4,4,9,4.0,4,1,23.0,141,9.9,No,No,No
EMP10457,59,Female,Finance,Financial Analyst,3,Bachelor's,Married,Non-Travel,35.0,10591,Very High,25.0,18791.0,3,3.0,1.0,3.0,4.0,3,Yes,,20,11,9,24,8.0,1,0,24.0,562,8.2,No,Yes,No
EMP10458,47,Male,Finance,Financial Analyst,5,High School,Single,Travel_Frequently,38.0,14641,Very High,89.0,15209.0,3,3.0,3.0,3.0,3.0,3,No,0.0,22,4,7,25,3.0,0,0,23.0,522,9.9,No,No,No
EMP10459,41,Male,Finance,Financial Analyst,2,Bachelor's,Married,Travel_Rarely,3.0,7205,High,83.0,22441.0,4,3.0,3.0,3.0,3.0,3,No,3.0,3,3,0,5,3.0,1,0,20.0,802,9.3,Yes,No,No
EMP10460,30,Female,Sales,Sales Executive,2,Master's,Single,Travel_Rarely,2.0,6483,Medium,54.0,16762.0,2,3.0,3.0,4.0,3.0,3,Yes,2.0,9,6,1,10,7.0,1,0,25.0,1129,8.8,No,No,No
EMP10461,60,Male,Human Resources,HR Executive,1,Master's,Married,Travel_Rarely,22.0,6009,Medium,25.0,5270.0,1,3.0,3.0,4.0,1.0,2,No,5.0,14,0,8,21,2.0,2,0,21.0,1007,10.3,No,No,No
EMP10462,49,Female,Human Resources,HR Executive,4,Master's,Married,Non-Travel,12.0,10035,Very High,49.0,5717.0,3,3.0,3.0,3.0,1.0,4,Yes,6.0,4,4,4,5,,6,1,20.0,309,8.2,No,No,No
EMP10463,51,Female,Operations,Operations Coordinator,1,Master's,Single,Travel_Rarely,37.0,5332,Medium,21.0,22367.0,3,4.0,3.0,3.0,3.0,4,No,3.0,12,9,1,15,9.0,6,1,18.0,1187,9.8,No,No,No
EMP10464,27,Female,Sales,Sales Executive,3,Master's,Divorced,Non-Travel,12.0,8887,High,72.0,18518.0,1,3.0,2.0,2.0,3.0,3,No,2.0,6,0,6,9,6.0,4,2,16.0,869,7.3,Yes,No,No
EMP10465,23,Male,Research & Development,Research Scientist,2,Master's,Married,Non-Travel,7.0,6833,Medium,77.0,20331.0,3,3.0,4.0,4.0,2.0,4,No,3.0,2,2,2,4,1.0,0,0,16.0,201,9.3,No,No,No
EMP10466,25,Female,IT,Software Engineer,1,Bachelor's,Married,Non-Travel,13.0,4992,Medium,66.0,24067.0,1,3.0,3.0,3.0,4.0,3,No,0.0,4,4,4,5,0.0,5,1,22.0,455,9.7,No,No,No
EMP10467,47,Male,Operations,Operations Coordinator,2,Master's,Single,Travel_Rarely,23.0,11007,Very High,36.0,20017.0,3,3.0,3.0,3.0,2.0,2,No,1.0,22,2,0,25,7.0,3,0,25.0,1358,8.6,No,Yes,Yes
EMP10468,35,Female,Sales,Sales Executive,1,Master's,Married,Travel_Rarely,10.0,7213,High,83.0,7565.0,2,4.0,1.0,4.0,3.0,4,No,3.0,14,1,2,20,6.0,2,1,22.0,183,7.8,No,No,No
EMP10469,52,Male,IT,Software Engineer,4,Master's,Divorced,,2.0,12232,Very High,59.0,17345.0,3,2.0,3.0,4.0,1.0,3,No,4.0,17,8,11,20,5.0,2,0,11.0,1339,9.8,No,No,No
EMP10470,36,Female,Research & Development,Research Scientist,1,Bachelor's,Married,Travel_Rarely,15.0,8063,High,53.0,23387.0,2,4.0,4.0,3.0,3.0,3,No,6.0,15,8,13,21,1.0,2,0,22.0,571,8.8,No,No,No
EMP10471,37,Female,Sales,Sales Executive,2,Bachelor's,Married,Travel_Rarely,16.0,8927,High,92.0,,2,3.0,3.0,2.0,3.0,2,No,3.0,16,8,2,19,9.0,6,1,20.0,1229,9.1,No,No,No
EMP10472,43,Male,Finance,Financial Analyst,3,Bachelor's,Married,Non-Travel,15.0,9905,High,39.0,15003.0,4,2.0,4.0,3.0,4.0,3,No,5.0,5,4,5,9,5.0,4,1,17.0,1066,7.7,Yes,No,No
EMP10473,44,Female,Research & Development,Research Scientist,2,Master's,Married,Travel_Frequently,27.0,6368,Medium,25.0,3632.0,2,3.0,4.0,4.0,3.0,4,Yes,1.0,10,7,6,17,8.0,0,1,23.0,358,10.1,No,No,Yes
EMP10474,49,Male,IT,Software Engineer,2,Bachelor's,Married,Travel_Rarely,19.0,8899,High,68.0,3166.0,2,1.0,2.0,2.0,3.0,3,No,6.0,23,3,11,27,1.0,1,0,13.0,1375,7.8,No,No,Yes
EMP10475,58,Female,IT,Software Engineer,2,Bachelor's,Married,Travel_Frequently,2.0,8948,High,34.0,12565.0,1,2.0,2.0,3.0,3.0,4,No,2.0,23,8,7,30,4.0,0,0,13.0,691,9.5,No,No,Yes
EMP10476,22,Female,Operations,Operations Coordinator,2,Bachelor's,Single,Travel_Rarely,3.0,5869,Medium,50.0,22730.0,3,1.0,2.0,3.0,3.0,3,No,5.0,1,1,1,5,1.0,0,3,24.0,720,9.2,No,No,Yes
EMP10477,39,Female,Sales,Sales Executive,2,Bachelor's,Single,Non-Travel,25.0,6485,Medium,88.0,13221.0,2,3.0,2.0,2.0,3.0,2,No,6.0,6,6,6,9,6.0,4,1,13.0,910,7.4,Yes,No,Yes
EMP10478,28,Female,Research & Development,Research Scientist,4,Bachelor's,Married,Non-Travel,22.0,9300,High,96.0,11090.0,3,3.0,3.0,4.0,3.0,3,No,5.0,7,4,7,10,7.0,3,0,13.0,307,10.0,No,No,No
EMP10479,37,Female,Human Resources,HR Executive,4,Bachelor's,,Travel_Rarely,4.0,13498,Very High,51.0,10911.0,2,2.0,4.0,2.0,1.0,3,No,3.0,16,11,10,23,2.0,5,1,16.0,453,7.4,Yes,No,No
EMP10480,49,Male,Research & Development,Research Scientist,2,Bachelor's,Married,Non-Travel,16.0,7783,High,47.0,12955.0,2,1.0,4.0,2.0,2.0,4,No,0.0,16,8,7,21,2.0,1,0,25.0,651,7.7,No,No,No
EMP10481,28,Male,Research & Development,Research Scientist,2,Master's,Single,Travel_Frequently,36.0,6637,Medium,,9456.0,3,2.0,3.0,1.0,4.0,1,No,5.0,4,2,4,11,3.0,4,1,24.0,312,9.8,Yes,No,Yes
EMP10482,31,Female,IT,Software Engineer,2,Doctorate,Married,Non-Travel,21.0,7152,High,80.0,15068.0,2,2.0,4.0,3.0,2.0,3,No,1.0,10,7,5,11,2.0,6,0,21.0,234,8.8,No,No,No
EMP10483,56,Female,Research & Development,Research Scientist,2,Bachelor's,Single,Travel_Rarely,16.0,10015,Very High,,21605.0,3,3.0,4.0,3.0,1.0,3,No,3.0,23,4,4,24,5.0,5,1,23.0,1384,8.0,No,No,No
EMP10484,37,Female,IT,Software Engineer,1,Master's,Married,Travel_Rarely,26.0,5577,Medium,56.0,10686.0,2,1.0,4.0,3.0,2.0,2,Yes,2.0,10,7,10,12,2.0,5,1,25.0,1064,7.1,No,Yes,Yes
EMP10485,28,Female,Research & Development,Research Scientist,3,Bachelor's,Single,Travel_Rarely,34.0,9197,High,44.0,8462.0,2,3.0,3.0,3.0,3.0,3,No,4.0,7,7,6,13,7.0,2,1,25.0,997,10.5,No,No,No
EMP10486,57,Female,Finance,Financial Analyst,3,Master's,Divorced,Travel_Rarely,5.0,10060,Very High,,16958.0,3,2.0,3.0,3.0,2.0,2,Yes,4.0,11,7,9,18,8.0,3,1,14.0,1469,10.3,No,No,Yes
EMP10487,51,Female,Sales,Sales Executive,4,Bachelor's,Single,Travel_Rarely,4.0,8922,High,85.0,13734.0,2,2.0,3.0,3.0,3.0,3,No,6.0,5,5,4,5,5.0,0,1,24.0,985,7.3,No,No,No
EMP10488,43,Male,Human Resources,HR Executive,1,Bachelor's,Single,Travel_Rarely,8.0,5319,Medium,27.0,12812.0,1,3.0,2.0,3.0,2.0,2,No,2.0,9,9,5,16,9.0,0,0,22.0,506,9.6,No,Yes,No
EMP10489,59,Male,IT,Software Engineer,2,Bachelor's,Married,Travel_Rarely,10.0,7627,High,74.0,10922.0,4,3.0,4.0,3.0,3.0,3,No,0.0,2,2,2,4,1.0,4,2,14.0,293,9.4,No,No,No
EMP10490,48,Female,Operations,Operations Coordinator,1,Bachelor's,Married,Travel_Rarely,20.0,4863,Medium,32.0,10327.0,4,3.0,3.0,4.0,2.0,3,No,2.0,7,0,4,9,0.0,1,2,13.0,504,10.1,No,No,No
EMP10491,46,Male,Sales,Sales Executive,1,Bachelor's,Married,Non-Travel,3.0,8743,High,60.0,17409.0,2,3.0,3.0,3.0,3.0,3,Yes,2.0,16,10,7,16,8.0,0,2,16.0,399,10.1,No,No,No
EMP10492,46,Female,Finance,Financial Analyst,1,Bachelor's,Single,Travel_Rarely,30.0,7692,High,31.0,22138.0,2,3.0,4.0,3.0,3.0,2,No,0.0,15,4,12,21,3.0,3,0,11.0,1303,9.4,No,No,No
EMP10493,27,Male,Sales,Sales Executive,2,High School,Single,Travel_Rarely,7.0,7607,High,55.0,19930.0,2,4.0,4.0,3.0,4.0,2,No,6.0,6,0,1,11,0.0,3,2,15.0,461,7.4,No,No,No
EMP10494,46,Female,Operations,Operations Coordinator,1,Master's,Single,Travel_Rarely,16.0,4541,Medium,69.0,12304.0,3,2.0,3.0,2.0,1.0,2,No,5.0,1,1,1,5,1.0,6,0,20.0,1098,8.8,Yes,No,No
EMP10495,26,Female,Sales,Sales Executive,3,Master's,Single,Travel_Rarely,18.0,7602,High,51.0,9654.0,1,1.0,3.0,1.0,4.0,3,No,4.0,5,5,5,8,,0,1,25.0,1264,10.1,No,No,No
EMP10496,58,Male,Operations,Operations Coordinator,3,Bachelor's,Married,Travel_Rarely,5.0,8312,High,28.0,8746.0,2,3.0,4.0,3.0,4.0,3,No,2.0,3,3,3,4,3.0,0,0,10.0,1454,7.5,No,No,No
EMP10497,60,Male,IT,Software Engineer,1,Bachelor's,Married,Travel_Rarely,25.0,4469,Low,67.0,5477.0,2,3.0,4.0,3.0,1.0,3,No,3.0,2,2,2,3,2.0,0,0,23.0,391,9.6,No,No,No
EMP10498,39,Female,Sales,Sales Executive,3,,Married,Travel_Rarely,,10091,Very High,84.0,7125.0,3,2.0,4.0,4.0,2.0,3,No,2.0,18,4,13,20,7.0,4,1,21.0,408,9.0,No,No,No
EMP10499,34,Male,Research & Development,Research Scientist,2,Bachelor's,Married,Travel_Rarely,15.0,6498,Medium,69.0,14277.0,2,3.0,2.0,3.0,4.0,3,No,4.0,13,4,9,17,0.0,5,0,21.0,1189,9.4,No,No,No
EMP10500,45,Female,Research & Development,Research Scientist,3,Bachelor's,Divorced,Non-Travel,,9050,High,29.0,13297.0,4,3.0,3.0,3.0,2.0,4,Yes,5.0,14,3,3,16,9.0,3,1,22.0,636,9.3,No,No,No
EMP10501,47,Female,Operations,Operations Coordinator,3,Bachelor's,Married,Travel_Rarely,32.0,11108,Very High,85.0,4601.0,2,2.0,2.0,4.0,3.0,4,Yes,,15,10,13,18,6.0,1,2,16.0,505,7.0,No,Yes,Yes
EMP10502,22,Female,Research & Development,Research Scientist,1,Bachelor's,Married,Travel_Rarely,32.0,3818,Low,85.0,7587.0,3,2.0,3.0,4.0,3.0,3,No,6.0,1,1,1,8,1.0,0,1,19.0,893,8.9,No,No,Yes
EMP10503,44,Male,Research & Development,Research Scientist,4,High School,Married,Travel_Rarely,30.0,10534,Very High,97.0,6120.0,3,3.0,3.0,3.0,3.0,3,No,5.0,17,2,1,23,3.0,0,0,11.0,220,10.3,No,No,Yes
EMP10504,39,Male,Sales,Sales Executive,4,Master's,Married,Non-Travel,9.0,10634,Very High,84.0,14505.0,1,2.0,4.0,3.0,1.0,3,No,6.0,18,3,14,19,9.0,2,1,16.0,300,9.4,No,No,No
EMP10505,39,Female,IT,Software Engineer,2,Bachelor's,Married,Travel_Rarely,7.0,7358,High,21.0,13640.0,3,2.0,1.0,2.0,2.0,3,No,6.0,8,6,8,14,0.0,1,0,22.0,297,10.3,No,No,No
EMP10506,30,Male,Sales,Sales Executive,1,Master's,Single,Travel_Frequently,6.0,5946,Medium,88.0,16724.0,4,3.0,3.0,,3.0,3,No,4.0,9,3,9,11,4.0,4,2,25.0,459,8.8,Yes,No,No
EMP10507,25,Male,IT,Software Engineer,1,Bachelor's,Married,Non-Travel,31.0,5022,Medium,76.0,11854.0,3,4.0,2.0,,2.0,1,Yes,1.0,4,3,4,11,4.0,6,1,22.0,779,8.9,Yes,No,No
EMP10508,51,Female,IT,Software Engineer,2,Master's,Married,Travel_Frequently,35.0,5559,Medium,,18889.0,2,3.0,1.0,2.0,3.0,3,No,0.0,0,0,0,0,0.0,5,0,10.0,681,10.4,No,Yes,Yes
EMP10509,23,Male,Operations,Operations Coordinator,5,High School,Married,Travel_Rarely,4.0,10867,Very High,73.0,24453.0,3,2.0,3.0,4.0,3.0,3,No,4.0,2,2,2,7,2.0,4,1,17.0,944,9.9,No,Yes,No
EMP10510,56,Female,Human Resources,HR Executive,2,Bachelor's,Single,Non-Travel,14.0,6139,Medium,24.0,10403.0,3,4.0,3.0,3.0,4.0,3,No,2.0,7,7,7,10,1.0,0,1,22.0,1411,8.0,No,No,No
EMP10511,49,Male,Sales,Sales Executive,2,Bachelor's,Married,,4.0,7301,High,41.0,10270.0,1,2.0,4.0,4.0,2.0,3,No,2.0,6,5,6,7,0.0,5,1,19.0,609,7.2,No,No,No
EMP10512,32,Female,Sales,Sales Executive,1,Master's,Single,Travel_Frequently,10.0,5380,Medium,44.0,4378.0,3,4.0,3.0,3.0,3.0,3,No,2.0,11,0,0,15,,3,0,,585,7.7,No,No,No
EMP10513,26,Female,Research & Development,Research Scientist,1,Master's,Divorced,Travel_Rarely,24.0,4430,Low,83.0,16398.0,3,3.0,3.0,3.0,3.0,3,No,1.0,5,3,5,11,5.0,3,1,15.0,1111,8.2,Yes,No,No
EMP10514,34,Male,IT,Software Engineer,2,Master's,Single,Travel_Rarely,8.0,7440,High,79.0,6741.0,3,2.0,2.0,3.0,4.0,1,Yes,1.0,9,1,9,12,7.0,1,2,16.0,546,,No,No,Yes
EMP10515,55,Male,Research & Development,Research Scientist,2,Bachelor's,Married,Travel_Frequently,38.0,7145,High,86.0,6944.0,4,3.0,2.0,,4.0,3,No,6.0,0,0,0,2,0.0,6,1,16.0,751,9.9,No,No,No
EMP10516,36,Male,Human Resources,HR Executive,2,Bachelor's,Single,Travel_Rarely,8.0,6144,Medium,54.0,15589.0,3,1.0,3.0,2.0,2.0,3,No,5.0,0,0,0,1,0.0,6,1,17.0,192,8.4,No,Yes,No
EMP10517,35,Female,Sales,Sales Executive,4,Bachelor's,Divorced,Travel_Frequently,9.0,12957,Very High,28.0,18301.0,3,3.0,3.0,3.0,3.0,3,Yes,1.0,14,3,11,21,5.0,1,1,16.0,964,7.1,No,No,No
EMP10518,52,Male,Human Resources,HR Executive,2,Master's,Divorced,Travel_Rarely,23.0,7050,High,29.0,21134.0,2,3.0,1.0,3.0,1.0,3,No,5.0,12,6,0,19,8.0,6,2,17.0,260,,No,No,No
EMP10519,58,Female,Operations,Operations Coordinator,3,Master's,Married,Travel_Rarely,22.0,11036,Very High,54.0,18842.0,3,3.0,3.0,4.0,1.0,3,Yes,1.0,21,4,0,26,7.0,1,2,15.0,719,7.2,Yes,No,No
EMP10520,48,Male,Human Resources,HR Executive,1,High School,Married,Travel_Rarely,16.0,7431,High,87.0,,4,3.0,3.0,3.0,2.0,3,Yes,6.0,24,11,4,26,7.0,6,0,16.0,226,8.2,No,No,No
EMP10521,31,Male,Finance,Financial Analyst,1,Master's,Married,Travel_Rarely,38.0,6826,Medium,77.0,9330.0,3,3.0,3.0,3.0,,1,No,6.0,10,1,9,15,3.0,6,1,15.0,1390,10.4,No,No,No
EMP10522,30,Female,Finance,Financial Analyst,4,Master's,Single,Travel_Rarely,18.0,9709,High,,15920.0,3,3.0,3.0,4.0,3.0,2,No,5.0,9,5,9,14,5.0,1,1,14.0,913,7.8,Yes,No,No
EMP10523,58,Male,IT,Software Engineer,1,Doctorate,Single,Travel_Rarely,15.0,6026,Medium,69.0,6927.0,2,4.0,3.0,3.0,4.0,3,Yes,6.0,13,10,3,18,6.0,4,1,18.0,253,8.6,No,No,No
EMP10524,30,Female,Research & Development,Research Scientist,1,Bachelor's,Single,Travel_Rarely,31.0,5462,Medium,35.0,21655.0,3,1.0,,2.0,3.0,3,No,0.0,9,8,9,13,8.0,2,0,11.0,210,8.2,No,No,No
EMP10525,37,Male,Sales,Sales Executive,1,Master's,Single,Travel_Rarely,7.0,7310,High,66.0,3701.0,3,3.0,3.0,4.0,3.0,2,No,1.0,16,8,10,18,5.0,4,0,12.0,270,8.6,No,No,No
EMP10526,32,Female,IT,Software Engineer,4,Master's,Married,Travel_Rarely,31.0,12541,Very High,50.0,19134.0,3,1.0,2.0,3.0,4.0,2,No,0.0,11,4,11,13,6.0,1,1,13.0,1291,9.7,No,No,No
EMP10527,60,Female,Research & Development,Research Scientist,1,Bachelor's,Divorced,Non-Travel,40.0,8186,High,,6942.0,3,4.0,3.0,3.0,3.0,2,No,5.0,24,2,4,27,6.0,4,1,25.0,776,9.3,No,No,No
EMP10528,57,Male,Operations,Operations Coordinator,2,Bachelor's,Married,Non-Travel,3.0,7928,High,99.0,24392.0,3,3.0,4.0,3.0,3.0,3,No,3.0,5,3,5,11,5.0,3,1,19.0,796,7.0,No,No,No
EMP10529,60,Male,Human Resources,HR Executive,4,High School,Single,Travel_Rarely,3.0,14726,Very High,,13831.0,4,1.0,3.0,4.0,3.0,3,No,3.0,23,8,14,27,0.0,3,0,18.0,1155,8.8,Yes,No,No
EMP10530,49,Male,Finance,Financial Analyst,3,Master's,Married,Travel_Rarely,35.0,9135,High,92.0,11779.0,2,2.0,3.0,3.0,2.0,3,No,1.0,13,1,12,19,4.0,5,1,23.0,583,10.0,Yes,No,No
EMP10531,59,Female,Finance,Financial Analyst,1,Bachelor's,Single,Travel_Frequently,32.0,7230,High,38.0,14297.0,2,2.0,3.0,3.0,3.0,3,No,3.0,12,11,7,16,,3,1,10.0,565,8.9,No,No,No
EMP10532,56,Female,IT,Software Engineer,4,Master's,Married,Travel_Rarely,32.0,12107,Very High,62.0,,2,2.0,4.0,3.0,3.0,4,No,1.0,11,0,10,15,4.0,2,1,13.0,438,10.1,No,No,No
EMP10533,50,Female,Research & Development,Research Scientist,2,Bachelor's,Divorced,Travel_Rarely,13.0,8794,High,40.0,3278.0,2,2.0,3.0,1.0,4.0,3,No,3.0,13,0,1,13,8.0,6,1,23.0,329,8.1,No,No,Yes
EMP10534,37,Male,Research & Development,Research Scientist,1,Master's,Single,Non-Travel,34.0,6169,Medium,55.0,9855.0,3,2.0,3.0,1.0,3.0,3,Yes,3.0,10,3,2,10,7.0,1,1,22.0,636,8.6,No,Yes,Yes
EMP10535,32,Female,Human Resources,HR Executive,2,Master's,Single,Travel_Rarely,20.0,7634,High,54.0,7768.0,3,3.0,3.0,3.0,2.0,4,No,,11,5,11,12,2.0,6,0,22.0,287,7.5,No,No,No
EMP10536,37,Male,Sales,Sales Executive,4,Bachelor's,Single,Travel_Rarely,5.0,11714,Very High,51.0,14264.0,2,4.0,2.0,4.0,3.0,3,No,6.0,14,11,10,21,8.0,3,0,24.0,889,9.3,No,No,No
EMP10537,35,Male,Human Resources,HR Executive,1,Bachelor's,Married,Travel_Frequently,28.0,3299,Low,63.0,9642.0,3,2.0,,1.0,3.0,3,No,6.0,0,0,0,0,0.0,0,0,21.0,523,8.6,No,No,No
EMP10538,55,Male,Sales,Sales Executive,2,Master's,Married,Travel_Rarely,31.0,8397,High,70.0,18450.0,2,3.0,4.0,3.0,1.0,3,No,0.0,13,9,1,19,4.0,3,0,12.0,308,10.2,No,No,No
EMP10539,48,Female,Sales,Sales Executive,1,Bachelor's,Divorced,Non-Travel,17.0,5388,Medium,23.0,,2,3.0,3.0,2.0,4.0,3,Yes,6.0,12,0,2,14,,4,0,20.0,213,9.6,No,No,No
EMP10540,59,Male,IT,Software Engineer,2,Master's,Single,Travel_Rarely,5.0,6409,Medium,33.0,18391.0,2,4.0,2.0,3.0,3.0,3,No,1.0,2,2,2,2,2.0,5,1,17.0,650,7.4,No,No,No
EMP10541,25,Male,Operations,Operations Coordinator,3,Master's,Married,Non-Travel,33.0,7746,High,93.0,15065.0,4,3.0,3.0,3.0,3.0,4,No,0.0,4,4,1,10,4.0,2,0,10.0,442,8.8,No,No,No
EMP10542,45,Female,Sales,Sales Executive,3,Bachelor's,Divorced,Travel_Rarely,20.0,10117,Very High,91.0,23071.0,3,2.0,2.0,,1.0,3,No,2.0,16,1,8,22,5.0,3,1,21.0,365,8.7,Yes,No,Yes
EMP10543,48,Female,Operations,Operations Coordinator,1,Master's,Married,Travel_Rarely,31.0,6474,Medium,32.0,19901.0,3,3.0,3.0,,3.0,3,Yes,5.0,13,3,8,19,3.0,2,0,13.0,939,10.3,No,No,Yes
EMP10544,35,Male,Operations,Operations Coordinator,1,High School,Single,Travel_Rarely,32.0,5501,Medium,58.0,16968.0,3,3.0,4.0,1.0,3.0,3,No,6.0,8,5,8,12,6.0,0,2,23.0,1360,8.2,No,No,Yes
EMP10545,49,Female,Finance,Financial Analyst,2,Master's,Married,Travel_Frequently,10.0,6779,Medium,36.0,24168.0,3,4.0,3.0,3.0,1.0,3,No,3.0,11,9,6,17,0.0,5,1,15.0,948,7.3,No,Yes,No
EMP10546,53,Male,Sales,Sales Executive,1,Bachelor's,Married,Travel_Rarely,21.0,8220,High,82.0,24352.0,2,4.0,3.0,3.0,3.0,1,No,0.0,23,10,10,30,1.0,5,0,23.0,573,8.9,No,No,No
EMP10547,27,Female,Research & Development,Research Scientist,2,Bachelor's,Married,Non-Travel,11.0,7601,High,53.0,16712.0,3,3.0,4.0,2.0,3.0,2,No,0.0,6,5,6,7,3.0,2,1,25.0,1313,9.6,No,No,No
EMP10548,49,Female,Finance,Financial Analyst,1,Bachelor's,Single,Travel_Rarely,9.0,6269,Medium,26.0,14322.0,2,4.0,2.0,3.0,3.0,3,No,6.0,18,7,14,18,6.0,4,0,14.0,471,7.7,No,Yes,No
EMP10549,54,Female,Operations,Operations Coordinator,2,,Married,Non-Travel,14.0,6958,Medium,57.0,,3,3.0,3.0,2.0,4.0,3,Yes,4.0,1,1,1,6,1.0,3,1,15.0,1312,8.1,No,No,No
EMP10550,31,Female,Human Resources,HR Executive,1,High School,Married,Travel_Rarely,24.0,5746,Medium,42.0,,3,3.0,2.0,3.0,3.0,3,No,0.0,10,8,10,13,6.0,5,2,10.0,553,8.6,Yes,Yes,Yes
EMP10551,28,Female,Operations,Operations Coordinator,4,Bachelor's,Single,Travel_Frequently,17.0,9236,High,76.0,13167.0,3,2.0,2.0,3.0,3.0,2,No,1.0,7,4,5,14,1.0,5,0,17.0,1452,10.2,Yes,Yes,Yes
EMP10552,34,Female,IT,Software Engineer,4,Bachelor's,Married,Travel_Rarely,37.0,11072,Very High,24.0,,3,4.0,4.0,4.0,4.0,4,No,2.0,12,3,3,14,0.0,3,0,13.0,220,7.2,No,No,No
EMP10553,42,Male,Research & Development,Research Scientist,3,Bachelor's,Married,Travel_Rarely,7.0,11256,Very High,75.0,9078.0,3,2.0,4.0,2.0,2.0,3,No,1.0,21,10,12,22,4.0,6,0,16.0,393,8.6,No,No,No
EMP10554,36,Male,Finance,Financial Analyst,2,Bachelor's,Single,Travel_Rarely,37.0,7366,High,98.0,3944.0,4,3.0,4.0,3.0,3.0,3,No,1.0,15,7,8,22,9.0,0,0,14.0,471,8.1,No,No,No
EMP10555,36,Female,Sales,Sales Executive,1,Bachelor's,Single,Travel_Rarely,38.0,4923,Medium,33.0,15577.0,3,1.0,1.0,3.0,3.0,3,No,2.0,12,5,12,16,2.0,5,0,10.0,475,9.5,No,No,Yes
EMP10556,51,Male,Human Resources,HR Executive,1,High School,Married,Travel_Rarely,8.0,2476,Low,35.0,12153.0,3,3.0,3.0,3.0,2.0,3,No,5.0,4,2,4,9,1.0,5,1,14.0,997,8.6,No,No,No
EMP10557,33,Female,Sales,Sales Executive,4,Bachelor's,Divorced,Travel_Rarely,,10358,Very High,26.0,6715.0,2,3.0,1.0,3.0,2.0,4,Yes,2.0,12,3,10,13,3.0,6,1,25.0,660,7.2,No,No,Yes
EMP10558,50,Male,Research & Development,Research Scientist,3,Bachelor's,Married,Travel_Rarely,21.0,12179,Very High,28.0,15812.0,1,3.0,4.0,4.0,3.0,3,Yes,2.0,14,2,14,20,0.0,6,1,22.0,1125,9.2,No,No,No
EMP10559,55,Male,IT,Software Engineer,2,Bachelor's,Divorced,Travel_Rarely,20.0,8131,High,95.0,5963.0,4,3.0,3.0,1.0,3.0,3,No,0.0,10,0,4,13,4.0,0,2,11.0,943,9.0,No,No,No
EMP10560,36,Female,IT,Software Engineer,3,Bachelor's,Single,Non-Travel,9.0,11736,Very High,99.0,24684.0,3,3.0,3.0,1.0,4.0,2,No,1.0,15,8,8,19,4.0,6,0,17.0,152,10.2,No,No,No
EMP10561,55,Male,Sales,Sales Executive,1,Bachelor's,Single,Non-Travel,29.0,4581,Medium,64.0,21614.0,2,3.0,2.0,3.0,3.0,3,No,3.0,5,5,5,5,5.0,5,0,23.0,773,9.9,No,No,No
EMP10562,44,Female,Research & Development,Research Scientist,3,Bachelor's,Married,Travel_Rarely,4.0,9206,High,83.0,8590.0,3,3.0,3.0,3.0,2.0,3,Yes,6.0,2,2,2,3,2.0,1,0,22.0,1315,8.2,No,No,No
EMP10563,28,Male,Sales,Sales Executive,2,Bachelor's,Single,Non-Travel,37.0,7718,High,95.0,17155.0,3,4.0,3.0,2.0,3.0,3,Yes,5.0,7,7,0,8,6.0,2,1,20.0,1173,8.5,No,No,Yes
EMP10564,33,Male,Finance,Financial Analyst,4,Bachelor's,Married,Travel_Rarely,27.0,12972,Very High,80.0,21325.0,3,,3.0,2.0,3.0,2,Yes,6.0,12,3,12,17,4.0,1,1,12.0,240,9.5,No,No,No
EMP10565,57,Male,Operations,Operations Coordinator,5,Master's,Married,Non-Travel,4.0,13500,Very High,95.0,8470.0,3,4.0,3.0,2.0,3.0,3,No,2.0,22,6,11,29,9.0,2,0,17.0,684,9.7,No,No,No
EMP10566,40,Male,IT,Software Engineer,5,High School,Married,Travel_Rarely,25.0,11392,Very High,52.0,14811.0,3,3.0,3.0,2.0,2.0,3,Yes,6.0,4,4,1,9,0.0,1,0,21.0,635,10.2,No,Yes,No
EMP10567,54,Male,Sales,Sales Executive,1,Master's,Single,Travel_Frequently,39.0,8410,High,31.0,5437.0,3,4.0,4.0,3.0,3.0,3,No,4.0,20,7,11,27,9.0,4,2,15.0,1421,9.9,No,No,No
EMP10568,50,Female,Operations,Operations Coordinator,3,Bachelor's,Married,Non-Travel,34.0,9036,High,29.0,17573.0,4,2.0,2.0,2.0,2.0,3,No,0.0,6,0,6,9,0.0,3,1,24.0,1171,9.5,No,No,Yes
EMP10569,41,Male,Sales,Sales Executive,2,Bachelor's,Married,Travel_Rarely,3.0,8662,High,93.0,10232.0,4,3.0,3.0,3.0,4.0,3,Yes,0.0,12,5,12,18,9.0,3,0,14.0,1305,9.2,No,No,No
EMP10570,51,Female,Finance,Financial Analyst,3,Master's,Married,Travel_Rarely,15.0,11216,Very High,26.0,16117.0,4,3.0,2.0,,1.0,3,No,3.0,15,2,6,15,5.0,4,0,12.0,1448,10.5,No,No,No
EMP10571,26,Female,Sales,Sales Executive,5,Bachelor's,Married,Travel_Rarely,34.0,13230,Very High,90.0,22990.0,4,2.0,4.0,2.0,,3,No,0.0,5,0,5,6,,4,2,17.0,108,8.8,No,No,No
EMP10572,42,Female,Operations,Operations Coordinator,1,Bachelor's,Divorced,Travel_Frequently,19.0,7345,High,23.0,9638.0,4,2.0,4.0,4.0,2.0,3,No,6.0,20,3,5,25,7.0,0,1,14.0,464,9.0,No,No,No
EMP10573,34,Female,Research & Development,Research Scientist,3,Bachelor's,Married,Travel_Rarely,18.0,9115,High,62.0,5911.0,4,3.0,3.0,1.0,3.0,3,No,4.0,0,0,0,5,0.0,6,1,11.0,496,8.3,No,No,No
EMP10574,29,Female,Sales,Sales Executive,3,Bachelor's,Single,Travel_Rarely,1.0,8728,High,27.0,19252.0,2,4.0,3.0,4.0,3.0,2,No,1.0,8,6,8,13,3.0,4,3,13.0,1012,7.6,No,Yes,No
EMP10575,37,Male,Sales,Sales Executive,1,Master's,Single,Travel_Frequently,35.0,6939,Medium,,17287.0,3,1.0,3.0,2.0,3.0,3,No,3.0,16,5,12,23,0.0,5,0,22.0,146,7.8,No,No,No
EMP10576,52,Male,Operations,Operations Coordinator,1,Bachelor's,Single,Travel_Rarely,1.0,5070,Medium,37.0,,2,3.0,3.0,2.0,3.0,2,No,1.0,7,7,7,8,5.0,5,0,22.0,311,9.7,No,Yes,No
EMP10577,32,Female,Operations,Operations Coordinator,2,Doctorate,Single,Travel_Frequently,39.0,5809,Medium,51.0,13277.0,4,2.0,3.0,4.0,2.0,2,No,3.0,2,2,2,7,2.0,3,0,20.0,790,7.3,No,No,No
EMP10578,31,Male,Sales,Sales Executive,2,High School,Single,Non-Travel,8.0,7321,High,99.0,7333.0,4,2.0,2.0,3.0,3.0,3,Yes,2.0,2,2,2,7,2.0,5,1,11.0,1223,7.8,No,No,Yes
EMP10579,51,Female,IT,Software Engineer,2,Master's,Married,Non-Travel,8.0,6601,Medium,70.0,8163.0,2,4.0,3.0,3.0,1.0,2,No,5.0,8,1,4,10,0.0,3,0,15.0,317,9.7,Yes,No,No
EMP10580,33,Female,Sales,Sales Executive,2,Master's,Married,Travel_Frequently,24.0,6861,Medium,50.0,19434.0,3,3.0,2.0,2.0,1.0,4,No,3.0,12,0,7,17,9.0,1,0,13.0,167,7.5,Yes,No,No
EMP10581,50,Male,Human Resources,HR Executive,2,Bachelor's,Married,Non-Travel,8.0,7927,High,88.0,12539.0,4,2.0,3.0,4.0,3.0,3,No,6.0,11,5,8,11,2.0,5,1,15.0,1274,7.1,No,No,No
EMP10582,23,Female,IT,Software Engineer,1,Master's,Single,Travel_Rarely,10.0,3535,Low,54.0,11478.0,1,3.0,3.0,4.0,3.0,3,No,2.0,2,0,2,3,1.0,5,2,24.0,682,9.0,No,No,Yes
EMP10583,45,Male,IT,Software Engineer,2,Bachelor's,Single,Non-Travel,,7340,High,79.0,17684.0,3,2.0,3.0,4.0,4.0,3,No,1.0,9,6,1,11,7.0,1,1,25.0,690,9.9,Yes,No,No
EMP10584,60,Male,Research & Development,Research Scientist,3,Master's,Married,Non-Travel,10.0,10751,Very High,79.0,5285.0,2,2.0,3.0,3.0,3.0,3,No,6.0,17,2,9,21,3.0,1,0,24.0,489,10.2,No,No,Yes
EMP10585,56,Female,Sales,Sales Executive,4,Bachelor's,Married,Travel_Rarely,38.0,9991,High,27.0,9024.0,3,3.0,3.0,1.0,2.0,4,No,6.0,4,2,4,8,4.0,0,0,16.0,615,10.5,Yes,No,Yes
EMP10586,50,Female,Research & Development,Research Scientist,2,,,Non-Travel,31.0,9253,High,58.0,13743.0,2,3.0,3.0,4.0,2.0,4,Yes,4.0,16,0,5,20,2.0,3,1,21.0,455,10.4,No,No,Yes
EMP10587,28,Male,Operations,Operations Coordinator,2,High School,Married,Travel_Rarely,19.0,5495,Medium,60.0,23108.0,4,2.0,4.0,2.0,2.0,4,Yes,5.0,4,1,4,8,4.0,5,0,15.0,435,9.1,No,No,Yes
EMP10588,56,Female,Human Resources,HR Executive,4,Master's,Single,Travel_Rarely,,11624,Very High,97.0,4012.0,2,3.0,3.0,2.0,1.0,2,No,4.0,7,3,6,12,7.0,6,0,23.0,955,9.9,No,No,No
EMP10589,43,Male,Sales,Sales Executive,4,Doctorate,Married,Travel_Frequently,30.0,9890,High,73.0,13413.0,4,1.0,4.0,3.0,2.0,1,No,0.0,7,6,7,8,1.0,4,1,11.0,1322,7.4,No,No,No
EMP10590,29,Female,Sales,Sales Executive,1,Bachelor's,Married,Travel_Frequently,23.0,5583,Medium,59.0,9020.0,3,3.0,2.0,3.0,3.0,1,Yes,6.0,8,2,3,12,3.0,0,2,24.0,773,9.4,No,Yes,Yes
EMP10591,43,Male,IT,Software Engineer,2,Master's,Married,Travel_Rarely,25.0,8461,High,77.0,6241.0,1,3.0,3.0,2.0,3.0,4,Yes,1.0,22,4,0,23,8.0,1,0,18.0,344,8.3,No,No,No
EMP10592,43,Male,Operations,Operations Coordinator,1,High School,Single,Non-Travel,29.0,9110,High,50.0,3547.0,2,3.0,4.0,4.0,1.0,3,No,2.0,18,10,4,20,1.0,4,1,12.0,201,8.3,No,No,No
EMP10593,56,Male,IT,Software Engineer,1,Doctorate,Married,Travel_Frequently,32.0,8458,High,66.0,17087.0,3,,2.0,3.0,1.0,1,No,2.0,21,5,6,25,8.0,1,3,16.0,1200,8.5,No,No,Yes
EMP10594,50,Female,IT,Software Engineer,2,Bachelor's,Married,Travel_Rarely,3.0,5262,Medium,53.0,21573.0,3,3.0,2.0,2.0,3.0,3,No,1.0,5,5,5,12,,6,2,25.0,507,9.6,No,No,No
EMP10595,32,Male,Operations,Operations Coordinator,2,Master's,Married,Non-Travel,17.0,8681,High,79.0,15813.0,2,2.0,4.0,,3.0,3,No,3.0,11,8,8,15,8.0,6,1,11.0,464,9.2,No,No,No
EMP10596,47,Male,Sales,Sales Executive,1,Master's,Single,Non-Travel,17.0,4932,Medium,87.0,21761.0,3,3.0,4.0,2.0,2.0,3,No,2.0,0,0,0,7,0.0,5,0,12.0,544,8.3,No,No,No
EMP10597,45,Female,Research & Development,Research Scientist,2,Bachelor's,,Travel_Frequently,2.0,10303,Very High,99.0,12995.0,3,3.0,2.0,3.0,4.0,3,Yes,6.0,18,7,6,22,9.0,6,0,25.0,792,8.6,No,No,No
EMP10598,58,Male,IT,Software Engineer,2,Master's,Single,Travel_Frequently,38.0,5438,Medium,59.0,20305.0,2,2.0,3.0,3.0,1.0,3,No,2.0,1,1,1,5,0.0,0,0,13.0,1125,8.5,Yes,No,No
EMP10599,55,Male,Research & Development,Research Scientist,3,High School,Married,Travel_Frequently,2.0,8737,High,39.0,7005.0,4,3.0,3.0,1.0,3.0,3,Yes,6.0,14,3,5,16,1.0,6,1,10.0,649,8.1,No,No,No
EMP10600,27,Female,Research & Development,Research Scientist,1,Master's,Married,Travel_Rarely,7.0,5581,Medium,82.0,11879.0,4,3.0,2.0,3.0,4.0,4,No,,6,3,6,11,0.0,2,1,24.0,341,8.2,No,Yes,No
EMP10601,57,Female,IT,Software Engineer,2,Bachelor's,Single,Travel_Rarely,39.0,9615,High,36.0,13375.0,4,3.0,4.0,1.0,,2,Yes,3.0,17,3,7,21,8.0,1,0,11.0,1341,7.9,No,No,Yes
EMP10602,25,Female,IT,Software Engineer,3,Master's,Single,Travel_Frequently,22.0,7436,High,98.0,14064.0,4,3.0,2.0,1.0,3.0,3,Yes,3.0,4,4,4,9,4.0,6,2,13.0,153,8.2,No,No,No
EMP10603,53,Female,Finance,Financial Analyst,3,Bachelor's,Married,Travel_Rarely,16.0,8765,High,45.0,6633.0,3,3.0,4.0,2.0,3.0,2,No,0.0,2,2,2,6,1.0,2,0,12.0,1287,9.0,Yes,No,No
EMP10604,49,Female,Sales,Sales Executive,5,Bachelor's,Single,Travel_Frequently,26.0,14143,Very High,85.0,13020.0,1,4.0,3.0,4.0,2.0,3,No,4.0,15,4,9,18,4.0,1,2,18.0,1239,8.5,No,No,No
EMP10605,28,Female,Sales,Sales Executive,1,Bachelor's,Married,Non-Travel,27.0,4862,Medium,83.0,12892.0,4,2.0,2.0,3.0,4.0,3,Yes,1.0,7,3,7,11,2.0,5,3,11.0,957,9.6,No,No,Yes
EMP10606,42,Female,Operations,Operations Coordinator,1,Master's,Single,Travel_Rarely,7.0,6217,Medium,38.0,9693.0,2,2.0,2.0,3.0,3.0,3,Yes,2.0,10,8,2,10,3.0,2,1,13.0,898,9.5,No,No,No
EMP10607,39,Male,Research & Development,Research Scientist,2,High School,Married,Non-Travel,30.0,9124,High,67.0,19818.0,2,3.0,4.0,4.0,3.0,3,No,3.0,18,9,11,24,9.0,4,1,14.0,1258,10.2,No,Yes,No
EMP10608,22,Male,Sales,Sales Executive,1,Bachelor's,Married,Travel_Frequently,31.0,4493,Low,65.0,11789.0,3,3.0,2.0,4.0,4.0,3,No,6.0,1,1,1,4,0.0,1,1,23.0,854,7.1,No,No,Yes
EMP10609,31,Male,Sales,Sales Executive,1,Bachelor's,Single,Non-Travel,4.0,6324,Medium,83.0,17906.0,3,4.0,3.0,3.0,3.0,3,No,1.0,10,1,3,12,0.0,4,2,16.0,801,7.9,No,No,Yes
EMP10610,60,Female,Finance,Financial Analyst,4,Bachelor's,Married,Travel_Frequently,34.0,12660,Very High,33.0,16506.0,2,3.0,3.0,2.0,1.0,2,No,4.0,12,1,0,13,1.0,2,1,12.0,1011,10.3,No,No,No
EMP10611,43,Female,Operations,Operations Coordinator,1,Master's,Married,Non-Travel,20.0,5047,Medium,83.0,3583.0,3,3.0,2.0,2.0,4.0,2,No,6.0,7,7,7,13,2.0,6,1,11.0,1088,9.0,No,No,Yes
EMP10612,27,Male,Finance,Financial Analyst,4,Bachelor's,Married,Non-Travel,33.0,9990,High,37.0,7474.0,2,3.0,2.0,1.0,4.0,3,No,2.0,2,2,2,6,2.0,2,1,24.0,302,8.5,Yes,Yes,No
EMP10613,45,Female,Research & Development,Research Scientist,1,Bachelor's,Married,Travel_Rarely,34.0,5039,Medium,46.0,8196.0,3,3.0,3.0,4.0,3.0,2,Yes,1.0,6,6,6,9,6.0,1,0,18.0,705,8.3,Yes,No,No
EMP10614,51,Male,Sales,Sales Executive,4,Master's,Divorced,Travel_Rarely,18.0,12403,Very High,96.0,16512.0,3,2.0,3.0,3.0,4.0,3,No,0.0,18,4,12,24,3.0,0,0,17.0,1351,9.8,No,No,No
EMP10615,60,Female,Sales,Sales Executive,4,Bachelor's,Divorced,Travel_Frequently,9.0,9336,High,55.0,8173.0,4,3.0,3.0,3.0,3.0,3,No,6.0,6,2,6,13,6.0,0,0,11.0,293,10.3,No,No,No
EMP10616,54,Female,Sales,Sales Executive,1,High School,Married,Travel_Frequently,13.0,6888,Medium,70.0,9409.0,2,4.0,3.0,3.0,4.0,2,No,4.0,17,4,14,17,0.0,3,0,24.0,1316,8.5,No,No,No
EMP10617,54,Female,Research & Development,Research Scientist,2,Bachelor's,Married,Travel_Frequently,17.0,9908,High,91.0,4516.0,3,3.0,1.0,2.0,2.0,3,No,3.0,20,10,9,20,6.0,3,0,25.0,654,9.6,No,No,No
EMP10618,31,Female,Operations,Operations Coordinator,2,Master's,Single,Travel_Rarely,16.0,7908,High,46.0,3238.0,3,3.0,3.0,3.0,1.0,3,Yes,5.0,10,7,2,14,1.0,4,0,10.0,845,9.0,No,No,Yes
EMP10619,35,Female,Sales,Sales Executive,4,Bachelor's,Married,Non-Travel,13.0,11506,Very High,98.0,,3,2.0,2.0,4.0,3.0,3,No,4.0,14,0,8,18,6.0,5,1,10.0,719,7.3,No,No,No
EMP10620,52,Male,Sales,Sales Executive,1,Master's,Married,Travel_Rarely,9.0,5448,Medium,30.0,13505.0,4,2.0,,4.0,1.0,4,No,1.0,4,2,4,5,4.0,4,1,19.0,1037,9.3,No,No,No
EMP10621,33,Female,Research & Development,Research Scientist,3,Bachelor's,Married,Non-Travel,28.0,8869,High,23.0,21098.0,1,3.0,2.0,3.0,3.0,2,No,1.0,12,4,10,19,4.0,6,0,18.0,208,8.3,No,No,No
EMP10622,58,Male,Human Resources,HR Executive,3,Bachelor's,Divorced,Non-Travel,16.0,11625,Very High,60.0,5647.0,2,3.0,3.0,4.0,4.0,2,No,1.0,20,2,8,24,0.0,1,1,19.0,166,9.1,No,No,Yes
EMP10623,60,Male,Operations,Operations Coordinator,3,Bachelor's,Single,Travel_Rarely,33.0,7102,High,95.0,,2,3.0,4.0,4.0,2.0,3,No,2.0,5,5,5,6,5.0,0,1,16.0,694,9.0,Yes,Yes,No
EMP10624,58,Male,Operations,Operations Coordinator,1,Master's,Divorced,Travel_Rarely,30.0,4521,Medium,29.0,18341.0,2,3.0,3.0,3.0,3.0,2,No,3.0,3,3,3,8,3.0,4,2,22.0,374,10.1,No,Yes,Yes
EMP10625,45,Male,Research & Development,Research Scientist,4,Bachelor's,Single,Travel_Rarely,24.0,12228,Very High,35.0,24734.0,3,3.0,3.0,3.0,3.0,3,Yes,5.0,13,3,6,18,9.0,3,1,16.0,231,9.8,No,No,No
EMP10626,49,Male,Research & Development,Research Scientist,2,Master's,Single,Travel_Rarely,28.0,9447,High,44.0,15272.0,2,2.0,4.0,1.0,3.0,2,Yes,6.0,23,10,0,27,4.0,1,0,24.0,843,7.5,No,No,No
EMP10627,24,Male,Human Resources,HR Executive,1,Bachelor's,Married,Travel_Rarely,29.0,5067,Medium,23.0,,2,,4.0,3.0,2.0,4,No,3.0,3,3,1,9,2.0,3,2,23.0,247,,No,No,No
EMP10628,25,Female,IT,Software Engineer,1,Master's,Married,Travel_Rarely,20.0,4479,Low,71.0,12264.0,4,3.0,3.0,3.0,2.0,2,Yes,3.0,4,3,4,4,4.0,6,0,19.0,291,8.4,No,No,Yes
EMP10629,49,Female,Human Resources,HR Executive,1,High School,Divorced,Travel_Rarely,26.0,5651,Medium,67.0,9123.0,2,3.0,3.0,2.0,3.0,2,Yes,3.0,16,9,13,19,1.0,1,3,14.0,1087,8.1,Yes,No,Yes
EMP10630,51,Female,IT,Software Engineer,1,High School,Married,Travel_Rarely,7.0,4327,Low,26.0,24817.0,3,2.0,3.0,4.0,4.0,3,No,2.0,3,3,3,3,3.0,1,2,16.0,819,8.2,No,No,No
EMP10631,46,Male,IT,Software Engineer,1,Master's,Married,Travel_Rarely,18.0,5577,Medium,40.0,18394.0,3,3.0,3.0,4.0,3.0,3,No,6.0,4,4,4,7,3.0,0,0,18.0,1291,9.4,Yes,No,No
EMP10632,29,Female,Sales,Sales Executive,3,Master's,Married,Travel_Rarely,5.0,7095,High,43.0,8052.0,4,4.0,2.0,1.0,3.0,3,No,2.0,0,0,0,7,0.0,2,0,19.0,219,10.4,Yes,No,No
EMP10633,24,Female,Sales,Sales Executive,2,Bachelor's,Divorced,Travel_Rarely,9.0,6948,Medium,44.0,8741.0,1,1.0,2.0,2.0,3.0,3,No,6.0,3,3,3,10,1.0,3,1,21.0,745,7.4,No,No,No
EMP10634,59,Male,Operations,Operations Coordinator,2,Bachelor's,Divorced,Travel_Frequently,7.0,4200,Low,84.0,24441.0,3,2.0,3.0,4.0,3.0,4,No,0.0,1,1,1,6,1.0,6,1,25.0,1209,10.0,No,No,No
EMP10635,60,Male,Operations,Operations Coordinator,2,Bachelor's,Married,Travel_Rarely,21.0,10566,Very High,73.0,8014.0,3,4.0,,1.0,3.0,3,Yes,3.0,23,3,10,25,8.0,1,0,15.0,933,9.5,No,No,No
EMP10636,45,Female,Research & Development,Research Scientist,3,High School,Single,Non-Travel,31.0,8162,High,83.0,15131.0,3,4.0,3.0,3.0,2.0,2,No,4.0,12,10,0,12,6.0,0,0,25.0,1138,10.5,No,No,No
EMP10637,57,Female,Research & Development,Research Scientist,2,Master's,,Travel_Rarely,12.0,7483,High,45.0,3335.0,2,3.0,2.0,1.0,3.0,4,No,4.0,1,1,1,8,1.0,4,0,11.0,1212,8.0,No,No,No
EMP10638,47,Male,Human Resources,HR Executive,4,Master's,Single,Travel_Rarely,,9190,High,44.0,15166.0,4,3.0,3.0,3.0,3.0,4,No,4.0,2,2,2,8,2.0,4,0,10.0,891,8.6,No,No,No
EMP10639,41,Female,Sales,Sales Executive,1,Master's,Married,Travel_Rarely,16.0,7677,High,27.0,15925.0,2,3.0,3.0,2.0,3.0,3,No,1.0,20,5,4,20,5.0,0,1,16.0,1036,10.2,No,No,No
EMP10640,58,Male,Finance,Financial Analyst,2,High School,Single,,30.0,7681,High,87.0,24393.0,2,3.0,2.0,3.0,1.0,3,No,6.0,15,11,14,21,7.0,1,0,12.0,977,7.9,No,No,Yes
EMP10641,54,Male,Research & Development,Research Scientist,3,Bachelor's,Single,Travel_Rarely,27.0,7902,High,89.0,13429.0,2,1.0,3.0,3.0,4.0,3,No,1.0,6,6,6,10,2.0,6,0,17.0,1383,10.5,No,No,Yes
EMP10642,58,Female,Human Resources,HR Executive,2,Master's,Single,Travel_Rarely,33.0,7866,High,60.0,17393.0,3,3.0,3.0,,2.0,3,Yes,4.0,6,6,6,9,6.0,6,1,12.0,1023,9.6,Yes,Yes,No
EMP10643,49,Male,Finance,Financial Analyst,5,Master's,Single,Travel_Rarely,40.0,11066,Very High,41.0,22576.0,3,3.0,2.0,2.0,4.0,3,No,3.0,6,6,3,13,6.0,4,0,12.0,1291,9.9,Yes,No,No
EMP10644,51,Male,Sales,Sales Executive,3,High School,Divorced,Non-Travel,37.0,7541,High,51.0,24972.0,2,2.0,2.0,3.0,4.0,1,No,5.0,2,1,1,3,2.0,1,2,12.0,1289,7.5,No,Yes,No
EMP10645,30,Female,Sales,Sales Executive,5,Bachelor's,Single,Non-Travel,37.0,9645,High,87.0,20019.0,4,3.0,3.0,2.0,3.0,4,No,2.0,2,2,2,4,2.0,1,1,16.0,536,9.8,No,No,No
EMP10646,60,Male,Sales,Sales Executive,5,Bachelor's,Married,Travel_Rarely,39.0,12699,Very High,49.0,4430.0,4,3.0,3.0,,2.0,4,No,5.0,10,0,2,16,9.0,1,1,10.0,595,8.2,Yes,No,No
EMP10647,22,Female,Human Resources,HR Executive,5,Bachelor's,Married,Travel_Rarely,23.0,10950,Very High,,10680.0,3,3.0,3.0,3.0,2.0,3,No,1.0,1,0,1,2,1.0,6,0,13.0,630,8.0,Yes,No,No
EMP10648,52,Male,Sales,Sales Executive,1,Bachelor's,Single,Travel_Rarely,5.0,7087,High,37.0,20275.0,3,4.0,3.0,3.0,3.0,2,Yes,1.0,16,9,6,17,,5,1,10.0,1118,10.5,No,No,No
EMP10649,54,Male,IT,Software Engineer,3,Bachelor's,Married,Travel_Frequently,10.0,9298,High,24.0,24102.0,2,3.0,3.0,3.0,3.0,3,No,3.0,11,0,8,14,2.0,4,1,24.0,224,8.5,No,No,No
EMP10650,47,Male,IT,Software Engineer,3,Bachelor's,Single,Travel_Rarely,26.0,8700,High,53.0,9620.0,2,3.0,3.0,2.0,1.0,2,No,0.0,13,3,4,15,6.0,2,1,11.0,1404,10.2,No,No,No
EMP10651,42,Male,Research & Development,Research Scientist,1,Master's,Single,Non-Travel,14.0,7904,High,32.0,5704.0,1,2.0,3.0,3.0,3.0,3,Yes,2.0,21,6,2,24,5.0,4,1,20.0,1117,9.8,Yes,Yes,No
EMP10652,37,Female,Operations,Operations Coordinator,2,Bachelor's,Divorced,Travel_Rarely,36.0,4509,Medium,24.0,17343.0,4,3.0,3.0,3.0,3.0,2,No,6.0,0,0,0,3,0.0,4,0,18.0,301,9.9,No,No,Yes
EMP10653,43,Male,Operations,Operations Coordinator,1,Doctorate,Single,Non-Travel,30.0,6371,Medium,42.0,20182.0,1,3.0,3.0,3.0,4.0,3,No,2.0,15,7,13,18,2.0,5,1,22.0,440,9.5,No,No,No
EMP10654,44,Male,Research & Development,Research Scientist,1,High School,Divorced,Travel_Frequently,15.0,4116,Low,,13746.0,4,1.0,3.0,4.0,4.0,3,No,3.0,3,3,3,6,2.0,3,1,17.0,640,9.6,No,No,No
EMP10655,53,Female,Human Resources,HR Executive,3,Bachelor's,Single,Non-Travel,25.0,9546,High,38.0,9134.0,3,4.0,3.0,1.0,2.0,3,No,0.0,6,1,6,13,5.0,4,0,25.0,672,10.5,No,No,No
EMP10656,24,Female,Research & Development,Research Scientist,1,High School,Married,Non-Travel,29.0,5669,Medium,55.0,18619.0,3,3.0,3.0,3.0,4.0,2,No,4.0,3,0,3,8,2.0,2,3,11.0,522,8.5,No,Yes,Yes
EMP10657,33,Female,Sales,Sales Executive,2,Bachelor's,Married,Travel_Rarely,34.0,7677,High,48.0,13720.0,3,3.0,4.0,3.0,2.0,2,No,0.0,12,2,2,16,2.0,4,0,19.0,189,8.6,No,Yes,No
EMP10658,33,Female,Research & Development,Research Scientist,3,Bachelor's,Married,Non-Travel,21.0,8697,High,45.0,3658.0,3,3.0,1.0,1.0,2.0,4,No,5.0,1,1,1,6,1.0,4,2,23.0,1197,8.1,No,Yes,No
EMP10659,60,Male,Research & Development,Research Scientist,1,High School,Married,Non-Travel,21.0,5475,Medium,20.0,14509.0,3,2.0,1.0,2.0,2.0,4,No,2.0,7,0,3,8,4.0,5,2,10.0,1156,10.1,No,No,Yes
EMP10660,28,Male,Research & Development,Research Scientist,2,Master's,Single,Travel_Rarely,20.0,7694,High,59.0,10218.0,3,3.0,3.0,3.0,4.0,3,No,1.0,7,7,7,7,2.0,1,0,20.0,1102,10.3,Yes,No,No
EMP10661,59,Female,Operations,Operations Coordinator,5,Bachelor's,Married,Travel_Frequently,7.0,10966,Very High,69.0,4846.0,3,1.0,4.0,3.0,4.0,2,No,1.0,5,3,5,7,4.0,0,0,19.0,595,9.7,No,No,No
EMP10662,27,Male,Finance,Financial Analyst,1,Master's,Married,Travel_Rarely,5.0,4210,Low,28.0,17464.0,3,3.0,3.0,3.0,3.0,3,No,4.0,6,4,5,10,6.0,0,1,24.0,803,7.9,Yes,No,No
EMP10663,42,Male,Human Resources,HR Executive,1,Master's,Married,Travel_Frequently,30.0,4290,Low,25.0,23548.0,2,1.0,2.0,3.0,3.0,3,No,0.0,5,0,4,9,0.0,0,1,24.0,961,9.6,No,No,Yes
EMP10664,43,Male,Operations,Operations Coordinator,1,Bachelor's,Single,Travel_Rarely,13.0,6148,Medium,50.0,15871.0,2,3.0,1.0,1.0,4.0,3,No,4.0,10,4,10,15,1.0,5,0,12.0,1393,8.6,No,No,Yes
EMP10665,54,Male,Operations,Operations Coordinator,3,Bachelor's,Single,Travel_Rarely,12.0,11699,Very High,59.0,21817.0,3,3.0,2.0,3.0,2.0,3,No,2.0,22,8,9,26,5.0,2,0,15.0,1340,9.6,No,No,No
EMP10666,52,Female,Research & Development,Research Scientist,2,Bachelor's,Married,Travel_Rarely,40.0,8927,High,80.0,20962.0,4,1.0,,3.0,2.0,3,No,0.0,15,5,10,19,5.0,0,0,21.0,239,7.9,No,No,No
EMP10667,26,Female,Operations,Operations Coordinator,4,Master's,Divorced,Non-Travel,26.0,10822,Very High,81.0,19448.0,3,3.0,3.0,4.0,2.0,1,No,4.0,5,3,5,12,1.0,4,0,15.0,991,,No,No,No
EMP10668,49,Female,Research & Development,Research Scientist,4,Bachelor's,Divorced,Non-Travel,22.0,11218,Very High,69.0,23380.0,3,3.0,2.0,3.0,4.0,3,No,3.0,10,3,5,16,2.0,1,0,21.0,934,7.2,No,No,No
EMP10669,52,Female,Sales,Sales Executive,2,Master's,Single,Travel_Frequently,25.0,8393,High,85.0,4680.0,3,3.0,3.0,3.0,2.0,1,Yes,0.0,14,9,12,14,0.0,6,1,22.0,1409,,No,No,No
EMP10670,44,Male,IT,Software Engineer,2,Bachelor's,Married,Travel_Rarely,11.0,7051,High,24.0,8473.0,3,3.0,2.0,3.0,1.0,3,No,5.0,7,4,7,13,3.0,6,0,14.0,763,10.3,Yes,No,No
EMP10671,56,Female,Research & Development,Research Scientist,2,Master's,Married,Travel_Rarely,38.0,8338,High,24.0,21509.0,2,3.0,3.0,3.0,4.0,2,Yes,3.0,10,10,3,11,6.0,6,0,18.0,1204,9.8,No,No,Yes
EMP10672,49,Female,Sales,Sales Executive,2,Master's,Married,Non-Travel,34.0,7533,High,65.0,21695.0,3,3.0,3.0,3.0,2.0,3,Yes,6.0,14,7,10,14,3.0,0,1,14.0,1340,8.7,No,No,No
EMP10673,48,Female,Operations,Operations Coordinator,2,Bachelor's,Married,Travel_Frequently,30.0,6181,Medium,95.0,9343.0,3,2.0,3.0,3.0,4.0,3,No,5.0,6,6,6,12,6.0,2,3,18.0,865,9.6,No,No,No
EMP10674,51,Female,Operations,Operations Coordinator,1,Bachelor's,Married,Travel_Rarely,,5489,Medium,85.0,4803.0,4,2.0,2.0,4.0,3.0,3,No,3.0,12,0,10,17,8.0,6,0,18.0,1039,8.9,No,No,Yes
EMP10675,49,Male,Research & Development,Research Scientist,1,Master's,Married,Travel_Frequently,12.0,3521,Low,52.0,6809.0,2,1.0,3.0,3.0,2.0,3,No,4.0,0,0,0,7,0.0,6,2,16.0,1442,7.9,Yes,No,No
EMP10676,37,Male,Sales,Sales Executive,1,Doctorate,Married,Travel_Rarely,11.0,7995,High,48.0,14529.0,2,3.0,1.0,1.0,4.0,3,No,4.0,16,0,2,19,5.0,4,3,19.0,209,10.1,No,Yes,No
EMP10677,23,Female,Operations,Operations Coordinator,2,Bachelor's,Married,Travel_Rarely,29.0,6262,Medium,50.0,19646.0,2,2.0,4.0,2.0,2.0,2,Yes,1.0,2,1,2,9,2.0,1,1,14.0,1044,8.4,No,No,Yes
EMP10678,58,Male,IT,Software Engineer,1,Bachelor's,Single,Travel_Rarely,21.0,6544,Medium,64.0,7826.0,3,4.0,3.0,1.0,3.0,4,No,6.0,13,3,1,19,1.0,1,1,22.0,1415,9.5,No,Yes,No
EMP10679,35,Male,Sales,Sales Executive,1,Bachelor's,Single,Travel_Frequently,38.0,6908,Medium,23.0,19300.0,3,2.0,3.0,3.0,2.0,2,No,5.0,12,0,1,13,2.0,6,2,19.0,1186,8.1,No,No,Yes
EMP10680,28,Male,Sales,Sales Executive,2,Bachelor's,Single,Travel_Rarely,16.0,8050,High,40.0,9848.0,3,2.0,2.0,2.0,2.0,4,Yes,3.0,7,1,3,13,6.0,1,1,15.0,1386,9.4,No,No,Yes
EMP10681,40,Female,IT,Software Engineer,2,Master's,Married,Travel_Rarely,2.0,7437,High,54.0,22658.0,4,3.0,3.0,4.0,2.0,3,No,4.0,5,1,2,12,5.0,3,2,25.0,197,8.8,No,Yes,Yes
EMP10682,29,Female,Sales,Sales Executive,1,Bachelor's,Married,Non-Travel,27.0,5359,Medium,31.0,,1,1.0,4.0,2.0,3.0,3,Yes,3.0,8,8,1,8,5.0,3,1,21.0,540,7.6,No,No,No
EMP10683,38,Female,Research & Development,Research Scientist,1,Bachelor's,Married,Non-Travel,34.0,6870,Medium,90.0,16748.0,4,1.0,4.0,4.0,3.0,1,No,1.0,17,8,10,20,7.0,0,0,10.0,596,9.2,No,No,No
EMP10684,40,Male,Operations,Operations Coordinator,4,Bachelor's,Married,Non-Travel,14.0,11688,Very High,46.0,18232.0,4,3.0,4.0,4.0,3.0,3,No,4.0,12,2,4,14,8.0,4,0,21.0,465,9.7,No,No,No
EMP10685,59,Female,Sales,Sales Executive,1,Master's,Married,Non-Travel,16.0,7639,High,54.0,6233.0,3,3.0,3.0,4.0,3.0,4,No,2.0,19,6,13,23,9.0,5,0,22.0,1076,8.5,No,Yes,No
EMP10686,55,Male,Research & Development,Research Scientist,1,Master's,Divorced,Non-Travel,12.0,7266,High,69.0,14708.0,3,2.0,1.0,3.0,3.0,3,No,1.0,12,2,9,13,8.0,0,0,23.0,492,7.1,No,No,Yes
EMP10687,33,Female,Sales,Sales Executive,3,Doctorate,Married,Non-Travel,29.0,9259,High,81.0,14700.0,2,,2.0,3.0,3.0,3,No,1.0,12,5,12,19,1.0,4,2,22.0,517,8.7,Yes,No,No
EMP10688,46,Female,Research & Development,Research Scientist,1,Bachelor's,Married,Non-Travel,14.0,4479,Low,64.0,11652.0,3,3.0,3.0,4.0,4.0,3,No,5.0,7,5,7,9,7.0,1,0,12.0,1326,9.6,No,No,No
EMP10689,25,Female,Finance,Financial Analyst,3,Master's,Single,Travel_Frequently,39.0,8753,High,62.0,15057.0,3,,4.0,3.0,3.0,3,No,3.0,3,3,3,3,,1,2,15.0,263,9.8,Yes,No,Yes
EMP10690,40,Male,Research & Development,Research Scientist,2,Bachelor's,Married,Non-Travel,38.0,6501,Medium,54.0,22091.0,3,4.0,4.0,3.0,4.0,2,No,4.0,13,11,10,20,4.0,2,1,15.0,803,9.7,No,No,No
EMP10691,34,Male,Sales,Sales Executive,1,Bachelor's,Married,Travel_Rarely,18.0,7444,High,,7138.0,2,2.0,3.0,3.0,1.0,3,No,4.0,13,10,3,16,5.0,6,1,16.0,321,9.1,Yes,No,No
EMP10692,50,Male,Operations,Operations Coordinator,1,Master's,Single,Non-Travel,30.0,5759,Medium,39.0,14948.0,2,3.0,3.0,2.0,4.0,4,Yes,1.0,8,8,8,8,2.0,0,0,16.0,1161,10.1,No,No,No
EMP10693,54,Female,Human Resources,HR Executive,2,High School,Married,Travel_Rarely,3.0,7392,High,33.0,10718.0,2,3.0,3.0,4.0,4.0,3,No,5.0,7,5,4,13,4.0,4,0,19.0,387,9.1,No,No,No
EMP10694,41,Male,Sales,Sales Executive,2,,Divorced,Travel_Rarely,39.0,8021,High,68.0,4769.0,4,3.0,3.0,3.0,4.0,3,Yes,3.0,10,1,10,14,3.0,5,0,22.0,421,7.1,No,No,No
EMP10695,27,Female,Research & Development,Research Scientist,3,High School,Single,Non-Travel,25.0,10171,Very High,51.0,17684.0,3,4.0,2.0,4.0,4.0,3,Yes,0.0,6,0,6,13,6.0,6,1,12.0,427,7.1,No,No,No
EMP10696,29,Female,IT,Software Engineer,2,High School,Married,Travel_Rarely,36.0,6685,Medium,68.0,19589.0,3,3.0,2.0,3.0,3.0,2,Yes,0.0,8,7,8,15,5.0,6,0,18.0,304,7.8,No,No,No
EMP10697,45,Female,Sales,Sales Executive,4,Master's,Single,Travel_Frequently,26.0,9522,High,65.0,13892.0,3,,3.0,3.0,1.0,3,Yes,6.0,5,0,5,5,5.0,3,2,21.0,595,9.0,No,No,Yes
EMP10698,42,Female,IT,Software Engineer,4,Master's,Divorced,Non-Travel,25.0,13318,Very High,67.0,3840.0,3,4.0,4.0,3.0,3.0,3,No,5.0,14,9,1,19,6.0,3,1,11.0,1229,8.8,No,No,No
EMP10699,34,Female,IT,Software Engineer,1,Bachelor's,Divorced,Travel_Rarely,20.0,5715,Medium,39.0,6831.0,2,3.0,3.0,3.0,2.0,4,No,1.0,13,9,13,20,1.0,6,1,23.0,623,7.4,No,No,No
EMP10700,57,Female,Operations,Operations Coordinator,1,Bachelor's,Single,Non-Travel,7.0,7148,High,26.0,19156.0,3,3.0,3.0,3.0,3.0,3,No,3.0,10,7,1,13,4.0,2,2,20.0,385,7.2,No,No,No
EMP10701,29,Female,IT,Software Engineer,2,Master's,Married,Non-Travel,9.0,8558,High,59.0,19924.0,4,3.0,4.0,3.0,2.0,3,No,3.0,8,5,6,13,5.0,3,0,12.0,1031,10.5,No,No,No
EMP10702,30,Male,Human Resources,HR Executive,3,Bachelor's,Married,Travel_Frequently,13.0,9118,High,,23667.0,2,3.0,2.0,3.0,2.0,2,No,4.0,9,2,0,12,4.0,1,0,18.0,1282,8.7,No,No,No
EMP10703,56,Male,Research & Development,Research Scientist,3,Bachelor's,Single,Travel_Rarely,10.0,7887,High,63.0,3480.0,3,4.0,3.0,3.0,4.0,3,Yes,0.0,1,1,1,5,1.0,1,0,12.0,543,10.1,Yes,No,No
EMP10704,59,Male,Sales,Sales Executive,2,Master's,Married,Travel_Rarely,23.0,9212,High,24.0,9976.0,3,3.0,2.0,4.0,4.0,3,No,6.0,22,11,11,28,6.0,1,3,19.0,395,7.8,No,No,No
EMP10705,36,Male,Operations,Operations Coordinator,3,Master's,Divorced,Non-Travel,36.0,10580,Very High,93.0,7638.0,1,2.0,1.0,3.0,1.0,3,No,5.0,15,3,7,21,7.0,0,0,13.0,170,8.4,No,No,No
EMP10706,41,Male,Research & Development,Research Scientist,1,High School,Married,Travel_Rarely,40.0,5045,Medium,32.0,9254.0,3,1.0,3.0,3.0,2.0,3,Yes,3.0,11,7,10,17,9.0,1,0,16.0,1300,9.9,No,No,No
EMP10707,22,Female,Operations,Operations Coordinator,2,Bachelor's,Married,Non-Travel,10.0,7486,High,61.0,12857.0,3,4.0,,3.0,3.0,4,No,2.0,1,1,1,6,1.0,3,1,25.0,519,10.1,Yes,No,No
EMP10708,54,Female,IT,Software Engineer,5,Bachelor's,Single,Travel_Frequently,24.0,15057,Very High,80.0,12114.0,3,2.0,2.0,3.0,4.0,3,Yes,6.0,21,9,12,21,7.0,3,0,15.0,141,8.2,Yes,No,No
EMP10709,60,Female,Finance,Financial Analyst,4,Bachelor's,Divorced,Non-Travel,5.0,9266,High,83.0,24100.0,2,4.0,3.0,3.0,4.0,3,Yes,6.0,2,2,2,8,2.0,2,0,19.0,1020,9.3,No,No,No
EMP10710,50,Female,Research & Development,Research Scientist,4,High School,Single,Travel_Rarely,23.0,9525,High,96.0,18169.0,4,3.0,3.0,1.0,2.0,1,No,4.0,11,2,9,17,0.0,3,0,11.0,685,9.4,No,No,No
EMP10711,37,Female,Operations,Operations Coordinator,1,Master's,Divorced,Travel_Rarely,30.0,5964,Medium,59.0,6074.0,4,3.0,3.0,3.0,3.0,2,No,6.0,16,2,5,18,8.0,3,1,15.0,802,9.3,No,No,No
EMP10712,49,Male,Research & Development,Research Scientist,2,Bachelor's,Single,Travel_Rarely,38.0,6575,Medium,50.0,16684.0,4,4.0,2.0,3.0,3.0,3,No,1.0,4,4,4,5,4.0,0,1,21.0,1300,9.6,No,No,No
EMP10713,43,Male,Operations,Operations Coordinator,4,Bachelor's,Married,Travel_Rarely,23.0,11715,Very High,58.0,16600.0,1,2.0,2.0,2.0,3.0,3,Yes,2.0,11,11,11,13,7.0,4,1,12.0,1279,10.4,No,No,Yes
EMP10714,39,Female,Sales,Sales Executive,1,High School,Married,Non-Travel,21.0,4501,Medium,27.0,16444.0,2,1.0,2.0,3.0,2.0,4,Yes,1.0,3,0,0,3,0.0,3,0,10.0,1473,7.4,Yes,Yes,No
EMP10715,52,Female,Research & Development,Research Scientist,1,Bachelor's,Married,Travel_Frequently,27.0,5434,Medium,47.0,22919.0,2,3.0,3.0,3.0,3.0,3,No,6.0,11,0,5,18,6.0,0,0,24.0,1290,10.0,No,No,No
EMP10716,34,Male,Sales,Sales Executive,2,Master's,Married,Travel_Rarely,21.0,7101,High,79.0,8574.0,3,4.0,3.0,3.0,4.0,2,Yes,2.0,1,1,1,2,0.0,3,2,11.0,1145,10.2,No,No,No
EMP10717,51,Male,IT,Software Engineer,1,Bachelor's,Divorced,Non-Travel,10.0,4024,Low,,22623.0,2,2.0,3.0,3.0,3.0,3,No,0.0,4,4,4,11,4.0,6,1,25.0,1383,,No,No,No
EMP10718,41,Female,Operations,Operations Coordinator,1,Bachelor's,Married,Non-Travel,9.0,8242,High,43.0,12949.0,3,2.0,2.0,3.0,2.0,3,No,0.0,16,7,8,23,8.0,0,1,24.0,577,9.5,Yes,No,Yes
EMP10719,55,Female,Research & Development,Research Scientist,1,Bachelor's,Married,Travel_Rarely,27.0,7856,High,63.0,9049.0,3,3.0,3.0,2.0,3.0,3,No,6.0,20,4,2,26,3.0,4,1,17.0,191,8.6,No,No,No
EMP10720,51,Female,Operations,Operations Coordinator,4,Master's,Single,Non-Travel,11.0,11573,Very High,48.0,18372.0,2,3.0,3.0,4.0,4.0,4,No,0.0,12,10,12,17,8.0,5,1,20.0,1118,9.3,Yes,Yes,No
EMP10721,37,Female,Sales,Sales Executive,3,Master's,Single,Non-Travel,31.0,11109,Very High,39.0,5798.0,4,2.0,4.0,1.0,4.0,3,No,5.0,16,7,10,22,8.0,4,0,12.0,1376,9.5,No,No,No
EMP10722,37,Female,Research & Development,Research Scientist,2,Master's,Married,Travel_Rarely,38.0,8551,High,24.0,11879.0,4,3.0,2.0,4.0,4.0,2,No,0.0,16,8,11,18,0.0,4,2,19.0,1253,7.6,No,No,No
EMP10723,46,Female,Operations,Operations Coordinator,1,Bachelor's,Single,Travel_Rarely,13.0,6660,Medium,74.0,4009.0,3,2.0,4.0,1.0,2.0,2,No,2.0,13,3,7,14,4.0,2,1,25.0,1487,7.9,No,No,No
EMP10724,44,Female,Research & Development,Research Scientist,2,Master's,Married,Travel_Rarely,40.0,7727,High,53.0,4135.0,2,3.0,2.0,4.0,4.0,3,Yes,2.0,12,1,4,16,1.0,5,0,23.0,703,8.4,No,No,No
EMP10725,43,Female,Sales,Sales Executive,2,High School,Single,Travel_Rarely,38.0,10825,Very High,44.0,4539.0,3,2.0,4.0,4.0,2.0,3,No,0.0,22,5,11,25,0.0,4,1,21.0,905,9.8,No,No,No
EMP10726,29,Male,Research & Development,Research Scientist,2,Bachelor's,,Non-Travel,28.0,4746,Medium,22.0,8564.0,4,3.0,4.0,2.0,4.0,4,No,3.0,0,0,0,7,0.0,4,0,21.0,1410,8.9,No,No,No
EMP10727,31,Male,Sales,Sales Executive,1,Bachelor's,Married,Travel_Frequently,24.0,6584,Medium,98.0,12364.0,4,3.0,3.0,4.0,3.0,2,No,4.0,10,5,10,15,9.0,2,1,25.0,1232,8.5,No,No,No
EMP10728,23,Female,Human Resources,HR Executive,5,Bachelor's,Divorced,Travel_Frequently,31.0,10965,Very High,70.0,10877.0,3,3.0,4.0,3.0,3.0,3,No,4.0,2,2,2,5,1.0,0,0,19.0,1063,7.4,No,No,No
EMP10729,51,Female,Operations,Operations Coordinator,4,Master's,Single,Travel_Frequently,12.0,12453,Very High,88.0,4945.0,3,4.0,3.0,3.0,4.0,3,Yes,0.0,17,2,11,20,4.0,1,0,19.0,461,8.3,No,Yes,No
EMP10730,49,Female,Operations,Operations Coordinator,3,Master's,Divorced,Travel_Rarely,39.0,9902,High,74.0,11070.0,3,2.0,3.0,2.0,3.0,3,No,4.0,18,2,11,21,0.0,4,2,21.0,216,7.6,No,No,Yes
EMP10731,37,Male,Finance,Financial Analyst,1,Master's,Married,Travel_Rarely,16.0,7235,High,32.0,,4,2.0,3.0,3.0,4.0,3,No,4.0,16,10,5,18,6.0,6,2,12.0,1366,8.9,Yes,No,No
EMP10732,57,Female,Sales,Sales Executive,3,Bachelor's,Married,Travel_Rarely,25.0,10686,Very High,64.0,5858.0,2,4.0,3.0,3.0,2.0,2,No,5.0,16,9,2,18,7.0,2,0,23.0,294,9.2,Yes,No,No
EMP10733,29,Female,Operations,Operations Coordinator,1,Master's,Married,Travel_Rarely,,4723,Medium,81.0,12868.0,3,3.0,3.0,3.0,4.0,4,No,1.0,8,8,0,15,0.0,2,0,22.0,592,7.1,No,No,No
EMP10734,56,Female,Sales,Sales Executive,1,Bachelor's,Divorced,Travel_Rarely,24.0,8386,High,92.0,5944.0,2,4.0,4.0,3.0,3.0,3,No,3.0,21,3,3,24,5.0,2,0,17.0,119,9.8,No,No,No
EMP10735,36,Female,IT,Software Engineer,4,Master's,Single,Non-Travel,21.0,10072,Very High,44.0,3714.0,3,3.0,3.0,1.0,4.0,4,No,0.0,15,6,8,22,4.0,3,0,25.0,857,9.6,Yes,No,No
EMP10736,29,Female,Sales,Sales Executive,2,Bachelor's,Married,Travel_Frequently,25.0,7961,High,78.0,11924.0,3,2.0,2.0,3.0,3.0,4,No,5.0,8,8,0,8,5.0,6,0,21.0,389,9.2,No,No,No
EMP10737,22,Male,IT,Software Engineer,2,Bachelor's,Single,Non-Travel,20.0,4742,Medium,33.0,4601.0,3,3.0,3.0,4.0,3.0,4,No,6.0,1,1,1,5,1.0,3,0,16.0,693,7.6,No,No,Yes
EMP10738,31,Male,Finance,Financial Analyst,1,Master's,Single,Travel_Frequently,40.0,5911,Medium,44.0,10256.0,4,3.0,2.0,4.0,3.0,4,Yes,0.0,10,4,10,14,3.0,0,0,12.0,303,10.1,No,No,Yes
EMP10739,23,Male,Sales,Sales Executive,4,Master's,Single,Travel_Rarely,31.0,7500,High,66.0,3955.0,3,2.0,2.0,2.0,3.0,3,No,2.0,2,2,2,4,2.0,5,2,10.0,1114,10.1,No,No,No
EMP10740,58,Female,Human Resources,HR Executive,1,Master's,Divorced,Travel_Rarely,8.0,7733,High,70.0,11413.0,2,4.0,4.0,4.0,3.0,3,No,5.0,24,4,11,31,6.0,1,2,10.0,283,7.2,No,No,No
EMP10741,52,Male,Operations,Operations Coordinator,1,Doctorate,Married,Travel_Rarely,10.0,4609,Medium,48.0,10189.0,3,3.0,4.0,2.0,3.0,3,Yes,2.0,7,6,7,10,2.0,4,1,15.0,112,9.6,No,No,Yes
EMP10742,55,Female,Research & Development,Research Scientist,1,Master's,Married,Travel_Rarely,2.0,8143,High,31.0,,3,3.0,3.0,3.0,2.0,3,Yes,6.0,20,4,0,21,6.0,1,0,14.0,429,10.4,No,No,No
EMP10743,52,Female,Sales,Sales Executive,2,Bachelor's,Single,Non-Travel,32.0,8699,High,80.0,12854.0,3,1.0,3.0,2.0,2.0,3,No,0.0,19,1,5,19,2.0,1,1,24.0,696,10.0,No,No,No
EMP10744,44,Male,IT,Software Engineer,3,Master's,Married,Travel_Frequently,38.0,10393,Very High,,24762.0,3,3.0,1.0,2.0,3.0,3,No,2.0,22,9,14,29,6.0,6,0,18.0,1335,8.6,No,No,No
EMP10745,38,Female,IT,Software Engineer,1,Bachelor's,Married,Travel_Rarely,35.0,6216,Medium,82.0,19044.0,4,3.0,4.0,3.0,3.0,3,No,4.0,13,4,9,19,6.0,0,0,10.0,133,7.0,No,No,No
EMP10746,37,Female,IT,Software Engineer,3,Master's,Single,Travel_Rarely,40.0,7810,High,53.0,23747.0,3,3.0,4.0,2.0,4.0,4,Yes,4.0,7,7,7,9,5.0,3,1,16.0,156,10.4,No,No,No
EMP10747,24,Female,Operations,Operations Coordinator,1,Bachelor's,Married,Travel_Rarely,4.0,5100,Medium,26.0,21654.0,2,1.0,3.0,3.0,2.0,2,Yes,5.0,3,3,1,3,2.0,6,0,14.0,983,9.3,Yes,No,Yes
EMP10748,31,Male,Research & Development,Research Scientist,2,Bachelor's,Single,Travel_Rarely,10.0,7252,High,59.0,16272.0,3,4.0,3.0,3.0,2.0,2,No,5.0,10,5,1,17,7.0,0,0,10.0,315,7.1,No,No,No
EMP10749,39,Male,IT,Software Engineer,3,Bachelor's,Married,Travel_Rarely,9.0,10442,Very High,92.0,22090.0,2,3.0,3.0,2.0,3.0,2,Yes,4.0,18,0,1,19,3.0,4,0,22.0,1431,9.0,No,No,No
EMP10750,48,Female,Research & Development,Research Scientist,1,High School,Single,Travel_Rarely,17.0,5416,Medium,66.0,,3,3.0,2.0,3.0,3.0,2,No,2.0,11,3,3,12,5.0,0,0,20.0,146,7.9,No,No,No
EMP10751,51,Female,Finance,Financial Analyst,4,Bachelor's,Single,Travel_Rarely,37.0,10283,Very High,87.0,8096.0,4,3.0,3.0,4.0,1.0,3,No,2.0,11,11,0,16,9.0,5,0,22.0,143,9.7,No,No,Yes
EMP10752,30,Male,Research & Development,Research Scientist,1,Bachelor's,Divorced,Travel_Frequently,13.0,6493,Medium,51.0,4890.0,4,3.0,3.0,2.0,2.0,1,No,1.0,9,8,6,10,7.0,2,1,14.0,128,9.8,No,No,No
EMP10753,45,Male,Finance,Financial Analyst,1,Bachelor's,Married,Non-Travel,39.0,5540,Medium,,,3,3.0,,3.0,2.0,4,No,1.0,7,7,0,12,3.0,1,0,21.0,334,9.3,No,No,Yes
EMP10754,39,Male,Finance,Financial Analyst,4,Bachelor's,Single,Travel_Rarely,17.0,10442,Very High,59.0,7574.0,1,4.0,3.0,2.0,2.0,3,Yes,1.0,17,8,10,23,0.0,3,1,23.0,1281,9.5,No,No,No
EMP10755,51,Female,IT,Software Engineer,2,Master's,Single,Travel_Rarely,39.0,6124,Medium,65.0,7175.0,4,3.0,2.0,,3.0,3,No,0.0,6,6,6,6,0.0,6,3,25.0,519,,No,No,No
EMP10756,57,Female,Research & Development,Research Scientist,2,Master's,Married,Non-Travel,,11047,Very High,24.0,6392.0,4,1.0,,3.0,3.0,3,Yes,6.0,23,3,1,25,6.0,1,1,21.0,239,9.2,No,No,No
EMP10757,51,Female,Sales,Sales Executive,4,Bachelor's,Single,Travel_Rarely,27.0,12504,Very High,21.0,4495.0,3,,2.0,4.0,1.0,4,No,4.0,19,6,9,24,8.0,0,1,22.0,1246,10.4,No,No,Yes
EMP10758,30,Female,IT,Software Engineer,1,Master's,Single,Travel_Rarely,13.0,4764,Medium,61.0,16086.0,2,3.0,3.0,2.0,4.0,2,Yes,6.0,8,3,2,8,3.0,5,1,23.0,590,8.8,No,No,No
EMP10759,59,Female,IT,Software Engineer,2,Master's,Divorced,Non-Travel,,7399,High,28.0,8762.0,1,2.0,3.0,2.0,3.0,2,No,5.0,9,3,4,12,1.0,0,3,19.0,584,8.4,No,No,No
EMP10760,32,Male,IT,Software Engineer,1,Bachelor's,Married,Non-Travel,7.0,5708,Medium,43.0,3735.0,4,3.0,3.0,4.0,4.0,3,No,5.0,11,7,5,18,0.0,2,1,10.0,1080,7.7,No,No,No
EMP10761,52,Female,Human Resources,HR Executive,3,Bachelor's,Single,Travel_Rarely,13.0,10080,Very High,32.0,16338.0,2,3.0,3.0,4.0,4.0,3,No,2.0,7,2,7,8,1.0,4,0,24.0,624,8.0,No,Yes,Yes
EMP10762,56,Male,Sales,Sales Executive,2,Master's,Single,Travel_Frequently,32.0,8196,High,80.0,19359.0,4,3.0,3.0,2.0,2.0,4,No,5.0,11,10,11,14,6.0,4,0,21.0,1421,8.4,No,No,Yes
EMP10763,44,Male,Operations,Operations Coordinator,2,Bachelor's,Married,Travel_Rarely,1.0,7337,High,90.0,11487.0,3,3.0,3.0,3.0,1.0,2,No,3.0,6,6,6,7,6.0,3,1,17.0,1450,10.0,Yes,No,No
EMP10764,37,Female,Research & Development,Research Scientist,3,Bachelor's,Married,Travel_Rarely,19.0,9785,High,65.0,20630.0,2,3.0,2.0,3.0,3.0,3,No,2.0,16,1,3,21,6.0,4,1,20.0,1017,10.0,No,No,Yes
EMP10765,50,Female,Human Resources,HR Executive,2,High School,Married,Travel_Rarely,2.0,11059,Very High,98.0,12408.0,2,4.0,3.0,3.0,1.0,3,No,1.0,19,7,10,23,8.0,5,1,25.0,769,10.2,No,No,Yes
EMP10766,60,Female,IT,Software Engineer,2,Master's,Single,Travel_Rarely,13.0,4240,Low,78.0,17095.0,3,3.0,3.0,2.0,3.0,3,Yes,2.0,0,0,0,5,0.0,0,0,23.0,1035,9.9,No,No,Yes
EMP10767,40,Female,Sales,Sales Executive,4,Bachelor's,Married,Travel_Rarely,22.0,12539,Very High,49.0,5983.0,4,3.0,3.0,3.0,3.0,3,Yes,,19,8,4,25,4.0,4,0,24.0,903,9.1,Yes,No,No
EMP10768,30,Male,Sales,Sales Executive,3,Bachelor's,Married,,39.0,8623,High,42.0,15101.0,2,3.0,3.0,4.0,4.0,2,No,0.0,9,9,8,9,9.0,6,0,20.0,610,7.1,No,Yes,Yes
EMP10769,30,Female,Operations,Operations Coordinator,3,Master's,Single,Travel_Rarely,1.0,8213,High,45.0,14667.0,4,,2.0,2.0,3.0,3,Yes,3.0,9,7,2,10,9.0,3,1,14.0,505,8.8,No,Yes,No
EMP10770,25,Female,Research & Development,Research Scientist,2,Master's,Single,Travel_Frequently,13.0,5651,Medium,42.0,23240.0,4,3.0,1.0,3.0,2.0,3,Yes,4.0,4,3,1,8,4.0,6,0,,1199,7.3,No,Yes,Yes
EMP10771,37,Female,Sales,Sales Executive,2,Master's,Single,Travel_Rarely,8.0,8789,High,23.0,13169.0,1,2.0,4.0,2.0,3.0,2,No,5.0,16,3,5,17,4.0,4,0,12.0,1262,10.1,No,No,Yes
EMP10772,47,Male,Sales,Sales Executive,4,High School,Married,Travel_Rarely,11.0,11711,Very High,38.0,8387.0,1,2.0,2.0,3.0,2.0,3,Yes,5.0,11,8,8,17,9.0,6,0,14.0,757,9.7,No,No,No
EMP10773,50,Female,Operations,Operations Coordinator,2,High School,Divorced,Travel_Rarely,12.0,8581,High,75.0,6349.0,3,2.0,4.0,3.0,3.0,2,No,2.0,14,8,7,15,5.0,3,1,16.0,991,9.0,No,Yes,No
EMP10774,36,Female,Finance,Financial Analyst,2,High School,Married,Travel_Rarely,13.0,7281,High,27.0,3528.0,2,2.0,3.0,3.0,3.0,4,Yes,6.0,12,6,2,14,4.0,2,2,12.0,695,8.9,No,No,No
EMP10775,25,Female,Research & Development,Research Scientist,5,Master's,Single,Non-Travel,19.0,12105,Very High,71.0,5353.0,2,3.0,4.0,3.0,2.0,3,Yes,5.0,3,3,3,3,3.0,3,1,22.0,132,8.5,No,Yes,Yes
EMP10776,48,Female,Operations,Operations Coordinator,2,Bachelor's,Married,Non-Travel,31.0,5137,Medium,54.0,20531.0,2,1.0,3.0,1.0,3.0,4,No,5.0,0,0,0,1,0.0,4,0,10.0,352,7.6,Yes,No,Yes
EMP10777,59,Female,Sales,Sales Executive,2,Doctorate,Married,Travel_Rarely,27.0,7375,High,59.0,23016.0,2,4.0,3.0,3.0,,3,Yes,6.0,4,4,1,5,3.0,1,2,14.0,513,9.6,No,Yes,Yes
EMP10778,39,Female,IT,Software Engineer,2,Master's,Married,Travel_Rarely,11.0,8471,High,59.0,4331.0,2,3.0,3.0,1.0,3.0,2,No,2.0,7,7,7,9,3.0,3,2,23.0,892,7.4,No,No,No
EMP10779,55,Male,IT,Software Engineer,2,Bachelor's,Married,Travel_Rarely,9.0,6813,Medium,76.0,7975.0,1,3.0,4.0,,4.0,3,Yes,5.0,11,6,7,17,8.0,0,0,24.0,687,9.7,No,No,No
EMP10780,58,Female,Operations,Operations Coordinator,4,Bachelor's,Married,Non-Travel,33.0,11877,Very High,87.0,15745.0,3,2.0,3.0,4.0,3.0,4,No,5.0,16,2,2,16,2.0,3,0,19.0,1483,7.5,Yes,No,No
EMP10781,44,Male,Sales,Sales Executive,3,Bachelor's,Single,Non-Travel,4.0,10110,Very High,54.0,10950.0,4,4.0,2.0,3.0,4.0,4,Yes,6.0,20,8,2,21,0.0,5,0,22.0,1192,10.2,No,No,No
EMP10782,30,Female,Operations,Operations Coordinator,1,Master's,Married,Non-Travel,11.0,5445,Medium,28.0,12648.0,3,1.0,3.0,3.0,4.0,2,No,5.0,2,2,2,5,2.0,2,1,24.0,398,10.5,No,No,No
EMP10783,44,Male,Sales,Sales Executive,1,High School,Divorced,Travel_Rarely,24.0,6367,Medium,53.0,5397.0,4,4.0,4.0,3.0,,3,Yes,1.0,19,5,4,26,4.0,5,0,16.0,864,10.3,No,No,Yes
EMP10784,50,Female,Research & Development,Research Scientist,1,High School,Married,Travel_Frequently,35.0,6104,Medium,61.0,4045.0,2,3.0,4.0,3.0,2.0,1,No,4.0,12,5,10,18,3.0,2,0,15.0,1002,7.5,No,No,Yes
EMP10785,50,Female,IT,Software Engineer,2,Master's,Married,Travel_Rarely,21.0,9166,High,58.0,19178.0,3,2.0,2.0,3.0,4.0,4,No,4.0,18,10,10,18,4.0,3,0,12.0,609,9.1,No,No,No
EMP10786,40,Male,Sales,Sales Executive,2,Master's,Married,Travel_Rarely,5.0,6752,Medium,42.0,10155.0,2,4.0,2.0,4.0,3.0,4,No,5.0,17,11,8,19,4.0,6,2,12.0,726,10.5,No,No,No
EMP10787,47,Female,Operations,Operations Coordinator,3,Master's,Single,,12.0,9112,High,46.0,17593.0,3,2.0,2.0,2.0,4.0,3,No,6.0,4,4,4,5,4.0,4,1,12.0,471,10.5,No,No,No
EMP10788,33,Male,Research & Development,Research Scientist,1,Bachelor's,Single,Travel_Rarely,37.0,5780,Medium,35.0,18511.0,3,,2.0,3.0,2.0,2,Yes,5.0,8,4,1,9,4.0,2,3,18.0,703,9.2,Yes,No,Yes
EMP10789,46,Male,Finance,Financial Analyst,4,Bachelor's,Divorced,Non-Travel,,12941,Very High,,5491.0,2,3.0,3.0,3.0,1.0,4,Yes,5.0,23,5,2,30,9.0,4,1,21.0,1451,9.4,No,No,No
EMP10790,22,Male,Research & Development,Research Scientist,2,Master's,Single,Travel_Rarely,39.0,8087,High,83.0,4350.0,4,3.0,3.0,3.0,1.0,1,No,1.0,1,1,1,8,1.0,4,0,22.0,630,9.8,Yes,Yes,No
EMP10791,54,Female,Sales,Sales Executive,2,Bachelor's,Married,Non-Travel,6.0,9925,High,61.0,11893.0,3,2.0,1.0,3.0,2.0,3,No,3.0,10,7,1,13,2.0,6,1,13.0,611,9.5,No,No,No
EMP10792,59,Male,Finance,Financial Analyst,3,High School,Married,Travel_Rarely,28.0,10441,Very High,94.0,,3,3.0,2.0,2.0,1.0,3,No,5.0,21,6,5,22,8.0,6,0,16.0,740,8.4,No,No,No
EMP10793,41,Male,Finance,Financial Analyst,1,Bachelor's,Married,Travel_Frequently,25.0,6114,Medium,96.0,4451.0,4,3.0,2.0,3.0,2.0,3,No,4.0,9,7,9,15,6.0,3,3,19.0,1228,7.7,No,No,Yes
EMP10794,53,Male,Research & Development,Research Scientist,1,Doctorate,Divorced,Non-Travel,28.0,6769,Medium,66.0,6860.0,1,2.0,2.0,3.0,2.0,3,Yes,6.0,21,6,5,26,9.0,4,0,15.0,292,7.8,No,No,No
EMP10795,57,Female,Research & Development,Research Scientist,2,Master's,Married,Travel_Rarely,21.0,8776,High,71.0,12115.0,2,3.0,3.0,3.0,1.0,2,Yes,5.0,21,4,6,23,4.0,4,0,23.0,474,9.4,No,No,No
EMP10796,36,Male,IT,Software Engineer,2,Bachelor's,Single,Travel_Frequently,31.0,7975,High,26.0,,2,3.0,3.0,3.0,2.0,3,No,0.0,9,7,6,15,4.0,1,1,19.0,1037,10.4,No,No,No
EMP10797,59,Female,Research & Development,Research Scientist,4,Master's,Married,Travel_Rarely,11.0,12795,Very High,69.0,16594.0,3,3.0,3.0,1.0,2.0,2,No,3.0,17,6,2,18,0.0,6,0,25.0,656,7.8,Yes,No,No
EMP10798,59,Male,Finance,Financial Analyst,2,Bachelor's,Single,Travel_Rarely,21.0,8707,High,57.0,11362.0,2,4.0,2.0,2.0,2.0,3,Yes,2.0,16,6,13,23,8.0,4,0,13.0,1449,8.0,No,No,No
EMP10799,28,Female,Sales,Sales Executive,5,Master's,Married,Non-Travel,30.0,13028,Very High,69.0,3772.0,3,3.0,1.0,1.0,3.0,2,No,3.0,7,7,2,7,2.0,6,0,11.0,1405,7.3,No,No,No
EMP10800,43,Female,Research & Development,Research Scientist,1,Master's,Married,Travel_Rarely,20.0,5320,Medium,36.0,12879.0,3,3.0,4.0,3.0,2.0,2,No,3.0,12,3,12,13,6.0,3,2,18.0,1346,,No,No,No
EMP10801,25,Male,Finance,Financial Analyst,1,Bachelor's,Married,Travel_Rarely,29.0,5604,Medium,89.0,4318.0,2,3.0,3.0,3.0,3.0,3,No,0.0,4,1,2,6,,3,1,21.0,540,7.1,No,No,No
EMP10802,56,Male,Sales,Sales Executive,4,Master's,Married,Travel_Rarely,9.0,10311,Very High,44.0,10854.0,2,4.0,2.0,3.0,2.0,2,Yes,6.0,11,0,6,13,9.0,1,0,,1208,9.3,No,No,No
EMP10803,57,Female,Sales,Sales Executive,2,Master's,Married,Travel_Rarely,23.0,8171,High,69.0,19101.0,3,4.0,2.0,3.0,3.0,3,No,3.0,18,4,1,22,6.0,4,2,20.0,134,8.4,No,No,No
EMP10804,39,Female,Sales,Sales Executive,2,Bachelor's,Single,Travel_Rarely,28.0,9157,High,20.0,9398.0,4,2.0,3.0,3.0,3.0,3,No,1.0,16,9,4,23,3.0,2,2,,573,8.2,No,Yes,No
EMP10805,41,Male,Finance,Financial Analyst,1,High School,Single,Non-Travel,37.0,6984,Medium,34.0,20706.0,1,2.0,1.0,2.0,4.0,3,Yes,0.0,17,10,8,24,4.0,5,1,12.0,314,8.8,No,No,No
EMP10806,58,Female,Sales,Sales Executive,4,Master's,Married,Travel_Rarely,37.0,11358,Very High,92.0,21870.0,3,3.0,2.0,3.0,4.0,4,Yes,4.0,9,9,2,11,0.0,2,1,20.0,409,9.0,No,No,No
EMP10807,56,Female,Sales,Sales Executive,3,Bachelor's,Single,Travel_Rarely,25.0,11986,Very High,22.0,22103.0,2,3.0,3.0,1.0,2.0,4,No,6.0,24,5,10,31,8.0,5,0,10.0,108,9.8,No,No,No
EMP10808,46,Male,Sales,Sales Executive,2,Bachelor's,Single,Non-Travel,28.0,6446,Medium,88.0,12496.0,3,3.0,2.0,3.0,3.0,3,No,3.0,2,2,2,8,0.0,5,1,25.0,672,9.3,No,No,Yes
EMP10809,37,Male,Sales,Sales Executive,4,Master's,Married,Travel_Rarely,23.0,12186,Very High,66.0,10190.0,2,1.0,3.0,2.0,1.0,4,Yes,1.0,16,5,8,20,5.0,5,0,14.0,720,10.3,No,No,Yes
EMP10810,35,Female,Research & Development,Research Scientist,2,Bachelor's,Married,Travel_Frequently,28.0,6499,Medium,53.0,18867.0,3,2.0,3.0,,2.0,3,Yes,3.0,2,2,2,6,2.0,5,1,13.0,933,8.1,No,No,Yes
EMP10811,38,Female,Sales,Sales Executive,3,High School,Single,Travel_Rarely,2.0,10570,Very High,53.0,4242.0,3,3.0,3.0,3.0,3.0,3,Yes,6.0,16,5,4,17,8.0,6,2,10.0,1044,8.0,No,No,No
EMP10812,23,Male,Research & Development,Research Scientist,2,Master's,Married,Travel_Rarely,36.0,5858,Medium,75.0,16962.0,2,4.0,1.0,2.0,2.0,3,No,5.0,2,1,2,8,2.0,5,3,19.0,644,8.9,No,No,Yes
EMP10813,34,Male,Sales,Sales Executive,2,Bachelor's,Married,Travel_Rarely,35.0,8848,High,63.0,17756.0,3,3.0,2.0,3.0,4.0,4,Yes,5.0,13,9,5,17,2.0,2,0,24.0,134,7.6,No,No,No
EMP10814,30,Female,Sales,Sales Executive,2,High School,Single,Travel_Rarely,35.0,5828,Medium,86.0,11352.0,3,3.0,3.0,4.0,3.0,2,No,1.0,2,2,2,5,2.0,0,0,21.0,823,8.5,No,No,Yes
EMP10815,35,Male,Research & Development,Research Scientist,1,Doctorate,Married,Travel_Rarely,23.0,4642,Medium,41.0,5123.0,4,3.0,4.0,3.0,4.0,4,Yes,2.0,0,0,0,5,0.0,1,1,13.0,1289,7.8,No,No,No
EMP10816,46,Female,Sales,Sales Executive,4,Master's,Single,Travel_Frequently,,11274,Very High,64.0,19769.0,2,3.0,3.0,3.0,4.0,4,No,1.0,11,8,11,16,7.0,1,1,19.0,1313,9.5,No,Yes,Yes
EMP10817,58,Female,Operations,Operations Coordinator,1,Master's,Married,Travel_Frequently,36.0,6766,Medium,27.0,6551.0,3,4.0,2.0,2.0,3.0,3,Yes,5.0,6,0,6,13,2.0,3,2,12.0,957,9.4,No,Yes,Yes
EMP10818,38,Male,Research & Development,Research Scientist,4,Master's,Married,Non-Travel,3.0,11472,Very High,77.0,8850.0,3,4.0,4.0,3.0,1.0,3,No,2.0,17,5,4,24,8.0,4,0,25.0,348,8.1,No,No,No
EMP10819,26,Female,IT,Software Engineer,2,High School,Single,Travel_Rarely,33.0,6628,Medium,29.0,14186.0,3,,2.0,2.0,3.0,3,Yes,1.0,5,5,3,8,5.0,6,0,11.0,400,9.0,No,No,Yes
EMP10820,27,Male,Operations,Operations Coordinator,3,Master's,Single,Travel_Frequently,13.0,8212,High,56.0,10086.0,3,3.0,3.0,3.0,3.0,4,Yes,2.0,6,6,6,13,3.0,1,1,24.0,1189,10.1,No,No,No
EMP10821,59,Male,Sales,Sales Executive,1,High School,Divorced,Non-Travel,18.0,2220,Low,33.0,18916.0,2,3.0,3.0,4.0,2.0,3,No,5.0,6,0,3,9,2.0,2,2,11.0,470,8.6,No,Yes,No
EMP10822,24,Male,Research & Development,Research Scientist,3,Doctorate,Married,Travel_Rarely,40.0,8809,High,67.0,23565.0,3,1.0,1.0,,3.0,3,No,5.0,3,3,1,9,2.0,2,2,10.0,968,8.6,No,No,No
EMP10823,25,Male,Human Resources,HR Executive,2,Bachelor's,Married,Travel_Rarely,32.0,5915,Medium,41.0,23214.0,2,1.0,3.0,3.0,3.0,3,No,2.0,4,4,4,11,4.0,6,0,15.0,1484,8.2,No,No,Yes
EMP10824,50,Male,Research & Development,Research Scientist,1,High School,Single,Travel_Frequently,29.0,7103,High,54.0,22747.0,3,3.0,2.0,2.0,,2,No,5.0,16,7,12,16,0.0,3,0,17.0,856,9.5,No,No,Yes
EMP10825,45,Female,Research & Development,Research Scientist,1,Master's,Single,Non-Travel,12.0,9666,High,74.0,22714.0,3,3.0,3.0,3.0,1.0,2,No,1.0,23,1,7,28,5.0,4,2,18.0,434,8.0,No,No,No
EMP10826,54,Male,Human Resources,HR Executive,2,High School,Married,Travel_Frequently,20.0,6811,Medium,76.0,24707.0,1,3.0,3.0,1.0,2.0,3,No,0.0,8,8,8,10,8.0,1,1,20.0,741,7.5,Yes,No,Yes
EMP10827,58,Male,Research & Development,Research Scientist,4,Bachelor's,Married,Travel_Rarely,7.0,9337,High,89.0,22216.0,4,4.0,3.0,4.0,3.0,3,No,2.0,4,4,0,6,2.0,0,1,14.0,112,9.5,No,Yes,No
EMP10828,59,Male,Sales,Sales Executive,2,Master's,Divorced,Travel_Rarely,14.0,7703,High,48.0,8146.0,3,4.0,3.0,3.0,3.0,3,No,5.0,12,7,9,18,4.0,2,3,15.0,1043,8.3,Yes,Yes,No
EMP10829,54,Male,Operations,Operations Coordinator,1,Bachelor's,Married,Travel_Rarely,4.0,7680,High,90.0,7081.0,3,4.0,4.0,3.0,3.0,3,No,6.0,14,10,14,14,1.0,5,0,24.0,908,8.9,Yes,No,Yes
EMP10830,43,Male,Human Resources,HR Executive,4,Master's,Divorced,Non-Travel,4.0,13176,Very High,21.0,8420.0,3,4.0,3.0,3.0,3.0,2,No,2.0,21,2,4,28,8.0,0,1,13.0,271,8.9,No,No,No
EMP10831,35,Male,Research & Development,Research Scientist,3,Bachelor's,Single,Travel_Rarely,32.0,9017,High,89.0,15819.0,3,3.0,3.0,3.0,3.0,4,No,2.0,14,10,14,19,4.0,2,0,22.0,878,10.3,No,No,No
EMP10832,24,Male,Research & Development,Research Scientist,3,Bachelor's,Married,Non-Travel,14.0,8242,High,38.0,20556.0,4,4.0,3.0,3.0,1.0,3,No,1.0,3,3,3,10,1.0,4,0,20.0,715,9.9,Yes,No,No
EMP10833,40,Female,Sales,Sales Executive,2,Doctorate,Married,Non-Travel,9.0,7967,High,61.0,11203.0,3,1.0,3.0,3.0,4.0,3,No,1.0,10,9,9,17,7.0,2,2,12.0,952,9.2,No,No,No
EMP10834,56,Female,Operations,Operations Coordinator,2,Master's,Married,Non-Travel,34.0,7454,High,94.0,4369.0,4,,2.0,3.0,2.0,3,Yes,1.0,9,4,0,11,8.0,4,1,24.0,904,7.4,No,No,Yes
EMP10835,37,Female,IT,Software Engineer,2,Bachelor's,Single,Travel_Frequently,7.0,6737,Medium,29.0,24527.0,1,3.0,3.0,4.0,2.0,2,No,2.0,7,3,7,10,7.0,6,1,22.0,123,8.6,No,No,No
EMP10836,41,Male,Operations,Operations Coordinator,3,Bachelor's,Single,Non-Travel,9.0,9989,High,95.0,24577.0,2,1.0,4.0,3.0,1.0,3,No,0.0,20,6,6,23,4.0,0,2,22.0,693,9.8,No,Yes,No
EMP10837,50,Male,IT,Software Engineer,2,Master's,Married,Travel_Frequently,23.0,7486,High,74.0,,3,3.0,2.0,1.0,3.0,3,No,1.0,13,7,3,20,5.0,2,0,14.0,381,8.3,Yes,No,No
EMP10838,37,Male,IT,Software Engineer,1,Master's,Divorced,Travel_Rarely,16.0,4248,Low,21.0,9563.0,3,3.0,4.0,4.0,4.0,3,Yes,2.0,0,0,0,5,0.0,6,0,12.0,1246,7.8,Yes,Yes,No
EMP10839,27,Male,Research & Development,Research Scientist,2,Bachelor's,Single,Travel_Rarely,33.0,6711,Medium,57.0,17933.0,3,,3.0,3.0,1.0,3,Yes,5.0,6,6,4,8,3.0,4,0,25.0,760,8.2,Yes,No,Yes
EMP10840,26,Female,IT,Software Engineer,1,Master's,Married,Travel_Rarely,31.0,4883,Medium,20.0,21144.0,4,3.0,3.0,2.0,2.0,2,Yes,1.0,5,5,5,11,5.0,0,1,14.0,689,9.9,No,No,No
EMP10841,57,Male,IT,Software Engineer,2,Master's,Married,Travel_Frequently,28.0,7117,High,25.0,8009.0,1,3.0,2.0,2.0,2.0,3,No,0.0,16,2,1,19,3.0,6,0,11.0,1272,8.1,Yes,No,No
EMP10842,43,Male,Human Resources,HR Executive,3,Master's,Single,Travel_Rarely,17.0,10153,Very High,36.0,7028.0,4,2.0,3.0,4.0,2.0,3,No,2.0,22,2,7,26,1.0,2,0,20.0,591,8.6,No,No,No
EMP10843,55,Female,Finance,Financial Analyst,4,Bachelor's,Single,Travel_Rarely,6.0,9501,High,51.0,17604.0,3,3.0,3.0,3.0,1.0,3,Yes,3.0,4,0,4,8,0.0,0,0,13.0,1253,9.4,Yes,No,No
EMP10844,40,Male,Research & Development,Research Scientist,2,Bachelor's,Single,Travel_Frequently,29.0,7115,High,95.0,22812.0,3,3.0,3.0,1.0,2.0,3,Yes,5.0,4,4,4,11,4.0,0,1,16.0,1065,8.9,No,No,Yes
EMP10845,37,Female,IT,Software Engineer,2,Master's,Married,Travel_Rarely,29.0,8887,High,77.0,15542.0,3,1.0,3.0,4.0,4.0,2,No,3.0,13,5,6,18,7.0,6,0,24.0,1094,7.4,No,No,Yes
EMP10846,44,Male,Research & Development,Research Scientist,1,Bachelor's,Divorced,Travel_Rarely,33.0,3092,Low,71.0,24410.0,4,3.0,3.0,3.0,1.0,3,No,1.0,0,0,0,7,0.0,0,1,19.0,1495,8.3,Yes,No,Yes
EMP10847,54,Female,Research & Development,Research Scientist,3,Master's,Single,Non-Travel,23.0,11476,Very High,26.0,20584.0,3,3.0,3.0,4.0,2.0,2,No,4.0,19,1,6,25,4.0,3,2,13.0,1097,9.5,Yes,No,No
EMP10848,55,Male,Human Resources,HR Executive,4,High School,Divorced,Travel_Rarely,,12020,Very High,33.0,12818.0,4,3.0,3.0,2.0,3.0,4,Yes,1.0,19,1,2,26,1.0,2,0,,908,9.4,No,No,No
EMP10849,26,Male,Research & Development,Research Scientist,1,Bachelor's,Single,Travel_Rarely,14.0,4841,Medium,99.0,11936.0,3,3.0,,2.0,3.0,3,No,3.0,5,5,0,12,1.0,3,0,20.0,1129,7.4,No,No,Yes
EMP10850,23,Male,IT,Software Engineer,2,Master's,Married,Travel_Frequently,31.0,6647,Medium,95.0,4116.0,3,2.0,2.0,1.0,2.0,2,No,5.0,2,2,2,7,2.0,3,0,18.0,769,9.0,No,No,No
EMP10851,57,Male,IT,Software Engineer,2,Master's,Single,Travel_Rarely,23.0,9929,High,62.0,23772.0,4,3.0,3.0,3.0,2.0,3,Yes,6.0,21,0,11,25,1.0,2,2,22.0,718,10.4,No,No,Yes
EMP10852,28,Female,Sales,Sales Executive,1,Bachelor's,Married,Travel_Rarely,36.0,5374,Medium,47.0,20658.0,2,3.0,,2.0,3.0,3,No,4.0,7,1,0,12,7.0,6,0,12.0,1418,10.2,Yes,No,Yes
EMP10853,51,Male,Sales,Sales Executive,3,Bachelor's,Married,Travel_Rarely,5.0,10833,Very High,90.0,4300.0,3,2.0,3.0,4.0,3.0,1,Yes,4.0,20,8,4,21,4.0,3,1,25.0,1067,7.8,No,No,No
EMP10854,35,Female,Operations,Operations Coordinator,2,Master's,Single,Travel_Rarely,16.0,7504,High,41.0,8494.0,3,1.0,1.0,1.0,3.0,3,Yes,5.0,8,5,1,9,1.0,2,0,,1042,7.1,No,No,Yes
EMP10855,48,Female,Sales,Sales Executive,4,Doctorate,Single,Travel_Rarely,33.0,11216,Very High,23.0,7825.0,3,3.0,2.0,4.0,2.0,1,No,0.0,14,6,9,16,6.0,1,2,24.0,800,8.9,No,No,No
EMP10856,58,Female,IT,Software Engineer,2,Bachelor's,Single,Travel_Rarely,7.0,6736,Medium,27.0,3988.0,2,3.0,3.0,2.0,3.0,2,No,2.0,4,4,4,8,4.0,1,1,18.0,392,10.4,No,No,No
EMP10857,25,Male,Operations,Operations Coordinator,2,,Married,Travel_Frequently,35.0,8142,High,21.0,7649.0,2,3.0,1.0,2.0,2.0,2,Yes,2.0,4,4,4,5,4.0,2,1,15.0,1105,7.6,No,No,No
EMP10858,47,Male,Sales,Sales Executive,3,Bachelor's,Single,Travel_Rarely,13.0,9250,High,58.0,17834.0,4,3.0,3.0,3.0,2.0,4,No,0.0,6,4,6,11,1.0,5,1,10.0,762,7.5,Yes,No,No
EMP10859,35,Male,Sales,Sales Executive,5,Bachelor's,Single,Travel_Rarely,36.0,11157,Very High,77.0,9305.0,2,2.0,3.0,4.0,4.0,3,No,4.0,2,2,2,6,2.0,2,1,20.0,1220,9.0,No,No,No
EMP10860,53,Female,Human Resources,HR Executive,1,Bachelor's,Married,Travel_Frequently,11.0,6093,Medium,57.0,16027.0,3,2.0,4.0,1.0,3.0,3,No,0.0,22,10,8,25,1.0,1,1,17.0,861,8.7,No,No,No
EMP10861,59,Female,IT,Software Engineer,2,Bachelor's,Married,Travel_Rarely,7.0,8665,High,32.0,12578.0,2,3.0,4.0,1.0,3.0,3,No,5.0,22,6,0,26,5.0,1,0,25.0,1294,7.3,Yes,No,Yes
EMP10862,48,Female,Finance,Financial Analyst,2,Bachelor's,Married,Travel_Frequently,,8780,High,22.0,19659.0,1,3.0,2.0,3.0,3.0,3,No,4.0,21,8,6,26,1.0,3,1,20.0,1178,10.1,No,No,No
EMP10863,51,Male,Finance,Financial Analyst,3,Bachelor's,Married,Travel_Rarely,24.0,10297,Very High,28.0,5758.0,4,3.0,3.0,4.0,4.0,3,No,1.0,6,6,6,7,6.0,1,0,13.0,762,10.4,No,Yes,No
EMP10864,57,Female,Research & Development,Research Scientist,3,Bachelor's,Single,Travel_Rarely,39.0,10016,Very High,49.0,15501.0,2,1.0,3.0,3.0,3.0,2,No,6.0,8,5,8,11,8.0,2,1,11.0,905,8.9,No,No,No
EMP10865,44,Male,Human Resources,HR Executive,4,Bachelor's,Married,Travel_Frequently,38.0,12335,Very High,41.0,9748.0,2,2.0,3.0,3.0,4.0,3,No,4.0,17,5,10,21,6.0,6,1,12.0,956,9.0,Yes,Yes,No
EMP10866,35,Male,IT,Software Engineer,2,Bachelor's,Single,Non-Travel,10.0,9331,High,46.0,14746.0,4,3.0,4.0,3.0,2.0,3,Yes,1.0,14,5,3,17,4.0,5,1,20.0,1451,7.8,No,No,Yes
EMP10867,23,Female,Sales,Sales Executive,2,Bachelor's,Divorced,Travel_Rarely,35.0,6921,Medium,85.0,7163.0,4,3.0,4.0,4.0,4.0,3,No,6.0,2,2,2,6,2.0,1,1,18.0,579,9.2,No,No,No
EMP10868,56,Male,Sales,Sales Executive,1,High School,Single,Non-Travel,16.0,7182,High,98.0,14028.0,3,3.0,3.0,1.0,3.0,4,No,6.0,23,3,10,26,6.0,6,1,13.0,1454,8.9,Yes,No,No
EMP10869,35,Female,IT,Software Engineer,3,Bachelor's,Single,Travel_Rarely,40.0,9184,High,32.0,9945.0,3,4.0,3.0,4.0,2.0,3,No,3.0,14,7,8,20,8.0,0,1,14.0,865,8.2,No,No,No
EMP10870,33,Male,Operations,Operations Coordinator,1,Bachelor's,Married,Travel_Frequently,20.0,5998,Medium,80.0,18628.0,4,2.0,3.0,3.0,3.0,3,No,4.0,4,0,4,6,4.0,5,0,13.0,1477,10.2,Yes,No,Yes
EMP10871,49,Female,Sales,Sales Executive,3,Bachelor's,Divorced,Travel_Rarely,8.0,8229,High,87.0,16456.0,3,2.0,2.0,3.0,3.0,4,Yes,3.0,3,3,3,6,3.0,1,0,11.0,566,7.6,No,No,Yes
EMP10872,55,Female,Sales,Sales Executive,1,Master's,Single,Travel_Frequently,40.0,5781,Medium,97.0,6284.0,3,2.0,4.0,,2.0,3,No,2.0,14,7,10,19,0.0,5,1,11.0,1108,7.2,No,No,No
EMP10873,28,Female,Research & Development,Research Scientist,3,Master's,Married,Travel_Rarely,16.0,8480,High,40.0,13378.0,3,3.0,2.0,1.0,3.0,3,No,0.0,1,1,1,7,1.0,0,2,17.0,544,9.9,No,No,No
EMP10874,51,Male,Operations,Operations Coordinator,2,Master's,Single,Travel_Rarely,27.0,6470,Medium,86.0,22073.0,3,2.0,3.0,4.0,2.0,3,Yes,0.0,4,4,2,6,4.0,6,0,15.0,660,9.5,No,No,No
EMP10875,37,Female,IT,Software Engineer,2,Master's,Single,Non-Travel,25.0,7010,High,70.0,18198.0,3,4.0,4.0,3.0,2.0,3,No,4.0,4,4,4,5,2.0,2,1,21.0,1036,9.9,Yes,No,Yes
EMP10876,49,Male,Sales,Sales Executive,1,Master's,Single,Non-Travel,39.0,4801,Medium,,19101.0,3,2.0,3.0,3.0,3.0,3,No,0.0,2,2,2,8,2.0,0,1,11.0,1127,7.1,No,No,No
EMP10877,27,Male,Sales,Sales Executive,2,Bachelor's,Married,Non-Travel,22.0,8044,High,85.0,21026.0,3,3.0,2.0,3.0,2.0,2,No,1.0,3,3,3,7,3.0,3,0,10.0,656,9.9,Yes,No,No
EMP10878,60,Female,Operations,Operations Coordinator,3,Bachelor's,Single,Travel_Rarely,11.0,10437,Very High,94.0,3005.0,3,2.0,,3.0,4.0,3,Yes,5.0,10,2,5,12,6.0,3,0,18.0,1170,10.3,Yes,No,Yes
EMP10879,36,Male,IT,Software Engineer,1,High School,Married,Travel_Rarely,15.0,3916,Low,70.0,8811.0,4,3.0,3.0,2.0,3.0,3,No,5.0,2,2,2,6,2.0,1,0,17.0,770,9.6,No,No,No
EMP10880,22,Female,Sales,Sales Executive,2,Bachelor's,Divorced,Travel_Rarely,26.0,7053,High,99.0,5106.0,4,3.0,1.0,3.0,2.0,3,Yes,1.0,1,1,1,3,1.0,4,2,18.0,1089,9.8,Yes,No,No
EMP10881,55,Female,IT,Software Engineer,1,Bachelor's,Married,Travel_Rarely,32.0,7112,High,43.0,11024.0,3,4.0,3.0,4.0,4.0,3,No,4.0,15,11,1,21,2.0,2,2,15.0,552,10.3,No,No,No
EMP10882,34,Female,Research & Development,Research Scientist,3,Master's,Divorced,Travel_Rarely,38.0,10250,Very High,38.0,,4,3.0,3.0,2.0,3.0,4,No,4.0,13,9,5,13,1.0,0,0,11.0,784,9.2,No,No,No
EMP10883,59,Female,Sales,Sales Executive,1,Master's,Married,Travel_Rarely,33.0,5903,Medium,97.0,19367.0,4,3.0,4.0,3.0,3.0,3,No,2.0,10,0,4,14,6.0,6,1,12.0,828,8.2,No,No,No
EMP10884,25,Female,IT,Software Engineer,2,Doctorate,Married,Travel_Frequently,21.0,5922,Medium,92.0,15129.0,2,2.0,4.0,1.0,3.0,3,No,3.0,4,3,4,9,4.0,3,1,23.0,108,9.9,Yes,Yes,Yes
EMP10885,45,Female,Human Resources,HR Executive,4,Bachelor's,Married,Non-Travel,29.0,11979,Very High,21.0,4385.0,3,2.0,2.0,1.0,2.0,2,No,5.0,10,10,10,10,6.0,6,0,19.0,323,9.4,No,No,Yes
EMP10886,47,Male,Operations,Operations Coordinator,3,Master's,Single,Non-Travel,7.0,10455,Very High,53.0,7296.0,4,3.0,2.0,2.0,2.0,4,No,2.0,20,5,6,24,1.0,1,0,23.0,1202,8.4,No,No,No
EMP10887,55,Female,IT,Software Engineer,5,Bachelor's,Married,Travel_Rarely,2.0,14088,Very High,82.0,5470.0,1,2.0,3.0,2.0,2.0,3,No,2.0,20,7,0,20,0.0,1,2,11.0,793,7.4,No,No,No
EMP10888,42,Male,Research & Development,Research Scientist,3,Bachelor's,Married,Non-Travel,37.0,7191,High,45.0,17971.0,2,3.0,3.0,3.0,1.0,2,Yes,4.0,1,1,1,7,1.0,1,0,12.0,555,8.9,No,Yes,Yes
EMP10889,29,Male,Operations,Operations Coordinator,3,High School,Single,Travel_Rarely,38.0,9499,High,58.0,5418.0,2,3.0,4.0,3.0,3.0,3,No,0.0,8,8,8,11,6.0,3,1,20.0,1411,8.2,No,No,No
EMP10890,41,Female,IT,Software Engineer,1,Bachelor's,Single,Non-Travel,,4481,Low,80.0,7072.0,3,3.0,4.0,,2.0,4,No,6.0,10,4,6,14,7.0,4,1,24.0,1443,7.2,Yes,No,Yes
EMP10891,32,Male,IT,Software Engineer,3,High School,Married,Travel_Frequently,38.0,9156,High,63.0,4711.0,2,3.0,4.0,3.0,1.0,3,No,6.0,11,9,4,14,9.0,1,0,23.0,150,9.0,No,No,No
EMP10892,50,Male,Operations,Operations Coordinator,4,Bachelor's,Married,Travel_Frequently,7.0,10503,Very High,62.0,21149.0,2,2.0,3.0,2.0,3.0,3,No,1.0,13,8,4,14,8.0,1,1,15.0,571,8.2,Yes,No,No
EMP10893,29,Female,Sales,Sales Executive,4,Doctorate,Married,Non-Travel,10.0,10736,Very High,38.0,13214.0,1,3.0,3.0,4.0,1.0,4,No,,8,1,4,10,0.0,5,2,15.0,1459,7.8,No,No,Yes
EMP10894,59,Male,Operations,Operations Coordinator,3,High School,Single,Non-Travel,13.0,12577,Very High,26.0,21758.0,3,3.0,,2.0,,3,No,5.0,23,4,3,26,8.0,2,1,22.0,1426,7.1,No,No,No
EMP10895,38,Female,Sales,Sales Executive,2,Master's,Married,Travel_Frequently,4.0,8865,High,62.0,10029.0,3,4.0,3.0,3.0,2.0,2,No,6.0,17,11,9,24,7.0,5,0,20.0,434,10.4,Yes,No,No
EMP10896,46,Male,Sales,Sales Executive,3,Bachelor's,Married,Travel_Rarely,29.0,11488,Very High,85.0,10748.0,1,2.0,3.0,4.0,4.0,3,No,1.0,17,7,7,23,2.0,0,1,20.0,233,9.8,No,No,Yes
EMP10897,44,Female,Finance,Financial Analyst,1,Bachelor's,Single,Travel_Rarely,26.0,5296,Medium,77.0,11780.0,4,3.0,3.0,4.0,3.0,3,Yes,0.0,1,1,1,1,1.0,0,2,20.0,266,7.4,Yes,Yes,Yes
EMP10898,31,Male,Sales,Sales Executive,3,Bachelor's,Married,Travel_Rarely,13.0,8890,High,71.0,,3,3.0,3.0,2.0,1.0,2,No,6.0,0,0,0,6,0.0,6,1,14.0,242,7.3,Yes,No,No
EMP10899,54,Male,Operations,Operations Coordinator,2,Master's,Married,Non-Travel,20.0,7538,High,34.0,19472.0,3,4.0,2.0,4.0,3.0,3,No,2.0,14,9,13,16,3.0,1,1,24.0,157,9.6,No,No,No
EMP10900,31,Female,Finance,Financial Analyst,1,Master's,Divorced,Travel_Rarely,16.0,5538,Medium,59.0,15069.0,3,3.0,3.0,3.0,3.0,2,No,6.0,10,0,10,11,1.0,2,0,19.0,692,7.4,No,No,No
EMP10901,32,Male,Finance,Financial Analyst,4,Master's,Married,Non-Travel,34.0,10912,Very High,81.0,9293.0,3,3.0,3.0,4.0,3.0,3,No,6.0,11,2,11,15,0.0,2,1,24.0,1303,7.2,No,No,No
EMP10902,27,Female,Finance,Financial Analyst,3,Master's,Divorced,Travel_Rarely,17.0,8676,High,39.0,11092.0,4,4.0,3.0,1.0,2.0,3,No,1.0,6,0,6,7,4.0,0,1,25.0,314,9.2,No,No,No
EMP10903,31,Male,Research & Development,Research Scientist,1,Bachelor's,Married,Travel_Frequently,23.0,5120,Medium,76.0,24769.0,3,3.0,2.0,1.0,2.0,2,No,3.0,10,4,10,10,3.0,6,1,21.0,1457,7.2,Yes,No,No
EMP10904,34,Male,Finance,Financial Analyst,2,Bachelor's,Single,Travel_Rarely,21.0,7635,High,73.0,19921.0,1,4.0,3.0,1.0,3.0,2,Yes,3.0,13,10,5,16,3.0,3,1,10.0,1322,9.6,No,No,No
EMP10905,33,Female,Operations,Operations Coordinator,2,Master's,Married,Travel_Frequently,39.0,6945,Medium,34.0,6688.0,1,3.0,3.0,1.0,3.0,4,Yes,5.0,5,3,5,12,4.0,2,0,18.0,1469,8.1,No,No,No
EMP10906,54,Female,Human Resources,HR Executive,3,High School,Married,Travel_Rarely,34.0,11030,Very High,69.0,7333.0,3,2.0,3.0,3.0,1.0,3,No,3.0,20,5,9,20,2.0,6,1,25.0,1129,10.0,No,Yes,No
EMP10907,22,Female,Operations,Operations Coordinator,2,Bachelor's,Married,Travel_Frequently,34.0,6305,Medium,32.0,3529.0,3,4.0,3.0,3.0,3.0,4,No,1.0,1,1,1,5,1.0,6,1,12.0,1004,7.9,No,No,No
EMP10908,30,Male,Research & Development,Research Scientist,4,Master's,Single,Travel_Rarely,39.0,9586,High,61.0,5970.0,2,3.0,4.0,3.0,4.0,3,Yes,0.0,4,4,2,8,0.0,5,0,24.0,339,8.1,No,No,No
EMP10909,46,Male,Sales,Sales Executive,1,Bachelor's,Single,Travel_Frequently,27.0,7788,High,73.0,11412.0,3,4.0,,4.0,1.0,3,Yes,4.0,13,11,9,13,,4,1,20.0,982,,No,Yes,Yes
EMP10910,36,Female,Finance,Financial Analyst,4,Master's,Married,Travel_Rarely,36.0,9387,High,76.0,7955.0,4,1.0,2.0,3.0,2.0,2,Yes,4.0,4,4,4,5,4.0,1,1,17.0,509,7.9,Yes,No,No
EMP10911,39,Male,Research & Development,Research Scientist,1,Bachelor's,Single,Non-Travel,12.0,4153,Low,84.0,24792.0,3,3.0,3.0,3.0,2.0,4,No,5.0,3,3,0,6,3.0,2,2,25.0,748,9.5,Yes,Yes,No
EMP10912,27,Female,Research & Development,Research Scientist,4,High School,Married,Travel_Rarely,35.0,10459,Very High,59.0,14905.0,2,3.0,3.0,1.0,3.0,3,Yes,1.0,2,2,2,8,2.0,3,0,17.0,1093,9.9,Yes,No,No
EMP10913,55,Male,Research & Development,Research Scientist,2,Master's,Single,Non-Travel,28.0,7942,High,43.0,18503.0,1,4.0,4.0,3.0,3.0,3,Yes,3.0,11,7,1,14,4.0,1,1,20.0,856,9.1,No,No,No
EMP10914,43,Male,IT,Software Engineer,5,High School,Married,Travel_Rarely,23.0,13681,Very High,85.0,19291.0,3,3.0,3.0,3.0,3.0,3,Yes,4.0,18,4,14,25,1.0,3,0,16.0,496,9.9,No,No,Yes
EMP10915,40,Male,IT,Software Engineer,2,Master's,Married,Travel_Rarely,27.0,7254,High,73.0,8560.0,2,3.0,3.0,3.0,3.0,4,No,5.0,14,5,4,20,9.0,4,0,17.0,1296,8.0,Yes,No,No
EMP10916,45,Male,IT,Software Engineer,3,Bachelor's,Married,Travel_Rarely,29.0,11830,Very High,83.0,23725.0,3,3.0,1.0,4.0,1.0,3,No,2.0,21,3,9,21,8.0,3,0,10.0,713,8.6,No,No,No
EMP10917,33,Female,IT,Software Engineer,1,High School,Single,Non-Travel,36.0,6794,Medium,61.0,23633.0,3,3.0,1.0,3.0,3.0,3,No,2.0,12,8,2,16,7.0,5,1,22.0,1031,7.5,No,No,Yes
EMP10918,34,Male,Operations,Operations Coordinator,2,Master's,Single,Travel_Rarely,26.0,7659,High,27.0,16919.0,3,2.0,3.0,3.0,4.0,3,No,3.0,0,0,0,2,0.0,4,0,13.0,1487,9.0,Yes,No,Yes
EMP10919,33,Female,Human Resources,HR Executive,2,Bachelor's,Married,Travel_Frequently,22.0,7642,High,98.0,17560.0,3,2.0,4.0,4.0,4.0,3,No,3.0,12,10,3,17,6.0,4,3,15.0,1121,9.0,Yes,No,No
EMP10920,37,Male,Research & Development,Research Scientist,2,Bachelor's,Married,Travel_Rarely,5.0,5868,Medium,57.0,15409.0,2,2.0,2.0,2.0,2.0,1,No,6.0,2,2,2,5,2.0,2,2,19.0,1100,10.1,No,No,Yes
EMP10921,59,Female,Research & Development,Research Scientist,3,Bachelor's,Married,Travel_Rarely,37.0,11135,Very High,75.0,9096.0,4,3.0,3.0,3.0,3.0,2,Yes,4.0,21,9,9,22,7.0,3,0,17.0,522,7.3,No,No,Yes
EMP10922,24,Male,Research & Development,Research Scientist,4,Bachelor's,Single,Non-Travel,15.0,9434,High,55.0,15629.0,4,2.0,4.0,2.0,2.0,2,No,0.0,3,3,3,3,0.0,0,0,13.0,139,7.6,No,No,No
EMP10923,29,Male,IT,Software Engineer,1,High School,Married,Travel_Rarely,9.0,3887,Low,80.0,10266.0,3,3.0,3.0,4.0,2.0,4,No,4.0,0,0,0,3,0.0,5,1,16.0,686,10.2,No,No,No
EMP10924,49,Male,Research & Development,Research Scientist,2,Bachelor's,Married,Travel_Rarely,4.0,6018,Medium,60.0,16791.0,4,3.0,2.0,4.0,4.0,3,Yes,0.0,1,1,1,8,1.0,1,0,25.0,529,7.4,Yes,No,No
EMP10925,24,Female,Research & Development,Research Scientist,1,Bachelor's,Single,Travel_Frequently,40.0,5051,Medium,45.0,8294.0,4,3.0,4.0,2.0,3.0,3,No,3.0,3,3,2,7,3.0,2,3,24.0,1435,10.1,No,Yes,No
EMP10926,48,Male,Operations,Operations Coordinator,2,Bachelor's,Married,Travel_Rarely,17.0,9800,High,25.0,6640.0,4,3.0,3.0,3.0,2.0,4,No,6.0,17,7,4,19,7.0,2,2,24.0,1257,9.6,No,Yes,No
EMP10927,24,Male,Research & Development,Research Scientist,4,Bachelor's,Married,Travel_Rarely,1.0,9168,High,85.0,11120.0,3,2.0,2.0,3.0,1.0,3,No,4.0,0,0,0,0,0.0,2,0,15.0,388,7.5,No,No,No
EMP10928,46,Female,IT,Software Engineer,1,Master's,Married,Travel_Rarely,14.0,5858,Medium,,4566.0,1,2.0,2.0,2.0,3.0,4,Yes,5.0,15,8,9,22,7.0,2,0,16.0,1342,7.1,Yes,No,Yes
EMP10929,48,Female,Sales,Sales Executive,2,Bachelor's,Single,Travel_Rarely,24.0,7875,High,36.0,17150.0,3,2.0,3.0,3.0,2.0,3,Yes,1.0,16,3,9,16,0.0,1,1,14.0,1170,9.7,No,No,Yes
EMP10930,38,Male,Sales,Sales Executive,3,Bachelor's,Single,Travel_Rarely,19.0,7496,High,73.0,8518.0,3,3.0,4.0,3.0,3.0,3,Yes,1.0,0,0,0,7,0.0,1,1,19.0,1462,9.4,No,No,No
EMP10931,25,Male,Human Resources,HR Executive,3,Bachelor's,Single,Non-Travel,5.0,6992,Medium,63.0,23966.0,4,3.0,1.0,,4.0,1,No,6.0,4,4,4,5,4.0,6,1,25.0,184,9.7,No,No,No
EMP10932,38,Female,Research & Development,Research Scientist,3,Master's,Single,Travel_Rarely,34.0,9815,High,47.0,20735.0,4,3.0,4.0,3.0,3.0,2,No,,15,1,5,18,5.0,3,0,11.0,420,7.4,No,No,No
EMP10933,58,Female,Sales,Sales Executive,2,High School,Married,Travel_Rarely,14.0,8692,High,74.0,6839.0,2,2.0,3.0,4.0,1.0,4,Yes,1.0,20,8,0,25,6.0,4,0,24.0,792,7.3,No,No,No
EMP10934,49,Male,Research & Development,Research Scientist,2,Bachelor's,Single,,32.0,6152,Medium,66.0,16363.0,2,2.0,3.0,3.0,3.0,3,No,6.0,3,3,3,10,3.0,1,0,21.0,778,9.2,No,No,No
EMP10935,30,Male,IT,Software Engineer,2,Bachelor's,Single,Non-Travel,18.0,7347,High,77.0,18622.0,3,2.0,3.0,4.0,3.0,4,No,4.0,9,9,4,16,1.0,4,1,21.0,868,7.3,No,No,No
EMP10936,37,Female,Finance,Financial Analyst,2,Bachelor's,Married,Travel_Rarely,12.0,6417,Medium,20.0,11479.0,3,3.0,3.0,4.0,1.0,2,Yes,0.0,9,9,3,16,1.0,1,1,13.0,1175,7.6,No,Yes,No
EMP10937,60,Male,Human Resources,HR Executive,1,Bachelor's,Married,Travel_Rarely,18.0,7785,High,25.0,10099.0,3,2.0,3.0,3.0,2.0,3,No,6.0,15,10,1,20,9.0,4,2,12.0,515,7.9,No,No,No
EMP10938,24,Male,Research & Development,Research Scientist,2,Bachelor's,Single,Travel_Rarely,37.0,5111,Medium,36.0,12310.0,3,3.0,2.0,3.0,1.0,3,Yes,3.0,3,3,3,7,3.0,0,0,11.0,1096,9.8,No,No,No
EMP10939,40,Female,Research & Development,Research Scientist,3,Bachelor's,Single,Travel_Rarely,24.0,8525,High,83.0,5269.0,2,1.0,3.0,3.0,1.0,3,No,3.0,13,3,12,18,5.0,0,0,16.0,884,8.6,Yes,No,No
EMP10940,59,Female,Research & Development,Research Scientist,2,Master's,Married,Travel_Rarely,8.0,7731,High,38.0,23360.0,3,1.0,4.0,3.0,2.0,3,Yes,1.0,17,1,11,22,6.0,1,2,21.0,355,9.1,No,No,Yes
EMP10941,52,Male,Sales,Sales Executive,3,Bachelor's,Single,Non-Travel,2.0,10335,Very High,96.0,17002.0,3,1.0,3.0,2.0,3.0,3,Yes,5.0,17,8,9,24,3.0,2,0,18.0,804,10.2,No,No,No
EMP10942,42,Female,IT,Software Engineer,5,Bachelor's,Married,Non-Travel,2.0,12632,Very High,45.0,12467.0,2,3.0,3.0,3.0,3.0,3,Yes,5.0,6,3,6,12,6.0,2,1,20.0,504,8.9,No,Yes,No
EMP10943,38,Male,Research & Development,Research Scientist,1,High School,Married,Travel_Frequently,35.0,7163,High,27.0,22821.0,3,4.0,4.0,3.0,3.0,4,Yes,0.0,17,0,14,21,2.0,1,2,18.0,325,7.2,No,No,No
EMP10944,59,Female,IT,Software Engineer,3,Doctorate,Married,Non-Travel,11.0,11316,Very High,90.0,20075.0,3,1.0,3.0,3.0,1.0,3,No,1.0,17,6,8,19,8.0,0,1,10.0,751,7.3,No,No,No
EMP10945,41,Female,IT,Software Engineer,3,Bachelor's,Single,Travel_Rarely,34.0,8173,High,22.0,5439.0,4,4.0,4.0,4.0,3.0,3,No,3.0,6,3,6,9,6.0,0,1,18.0,440,7.2,No,Yes,No
EMP10946,39,Male,Sales,Sales Executive,2,Master's,Married,Travel_Rarely,9.0,8394,High,90.0,16021.0,3,3.0,2.0,3.0,3.0,3,Yes,0.0,18,11,6,25,0.0,6,1,25.0,380,9.3,Yes,No,No
EMP10947,33,Female,IT,Software Engineer,1,Bachelor's,Married,Travel_Rarely,32.0,5616,Medium,92.0,,2,3.0,4.0,2.0,3.0,3,Yes,6.0,12,6,7,16,9.0,1,1,14.0,289,7.4,No,No,No
EMP10948,51,Male,Sales,Sales Executive,4,Bachelor's,Single,Travel_Rarely,29.0,11283,Very High,,16019.0,1,,2.0,4.0,3.0,3,No,2.0,8,8,4,8,1.0,3,3,20.0,245,9.9,Yes,Yes,No
EMP10949,38,Male,Research & Development,Research Scientist,1,Master's,Married,Travel_Rarely,11.0,5778,Medium,56.0,24761.0,4,2.0,4.0,4.0,2.0,3,No,4.0,9,9,9,9,9.0,1,0,11.0,311,7.6,No,No,Yes
EMP10950,46,Male,Sales,Sales Executive,4,Bachelor's,Divorced,Travel_Rarely,,9204,High,71.0,8730.0,2,3.0,3.0,2.0,2.0,3,Yes,0.0,2,1,2,6,2.0,4,0,16.0,165,10.4,Yes,No,No
EMP10951,50,Male,Research & Development,Research Scientist,4,High School,Single,Non-Travel,34.0,9924,High,80.0,19657.0,2,4.0,3.0,4.0,1.0,3,Yes,4.0,11,4,11,12,7.0,1,2,18.0,1450,9.5,No,No,Yes
EMP10952,54,Female,Operations,Operations Coordinator,2,Bachelor's,Divorced,Travel_Rarely,19.0,8636,High,92.0,23827.0,4,2.0,3.0,4.0,,3,Yes,2.0,15,3,0,17,3.0,1,2,11.0,549,7.0,No,No,Yes
EMP10953,34,Female,Sales,Sales Executive,1,,Single,Non-Travel,16.0,3308,Low,65.0,10531.0,2,2.0,3.0,3.0,2.0,3,No,5.0,2,2,2,2,1.0,1,1,18.0,297,7.3,No,No,No
EMP10954,30,Female,IT,Software Engineer,2,High School,Single,Travel_Rarely,34.0,6821,Medium,53.0,17647.0,3,3.0,3.0,3.0,3.0,3,No,1.0,7,4,5,11,7.0,1,0,20.0,1088,8.0,No,No,No
EMP10955,50,Male,IT,Software Engineer,3,Master's,Divorced,Travel_Rarely,37.0,10865,Very High,58.0,6407.0,3,3.0,3.0,4.0,2.0,3,No,6.0,17,4,3,21,6.0,3,3,16.0,715,7.5,Yes,No,No
EMP10956,31,Female,IT,Software Engineer,3,Bachelor's,Married,Non-Travel,39.0,8666,High,39.0,16970.0,4,4.0,4.0,4.0,3.0,4,No,2.0,10,8,10,11,3.0,2,1,13.0,996,9.0,No,No,No
EMP10957,57,Female,IT,Software Engineer,1,Master's,Married,Travel_Frequently,38.0,5155,Medium,53.0,4281.0,3,4.0,4.0,2.0,2.0,3,No,2.0,5,5,5,10,2.0,2,3,19.0,563,8.0,No,No,No
EMP10958,60,Female,Operations,Operations Coordinator,3,High School,Married,Travel_Rarely,31.0,7609,High,,9236.0,2,3.0,3.0,4.0,4.0,3,No,2.0,3,2,3,9,2.0,0,0,18.0,823,7.7,No,No,No
EMP10959,60,Female,Operations,Operations Coordinator,1,Master's,Single,Travel_Rarely,36.0,9613,High,73.0,9458.0,4,3.0,2.0,3.0,4.0,4,Yes,2.0,24,8,14,30,1.0,2,0,,1032,7.4,No,No,No
EMP10960,52,Female,Sales,Sales Executive,1,Bachelor's,Single,Travel_Rarely,21.0,5358,Medium,64.0,3277.0,4,3.0,3.0,3.0,1.0,3,Yes,6.0,5,5,5,5,1.0,2,1,19.0,710,9.8,No,No,No
EMP10961,56,Male,Sales,Sales Executive,2,Master's,Divorced,Travel_Frequently,21.0,9409,High,34.0,4289.0,1,3.0,3.0,3.0,2.0,2,No,4.0,23,2,1,29,3.0,3,0,11.0,165,7.2,No,No,No
EMP10962,47,Female,Operations,Operations Coordinator,2,Bachelor's,Single,Travel_Rarely,6.0,5664,Medium,,12721.0,2,3.0,2.0,2.0,3.0,3,No,2.0,7,7,4,14,1.0,5,0,11.0,638,9.1,Yes,No,No
EMP10963,55,Male,IT,Software Engineer,2,Master's,Married,Travel_Rarely,9.0,7202,High,68.0,6318.0,4,,1.0,1.0,2.0,3,No,6.0,15,8,6,16,6.0,3,1,23.0,413,7.9,No,No,Yes
EMP10964,42,Female,Research & Development,Research Scientist,4,Bachelor's,Married,Non-Travel,9.0,12531,Very High,27.0,14871.0,3,3.0,2.0,4.0,2.0,3,No,4.0,18,5,2,21,,5,1,24.0,1310,10.0,No,No,No
EMP10965,41,Male,Operations,Operations Coordinator,1,Bachelor's,Divorced,,31.0,5182,Medium,50.0,21436.0,3,3.0,4.0,3.0,1.0,2,No,3.0,8,8,5,8,3.0,0,1,17.0,1429,7.6,Yes,No,No
EMP10966,40,Female,Operations,Operations Coordinator,3,Master's,Single,Travel_Rarely,,9716,High,67.0,18907.0,4,4.0,4.0,4.0,3.0,1,Yes,1.0,19,0,12,23,5.0,0,1,21.0,1094,9.0,No,No,No
EMP10967,58,Female,Sales,Sales Executive,3,,Married,Travel_Frequently,13.0,11528,Very High,71.0,19097.0,3,4.0,3.0,,3.0,3,Yes,3.0,20,4,14,22,4.0,3,1,21.0,557,8.9,No,No,Yes
EMP10968,55,Female,Operations,Operations Coordinator,2,Master's,Married,Travel_Rarely,31.0,10068,Very High,33.0,4302.0,3,2.0,3.0,4.0,2.0,3,No,6.0,24,3,13,25,,6,1,13.0,1228,9.3,No,Yes,No
EMP10969,39,Female,Sales,Sales Executive,5,Master's,Married,Travel_Rarely,19.0,12422,Very High,27.0,19083.0,3,3.0,4.0,3.0,4.0,1,No,4.0,4,0,3,6,4.0,1,0,15.0,947,10.2,No,No,No
EMP10970,29,Male,Operations,Operations Coordinator,1,Bachelor's,Divorced,Travel_Rarely,20.0,3707,Low,38.0,3747.0,3,4.0,1.0,3.0,2.0,3,No,6.0,2,2,2,7,2.0,3,0,14.0,870,7.1,Yes,No,Yes
EMP10971,58,Female,Sales,Sales Executive,2,Bachelor's,Divorced,Travel_Rarely,9.0,5645,Medium,92.0,7462.0,4,3.0,2.0,4.0,3.0,3,No,2.0,8,1,0,8,2.0,3,1,10.0,758,9.1,No,Yes,No
EMP10972,59,Female,Research & Development,Research Scientist,4,Master's,Married,Travel_Rarely,19.0,12103,Very High,44.0,20806.0,3,3.0,3.0,3.0,3.0,4,No,1.0,13,2,13,19,5.0,6,0,19.0,898,8.0,No,Yes,No
EMP10973,30,Male,Sales,Sales Executive,4,Bachelor's,Married,Travel_Frequently,19.0,11807,Very High,90.0,,3,,1.0,3.0,1.0,3,No,0.0,8,5,7,10,8.0,2,1,11.0,433,7.1,No,No,Yes
EMP10974,55,Male,Human Resources,HR Executive,1,Master's,Married,Travel_Rarely,26.0,7439,High,63.0,5793.0,4,1.0,2.0,3.0,4.0,3,No,4.0,17,11,7,20,9.0,5,1,15.0,1062,10.2,Yes,No,No
EMP10975,56,Male,Research & Development,Research Scientist,2,Bachelor's,Divorced,Travel_Rarely,9.0,9077,High,36.0,9922.0,3,3.0,3.0,3.0,3.0,2,No,4.0,22,6,5,29,7.0,4,2,,269,9.2,No,No,No
EMP10976,36,Male,Sales,Sales Executive,1,Bachelor's,Married,Travel_Frequently,30.0,7634,High,55.0,7533.0,2,2.0,3.0,3.0,1.0,3,No,4.0,11,2,3,17,1.0,3,0,17.0,1129,9.4,No,No,Yes
EMP10977,38,Female,Operations,Operations Coordinator,1,Bachelor's,Single,Travel_Rarely,6.0,5972,Medium,65.0,13690.0,3,3.0,3.0,2.0,3.0,3,No,4.0,12,5,3,19,0.0,1,0,20.0,818,9.6,No,No,No
EMP10978,32,Male,Finance,Financial Analyst,2,Master's,Married,Travel_Frequently,10.0,6436,Medium,43.0,13446.0,3,2.0,2.0,4.0,4.0,2,Yes,2.0,0,0,0,7,0.0,1,1,16.0,1070,9.9,No,No,Yes
EMP10979,22,Female,Research & Development,Research Scientist,1,Master's,Married,Non-Travel,13.0,3717,Low,35.0,18487.0,4,3.0,3.0,3.0,4.0,3,No,4.0,1,0,1,8,1.0,0,0,14.0,292,9.6,No,No,No
EMP10980,34,Male,Sales,Sales Executive,3,High School,Married,,24.0,8982,High,21.0,5623.0,2,3.0,2.0,3.0,,4,No,3.0,5,5,5,11,0.0,1,1,16.0,777,9.9,No,Yes,No
EMP10981,44,Female,IT,Software Engineer,1,Bachelor's,Single,Travel_Rarely,10.0,4821,Medium,71.0,24643.0,3,2.0,3.0,4.0,2.0,2,No,2.0,8,8,0,9,6.0,1,0,21.0,100,7.6,No,No,No
EMP10982,48,Female,Operations,Operations Coordinator,2,Master's,,Travel_Rarely,39.0,9294,High,75.0,3216.0,1,4.0,1.0,3.0,1.0,1,No,2.0,17,9,13,24,8.0,1,0,18.0,463,7.7,No,No,No
EMP10983,36,Female,IT,Software Engineer,4,Bachelor's,Married,Travel_Rarely,14.0,11986,Very High,91.0,14587.0,3,4.0,3.0,3.0,4.0,3,No,,13,2,0,17,7.0,0,1,22.0,1315,8.5,Yes,No,No
EMP10984,43,Female,Sales,Sales Executive,3,Bachelor's,Single,Non-Travel,35.0,7914,High,59.0,24977.0,1,4.0,2.0,2.0,4.0,4,No,0.0,0,0,0,0,0.0,6,1,,860,9.5,No,No,No
EMP10985,41,Male,Research & Development,Research Scientist,1,Bachelor's,Single,Travel_Rarely,10.0,7027,High,49.0,4194.0,4,3.0,3.0,3.0,4.0,3,No,4.0,16,0,14,21,,2,0,17.0,1436,10.2,No,No,No
EMP10986,55,Female,Research & Development,Research Scientist,1,Bachelor's,Married,Travel_Rarely,,6575,Medium,32.0,6257.0,3,3.0,3.0,3.0,4.0,2,No,0.0,14,1,14,20,2.0,5,1,16.0,184,10.0,Yes,No,No
EMP10987,24,Female,Research & Development,Research Scientist,1,Bachelor's,Single,Travel_Rarely,22.0,5505,Medium,85.0,23411.0,3,4.0,2.0,3.0,2.0,3,No,4.0,3,3,3,10,3.0,6,0,20.0,1292,7.5,No,No,Yes
EMP10988,35,Male,IT,Software Engineer,3,Bachelor's,Married,Travel_Frequently,33.0,9717,High,22.0,,2,3.0,4.0,2.0,3.0,3,Yes,4.0,14,1,3,17,1.0,3,1,24.0,217,10.2,No,No,No
EMP10989,45,Male,Sales,Sales Executive,3,Master's,Married,Travel_Rarely,35.0,8976,High,31.0,8507.0,3,3.0,,3.0,3.0,3,No,3.0,4,3,4,11,4.0,1,1,19.0,1040,9.9,No,No,No
EMP10990,49,Female,Operations,Operations Coordinator,2,Bachelor's,Single,Travel_Rarely,36.0,7901,High,52.0,7685.0,3,3.0,,3.0,4.0,3,No,0.0,13,11,0,20,,1,0,22.0,769,7.9,No,No,No
EMP10991,58,Female,Human Resources,HR Executive,4,Bachelor's,Divorced,Travel_Frequently,12.0,14158,Very High,89.0,15297.0,4,3.0,1.0,3.0,2.0,3,Yes,2.0,24,8,13,27,1.0,5,1,14.0,759,10.0,No,No,No
EMP10992,56,Male,Sales,Sales Executive,1,High School,Married,Travel_Frequently,38.0,6794,Medium,42.0,17626.0,1,1.0,3.0,4.0,3.0,2,No,4.0,11,8,8,11,1.0,1,0,18.0,1215,7.7,No,No,No
EMP10993,51,Male,Human Resources,HR Executive,1,Bachelor's,Divorced,,7.0,5605,Medium,46.0,14634.0,3,3.0,2.0,2.0,4.0,3,No,4.0,6,2,3,7,6.0,0,0,21.0,439,8.6,Yes,No,Yes
EMP10994,51,Male,Sales,Sales Executive,2,High School,Married,Travel_Rarely,40.0,9664,High,92.0,14761.0,4,4.0,3.0,2.0,,3,Yes,6.0,21,4,14,26,6.0,3,0,22.0,347,9.5,Yes,No,No
EMP10995,35,Male,Finance,Financial Analyst,2,Master's,Single,Non-Travel,32.0,8433,High,67.0,5648.0,3,,4.0,2.0,4.0,3,No,4.0,14,4,9,17,9.0,6,0,16.0,989,8.9,No,Yes,No
EMP10996,48,Male,Research & Development,Research Scientist,2,Bachelor's,Married,Non-Travel,27.0,10287,Very High,44.0,12916.0,2,,2.0,3.0,3.0,1,Yes,1.0,23,10,14,26,3.0,6,1,23.0,1297,9.6,Yes,No,Yes
EMP10997,41,Male,Operations,Operations Coordinator,1,Master's,Married,Travel_Rarely,30.0,8306,High,41.0,22265.0,2,3.0,3.0,2.0,4.0,2,Yes,4.0,15,5,2,20,3.0,5,0,10.0,863,10.5,No,Yes,No
EMP10998,44,Male,IT,Software Engineer,2,High School,Single,Non-Travel,25.0,8866,High,,19551.0,3,4.0,2.0,4.0,4.0,2,No,5.0,19,9,9,22,5.0,1,0,16.0,260,7.1,Yes,No,No
EMP10999,29,Male,Research & Development,Research Scientist,3,Master's,Single,Travel_Rarely,35.0,7843,High,32.0,22257.0,3,3.0,3.0,3.0,1.0,3,No,1.0,8,7,8,9,3.0,2,0,21.0,1424,7.7,No,No,Yes
EMP11000,26,Male,Sales,Sales Executive,1,High School,Divorced,Non-Travel,33.0,6381,Medium,22.0,21209.0,2,3.0,4.0,1.0,4.0,2,No,1.0,3,3,3,3,1.0,6,1,24.0,534,8.0,No,No,No
EMP11001,39,Female,Sales,Sales Executive,2,Bachelor's,Single,Travel_Frequently,2.0,8072,High,75.0,23885.0,3,4.0,2.0,3.0,2.0,4,No,6.0,18,4,0,22,6.0,6,1,21.0,582,8.8,No,No,Yes
EMP11002,48,Male,Operations,Operations Coordinator,1,Master's,Single,Travel_Rarely,17.0,6304,Medium,87.0,19414.0,2,4.0,1.0,1.0,4.0,1,Yes,2.0,9,2,8,10,2.0,3,1,20.0,234,9.4,No,No,No
EMP11003,58,Female,Human Resources,HR Executive,1,Bachelor's,Single,Travel_Rarely,37.0,7522,High,68.0,21251.0,4,3.0,4.0,2.0,3.0,4,Yes,4.0,19,5,5,23,3.0,5,0,17.0,688,8.2,No,No,No
EMP11004,34,Male,Research & Development,Research Scientist,3,Master's,Single,Travel_Rarely,34.0,10172,Very High,23.0,23668.0,4,3.0,3.0,1.0,3.0,3,Yes,3.0,12,10,0,13,9.0,1,0,22.0,1181,7.9,No,No,No
EMP11005,26,Female,Research & Development,Research Scientist,2,High School,Divorced,Non-Travel,6.0,6988,Medium,90.0,7851.0,4,2.0,3.0,3.0,3.0,3,No,4.0,5,5,5,12,1.0,3,3,20.0,590,7.8,No,No,No
EMP11006,56,Male,Operations,Operations Coordinator,1,Master's,Single,Non-Travel,35.0,6533,Medium,88.0,9367.0,1,1.0,3.0,2.0,4.0,2,No,1.0,16,1,2,20,0.0,3,1,15.0,1323,10.5,Yes,No,No
EMP11007,35,Female,Research & Development,Research Scientist,1,Master's,Married,Non-Travel,21.0,7288,High,70.0,5621.0,3,2.0,2.0,1.0,3.0,4,Yes,6.0,14,8,0,16,1.0,1,1,13.0,1221,8.2,Yes,No,No
EMP11008,25,Male,Operations,Operations Coordinator,2,Bachelor's,Married,Travel_Frequently,14.0,7280,High,40.0,10854.0,2,3.0,3.0,3.0,3.0,4,No,5.0,4,3,4,11,4.0,0,1,21.0,785,8.0,No,Yes,Yes
EMP11009,46,Female,Finance,Financial Analyst,2,Bachelor's,Divorced,Travel_Rarely,5.0,6691,Medium,74.0,10218.0,4,1.0,3.0,1.0,3.0,2,No,6.0,7,7,7,11,5.0,4,0,24.0,1330,10.0,Yes,No,No
EMP11010,39,Male,IT,Software Engineer,2,High School,Married,Travel_Rarely,26.0,8856,High,80.0,16541.0,3,3.0,3.0,3.0,3.0,3,Yes,2.0,18,3,14,22,6.0,5,0,,1200,7.9,No,No,No
EMP11011,41,Male,IT,Software Engineer,2,Bachelor's,Married,Travel_Rarely,35.0,7850,High,65.0,6374.0,2,3.0,3.0,3.0,4.0,2,No,0.0,9,7,5,14,3.0,6,0,13.0,1432,9.3,No,Yes,No
EMP11012,54,Male,Operations,Operations Coordinator,2,Bachelor's,Divorced,Travel_Frequently,37.0,5859,Medium,78.0,9188.0,2,3.0,1.0,3.0,4.0,3,No,6.0,7,7,3,10,0.0,3,1,17.0,745,7.1,No,No,Yes
EMP11013,32,Female,Sales,Sales Executive,4,Master's,Married,Travel_Rarely,16.0,9904,High,96.0,14003.0,2,,1.0,2.0,2.0,2,No,2.0,11,7,7,13,8.0,6,0,16.0,631,,No,No,Yes
EMP11014,31,Female,Operations,Operations Coordinator,4,Master's,Divorced,Travel_Rarely,15.0,10714,Very High,24.0,16720.0,3,3.0,3.0,3.0,4.0,4,Yes,2.0,10,0,10,13,3.0,4,2,10.0,814,9.6,No,No,No
EMP11015,36,Female,IT,Software Engineer,5,Bachelor's,Divorced,Travel_Frequently,14.0,13667,Very High,86.0,10346.0,3,,2.0,4.0,2.0,3,No,1.0,15,10,8,16,3.0,2,1,12.0,863,7.2,No,No,No
EMP11016,26,Female,Human Resources,HR Executive,2,Bachelor's,Single,Travel_Rarely,13.0,7122,High,,12354.0,2,3.0,3.0,4.0,3.0,3,No,3.0,5,4,1,5,0.0,2,0,17.0,576,9.4,Yes,Yes,No
EMP11017,22,Male,IT,Software Engineer,1,Bachelor's,Married,Non-Travel,8.0,3583,Low,93.0,20638.0,2,3.0,2.0,3.0,3.0,4,No,3.0,1,1,1,5,1.0,5,1,22.0,1457,8.2,No,No,No
EMP11018,34,Male,IT,Software Engineer,2,Bachelor's,Single,Travel_Frequently,25.0,7380,High,99.0,23593.0,3,3.0,4.0,3.0,2.0,3,No,0.0,13,0,1,19,9.0,2,0,14.0,377,7.5,No,Yes,No
EMP11019,55,Male,Operations,Operations Coordinator,2,Bachelor's,Divorced,Travel_Rarely,33.0,7640,High,76.0,,1,2.0,3.0,1.0,2.0,3,No,4.0,9,3,9,11,7.0,5,1,23.0,862,8.0,No,Yes,Yes
EMP11020,54,Male,Sales,Sales Executive,3,Bachelor's,Married,Travel_Rarely,38.0,7060,High,72.0,3032.0,3,1.0,3.0,1.0,3.0,3,No,5.0,8,4,3,12,0.0,4,2,22.0,341,8.4,No,No,Yes
EMP11021,27,Male,Research & Development,Research Scientist,1,Master's,Married,Travel_Rarely,5.0,3956,Low,98.0,4818.0,4,3.0,,1.0,,3,No,3.0,5,3,5,12,0.0,2,0,24.0,444,9.2,Yes,No,No
EMP11022,37,Male,Research & Development,Research Scientist,2,Master's,Divorced,Travel_Rarely,37.0,9206,High,36.0,20455.0,2,3.0,4.0,2.0,2.0,1,No,2.0,14,5,10,17,4.0,3,0,22.0,1164,10.3,No,No,No
EMP11023,23,Male,Finance,Financial Analyst,2,High School,Married,Travel_Frequently,4.0,5800,Medium,23.0,7335.0,3,2.0,3.0,1.0,2.0,2,No,0.0,2,2,2,6,2.0,2,1,23.0,443,8.1,No,No,No
EMP11024,56,Male,IT,Software Engineer,3,Bachelor's,Divorced,Travel_Rarely,33.0,8301,High,73.0,8860.0,2,3.0,3.0,3.0,3.0,3,No,4.0,15,9,0,19,5.0,5,1,21.0,1332,7.5,No,No,Yes
EMP11025,55,Male,Research & Development,Research Scientist,1,Bachelor's,Married,Travel_Frequently,28.0,3658,Low,20.0,23915.0,1,2.0,3.0,4.0,3.0,3,No,3.0,6,1,6,9,6.0,4,0,13.0,768,7.1,No,No,No
EMP11026,50,Male,IT,Software Engineer,1,Master's,Married,Travel_Frequently,9.0,7476,High,,9834.0,2,3.0,3.0,,4.0,3,No,0.0,24,6,0,26,8.0,5,2,23.0,481,9.8,No,No,Yes
EMP11027,34,Male,Finance,Financial Analyst,1,Master's,Married,Travel_Rarely,36.0,5699,Medium,71.0,18822.0,4,3.0,4.0,1.0,4.0,3,Yes,1.0,12,8,4,13,2.0,1,1,12.0,1107,9.6,No,Yes,Yes
EMP11028,22,Male,IT,Software Engineer,2,Master's,Married,Travel_Rarely,19.0,6674,Medium,42.0,14067.0,2,2.0,1.0,3.0,3.0,3,No,0.0,1,1,1,1,1.0,4,1,24.0,1378,8.1,Yes,No,Yes
EMP11029,26,Female,Sales,Sales Executive,2,Bachelor's,Single,Non-Travel,16.0,5490,Medium,82.0,3495.0,4,3.0,3.0,3.0,3.0,3,No,5.0,5,5,3,6,5.0,6,0,11.0,637,7.2,No,No,Yes
EMP11030,51,Female,IT,Software Engineer,3,Bachelor's,Married,Travel_Rarely,40.0,8950,High,,8860.0,2,4.0,2.0,1.0,3.0,4,No,5.0,5,5,3,9,2.0,0,0,16.0,1248,7.1,No,No,Yes
EMP11031,38,Female,Human Resources,HR Executive,2,Bachelor's,Married,Travel_Frequently,7.0,9509,High,77.0,16932.0,1,3.0,4.0,2.0,3.0,4,Yes,5.0,15,11,2,21,,6,1,24.0,127,7.8,No,No,No
EMP11032,22,Male,Sales,Sales Executive,2,Master's,Married,Non-Travel,29.0,5673,Medium,36.0,12579.0,3,3.0,3.0,4.0,4.0,2,No,5.0,1,1,1,5,1.0,1,3,13.0,1167,7.6,No,No,No
EMP11033,32,Female,Finance,Financial Analyst,2,High School,Married,Travel_Frequently,33.0,7978,High,97.0,11831.0,3,2.0,3.0,3.0,1.0,2,No,3.0,11,0,11,17,4.0,5,2,10.0,447,9.1,No,No,Yes
EMP11034,43,Male,Sales,Sales Executive,3,High School,Married,Travel_Rarely,2.0,9488,High,58.0,17000.0,1,2.0,3.0,4.0,3.0,1,No,6.0,19,0,7,24,7.0,5,0,23.0,927,8.7,No,No,No
EMP11035,27,Male,Research & Development,Research Scientist,2,Bachelor's,Married,Travel_Rarely,8.0,7534,High,49.0,22114.0,1,3.0,2.0,1.0,3.0,3,No,4.0,5,5,5,10,5.0,6,1,16.0,1126,10.1,Yes,No,No
EMP11036,31,Male,Finance,Financial Analyst,1,Master's,Divorced,Travel_Rarely,25.0,4904,Medium,91.0,16001.0,3,4.0,3.0,3.0,3.0,3,No,0.0,8,2,8,12,6.0,6,1,13.0,919,7.1,No,No,No
EMP11037,26,Female,Research & Development,Research Scientist,1,Master's,Married,Travel_Rarely,22.0,5513,Medium,,6319.0,3,3.0,1.0,2.0,2.0,4,No,4.0,5,1,1,7,5.0,4,0,17.0,1044,8.0,Yes,No,No
EMP11038,49,Male,Operations,Operations Coordinator,1,Bachelor's,Single,Travel_Frequently,21.0,6234,Medium,29.0,23490.0,2,3.0,1.0,3.0,4.0,3,No,5.0,4,4,4,4,3.0,0,1,12.0,837,7.4,No,No,No
EMP11039,50,Female,IT,Software Engineer,3,Doctorate,Married,Non-Travel,33.0,9925,High,47.0,13262.0,2,4.0,3.0,3.0,2.0,3,Yes,3.0,13,6,13,16,6.0,5,1,25.0,974,9.8,Yes,Yes,No
EMP11040,38,Female,Operations,Operations Coordinator,4,Bachelor's,Divorced,Travel_Rarely,33.0,8963,High,77.0,12120.0,4,2.0,3.0,2.0,3.0,3,No,4.0,1,1,1,6,1.0,3,0,18.0,175,8.4,No,Yes,No
EMP11041,57,Male,Research & Development,Research Scientist,5,Master's,Single,Travel_Rarely,31.0,13445,Very High,70.0,7375.0,2,3.0,2.0,3.0,3.0,3,Yes,0.0,12,10,2,19,6.0,2,0,25.0,904,10.1,No,Yes,Yes
EMP11042,49,Female,Human Resources,HR Executive,1,Bachelor's,Single,Travel_Rarely,14.0,7596,High,45.0,5679.0,1,4.0,2.0,1.0,3.0,3,No,4.0,10,7,3,16,4.0,6,2,17.0,484,7.1,No,No,No
EMP11043,46,Male,IT,Software Engineer,1,Bachelor's,Married,Non-Travel,26.0,5526,Medium,41.0,,3,2.0,2.0,3.0,3.0,3,No,5.0,6,6,6,6,2.0,6,0,14.0,195,8.2,No,No,No
EMP11044,56,Female,Operations,Operations Coordinator,1,Bachelor's,Married,Travel_Rarely,17.0,8918,High,43.0,19910.0,1,4.0,3.0,3.0,2.0,3,No,5.0,23,3,10,23,1.0,2,1,23.0,1322,8.5,No,Yes,No
EMP11045,58,Female,Sales,Sales Executive,2,Master's,Married,Travel_Frequently,32.0,7962,High,90.0,8220.0,3,4.0,3.0,4.0,1.0,3,No,6.0,6,4,0,10,6.0,1,1,21.0,102,8.5,No,Yes,Yes
EMP11046,47,Female,Sales,Sales Executive,1,Master's,Divorced,Travel_Rarely,39.0,4990,Medium,39.0,3971.0,2,3.0,1.0,3.0,1.0,3,No,2.0,9,8,0,9,,5,2,11.0,1377,10.1,No,Yes,Yes
EMP11047,41,Male,Sales,Sales Executive,3,Bachelor's,Married,Travel_Frequently,29.0,8779,High,93.0,,4,2.0,3.0,3.0,3.0,2,No,0.0,9,8,6,11,0.0,6,0,16.0,725,9.8,Yes,No,Yes
EMP11048,22,Female,Human Resources,HR Executive,3,Doctorate,Divorced,Travel_Rarely,,7532,High,23.0,5780.0,3,2.0,3.0,3.0,1.0,4,No,3.0,1,1,1,8,1.0,4,1,18.0,158,9.0,No,No,No
EMP11049,22,Female,Research & Development,Research Scientist,3,Bachelor's,Married,Non-Travel,1.0,6528,Medium,64.0,3001.0,3,1.0,2.0,2.0,2.0,2,No,0.0,1,1,1,1,1.0,2,2,13.0,384,7.1,No,No,No
EMP11050,28,Male,Sales,Sales Executive,2,Master's,Single,Non-Travel,3.0,7836,High,54.0,8086.0,4,3.0,4.0,3.0,2.0,4,No,0.0,7,1,6,8,0.0,5,0,12.0,1045,9.7,Yes,No,No
EMP11051,45,Male,Research & Development,Research Scientist,5,Bachelor's,Single,Travel_Rarely,1.0,10863,Very High,47.0,8728.0,3,1.0,2.0,3.0,3.0,2,No,5.0,1,1,1,6,1.0,5,0,24.0,1426,7.7,No,No,No
EMP11052,46,Female,Sales,Sales Executive,1,Bachelor's,Married,Travel_Rarely,21.0,7879,High,70.0,20145.0,2,4.0,4.0,2.0,2.0,3,Yes,3.0,21,9,1,21,2.0,4,1,10.0,255,9.0,No,No,No
EMP11053,25,Male,Human Resources,HR Executive,4,Master's,Divorced,Travel_Rarely,12.0,9508,High,,,2,3.0,4.0,,4.0,3,No,5.0,4,4,1,5,4.0,1,0,23.0,280,7.3,No,Yes,No
EMP11054,51,Female,Sales,Sales Executive,2,Master's,Single,Non-Travel,31.0,6868,Medium,28.0,24914.0,3,3.0,2.0,3.0,2.0,3,No,5.0,3,3,3,6,2.0,0,0,16.0,928,7.5,No,No,No
EMP11055,52,Female,Operations,Operations Coordinator,2,Master's,Married,Non-Travel,9.0,8398,High,35.0,16509.0,3,3.0,3.0,4.0,3.0,3,No,2.0,13,3,8,19,4.0,1,0,19.0,965,8.9,No,No,No
EMP11056,27,Male,Finance,Financial Analyst,3,Bachelor's,Divorced,Travel_Frequently,18.0,6902,Medium,65.0,13669.0,3,3.0,2.0,4.0,3.0,3,No,3.0,0,0,0,0,0.0,0,1,23.0,759,9.8,No,No,Yes
EMP11057,41,Female,IT,Software Engineer,5,Master's,Single,Travel_Rarely,35.0,11475,Very High,87.0,18942.0,1,4.0,,3.0,4.0,2,No,4.0,7,5,7,14,1.0,0,0,20.0,1127,9.7,No,No,No
EMP11058,41,Male,IT,Software Engineer,5,Bachelor's,Married,Travel_Frequently,28.0,13508,Very High,90.0,9832.0,2,3.0,1.0,3.0,3.0,4,No,5.0,14,5,12,20,2.0,5,1,11.0,651,9.7,No,No,Yes
EMP11059,50,Male,Human Resources,HR Executive,2,Bachelor's,Married,Travel_Rarely,11.0,9298,High,55.0,6984.0,2,3.0,2.0,3.0,,3,Yes,5.0,21,5,13,27,1.0,2,0,16.0,1475,,No,Yes,Yes
EMP11060,31,Female,IT,Software Engineer,1,Master's,Single,Travel_Rarely,16.0,5004,Medium,24.0,6494.0,2,4.0,1.0,2.0,1.0,2,No,6.0,2,2,2,3,2.0,4,2,13.0,951,7.5,No,No,No
EMP11061,24,Female,IT,Software Engineer,3,Master's,Single,Non-Travel,10.0,9323,High,20.0,3944.0,2,3.0,1.0,3.0,1.0,2,No,3.0,3,3,0,10,3.0,1,0,12.0,138,8.0,No,No,No
EMP11062,54,Female,Research & Development,Research Scientist,1,High School,Married,Travel_Rarely,39.0,5357,Medium,98.0,10390.0,3,2.0,4.0,2.0,3.0,2,No,1.0,6,0,5,8,6.0,5,0,24.0,309,9.7,No,Yes,No
EMP11063,25,Male,Sales,Sales Executive,2,Master's,Single,Non-Travel,13.0,5760,Medium,76.0,18231.0,3,1.0,4.0,4.0,,2,No,0.0,4,4,4,7,2.0,2,0,14.0,604,9.1,No,No,No
EMP11064,60,Female,Sales,Sales Executive,1,Master's,Married,Travel_Rarely,31.0,4791,Medium,42.0,6873.0,4,3.0,2.0,3.0,4.0,2,No,4.0,5,5,3,5,3.0,5,1,21.0,210,8.1,No,No,Yes
EMP11065,43,Male,Finance,Financial Analyst,2,Bachelor's,Single,Non-Travel,32.0,10874,Very High,40.0,7367.0,3,3.0,4.0,2.0,3.0,3,Yes,3.0,22,2,3,27,6.0,4,0,18.0,1242,7.5,No,No,No
EMP11066,39,Female,IT,Software Engineer,1,Doctorate,Single,Travel_Rarely,3.0,4206,Low,27.0,20505.0,1,3.0,3.0,,4.0,3,No,0.0,4,4,4,8,4.0,3,0,10.0,1443,9.8,No,No,No
EMP11067,45,Female,Operations,Operations Coordinator,2,Master's,Married,Travel_Frequently,23.0,9695,High,79.0,7633.0,3,2.0,4.0,3.0,2.0,3,No,3.0,22,6,9,24,5.0,5,2,14.0,797,8.6,No,No,Yes
EMP11068,37,Male,Sales,Sales Executive,3,Bachelor's,Single,Travel_Rarely,18.0,9516,High,34.0,5032.0,2,3.0,4.0,3.0,4.0,3,No,5.0,16,11,0,19,8.0,2,1,14.0,424,8.1,No,No,No
EMP11069,58,Male,IT,Software Engineer,4,Bachelor's,Divorced,Non-Travel,19.0,10574,Very High,,13809.0,3,3.0,2.0,4.0,3.0,3,No,2.0,3,3,3,3,3.0,1,1,18.0,1149,7.6,No,No,No
EMP11070,51,Female,Sales,Sales Executive,2,Bachelor's,Divorced,Travel_Rarely,34.0,6932,Medium,,23782.0,2,2.0,4.0,2.0,3.0,3,No,4.0,13,4,0,20,1.0,4,2,25.0,407,7.8,No,No,No
EMP11071,41,Female,Research & Development,Research Scientist,5,Bachelor's,Single,Travel_Rarely,20.0,11752,Very High,96.0,12308.0,3,1.0,3.0,1.0,3.0,1,No,6.0,1,1,1,7,1.0,5,0,10.0,1086,8.6,No,No,No
EMP11072,48,Female,Research & Development,Research Scientist,2,Bachelor's,Single,Non-Travel,35.0,9801,High,49.0,21613.0,3,3.0,2.0,1.0,,3,No,4.0,23,9,6,25,1.0,0,1,10.0,989,9.1,No,No,No
EMP11073,57,Male,Sales,Sales Executive,1,Bachelor's,Divorced,Travel_Rarely,15.0,3961,Low,43.0,8120.0,3,2.0,1.0,2.0,1.0,2,No,3.0,0,0,0,3,0.0,6,1,20.0,1096,10.3,No,No,Yes
EMP11074,49,Male,IT,Software Engineer,1,Bachelor's,Married,Non-Travel,,8100,High,95.0,11290.0,3,4.0,2.0,2.0,3.0,4,Yes,4.0,24,3,9,26,5.0,2,1,19.0,476,7.3,No,No,Yes
EMP11075,36,Male,Human Resources,HR Executive,2,High School,Married,Travel_Rarely,37.0,7952,High,28.0,13020.0,2,3.0,3.0,3.0,3.0,3,No,1.0,2,2,2,9,0.0,1,1,14.0,1203,7.2,No,No,No
EMP11076,52,Female,Research & Development,Research Scientist,2,High School,Married,Travel_Rarely,12.0,8517,High,37.0,20074.0,2,3.0,1.0,2.0,3.0,3,No,6.0,21,8,9,23,5.0,5,0,18.0,1072,8.0,No,No,No
EMP11077,47,Male,Research & Development,Research Scientist,4,High School,,Travel_Rarely,7.0,8591,High,86.0,20182.0,2,2.0,4.0,3.0,3.0,1,No,6.0,2,2,2,4,2.0,5,2,11.0,251,7.1,Yes,No,No
EMP11078,45,Female,IT,Software Engineer,1,Doctorate,,Non-Travel,16.0,8287,High,86.0,7868.0,2,3.0,4.0,3.0,4.0,4,No,1.0,19,11,11,25,0.0,0,0,12.0,1187,9.8,No,No,Yes
EMP11079,37,Male,Sales,Sales Executive,1,Bachelor's,Single,Non-Travel,35.0,6096,Medium,57.0,18929.0,3,3.0,4.0,3.0,3.0,2,No,4.0,16,5,11,22,5.0,2,1,15.0,650,9.7,No,No,No
EMP11080,42,Female,Research & Development,Research Scientist,1,,Married,Travel_Rarely,,7633,High,43.0,15385.0,2,3.0,3.0,3.0,4.0,3,No,0.0,21,0,13,28,7.0,4,0,23.0,812,9.6,No,No,No
EMP11081,59,Male,Sales,Sales Executive,2,Master's,Married,Travel_Frequently,,5981,Medium,86.0,20671.0,1,4.0,4.0,4.0,4.0,4,No,0.0,8,8,8,9,8.0,3,0,16.0,1229,7.9,No,No,Yes
EMP11082,49,Male,Research & Development,Research Scientist,2,Master's,Divorced,Travel_Rarely,34.0,8877,High,82.0,7478.0,3,2.0,1.0,3.0,2.0,3,Yes,1.0,20,3,8,22,5.0,1,1,10.0,591,9.9,Yes,No,No
EMP11083,27,Male,Human Resources,HR Executive,1,High School,Married,Travel_Rarely,9.0,6489,Medium,49.0,5874.0,3,3.0,3.0,2.0,2.0,1,Yes,3.0,6,0,6,11,6.0,6,1,16.0,460,8.9,No,Yes,Yes
EMP11084,49,Female,Human Resources,HR Executive,4,High School,Married,Travel_Rarely,4.0,9906,High,47.0,23801.0,3,3.0,4.0,4.0,4.0,3,Yes,5.0,6,5,6,10,4.0,6,0,16.0,1048,7.1,No,No,No
EMP11085,51,Female,Operations,Operations Coordinator,3,Bachelor's,Married,Travel_Rarely,39.0,13174,Very High,85.0,24642.0,2,3.0,2.0,4.0,3.0,3,No,6.0,22,0,12,25,6.0,1,2,11.0,290,8.8,No,No,Yes
EMP11086,37,Female,Research & Development,Research Scientist,2,Bachelor's,Married,Travel_Frequently,31.0,4797,Medium,36.0,10944.0,4,2.0,4.0,3.0,3.0,3,Yes,2.0,2,2,2,2,2.0,3,0,11.0,1419,7.1,Yes,No,No
EMP11087,28,Male,Research & Development,Research Scientist,2,Master's,Single,Travel_Rarely,1.0,7983,High,82.0,6803.0,2,3.0,3.0,3.0,2.0,3,No,6.0,2,2,2,3,2.0,5,2,23.0,1011,10.1,No,No,No
EMP11088,47,Female,Sales,Sales Executive,3,High School,Married,Travel_Rarely,9.0,10421,Very High,68.0,,2,4.0,,4.0,,4,No,1.0,12,8,8,15,7.0,3,0,,890,10.5,No,No,No
EMP11089,58,Male,Research & Development,Research Scientist,4,Master's,Single,Travel_Rarely,3.0,10108,Very High,89.0,23241.0,3,3.0,3.0,3.0,2.0,3,No,2.0,4,4,4,10,4.0,2,1,15.0,997,9.2,No,No,No
EMP11090,55,Female,Sales,Sales Executive,1,High School,Single,Non-Travel,20.0,9425,High,80.0,8953.0,2,3.0,3.0,3.0,3.0,3,No,1.0,21,7,2,22,5.0,2,0,21.0,255,8.4,Yes,No,No
EMP11091,45,Female,Operations,Operations Coordinator,2,Bachelor's,Married,Travel_Rarely,28.0,10536,Very High,29.0,14452.0,3,1.0,,3.0,3.0,3,No,3.0,22,6,14,23,7.0,5,1,10.0,474,9.5,Yes,Yes,No
EMP11092,24,Male,Finance,Financial Analyst,1,Bachelor's,Single,Non-Travel,29.0,4278,Low,85.0,19874.0,2,3.0,3.0,2.0,,3,No,5.0,3,3,2,6,3.0,2,0,21.0,291,10.2,Yes,No,No
EMP11093,51,Male,Operations,Operations Coordinator,2,Master's,Divorced,Travel_Rarely,1.0,7466,High,25.0,7231.0,4,2.0,4.0,4.0,3.0,4,No,2.0,11,4,11,13,2.0,0,2,25.0,107,8.3,No,No,No
EMP11094,29,Female,Sales,Sales Executive,1,Bachelor's,Divorced,Non-Travel,36.0,4914,Medium,,13095.0,2,4.0,2.0,1.0,3.0,2,Yes,4.0,8,3,2,8,2.0,4,1,25.0,1430,9.5,No,No,No
EMP11095,25,Male,IT,Software Engineer,2,Bachelor's,,Travel_Rarely,24.0,6639,Medium,87.0,7349.0,1,3.0,2.0,4.0,2.0,3,No,5.0,4,4,4,10,4.0,4,0,22.0,1239,9.7,No,No,Yes
EMP11096,55,Female,Research & Development,Research Scientist,2,,Married,Travel_Frequently,28.0,9508,High,96.0,13056.0,2,3.0,1.0,4.0,2.0,3,No,3.0,14,4,1,19,,1,0,23.0,1265,9.3,No,No,Yes
EMP11097,22,Female,Sales,Sales Executive,1,Master's,Married,Travel_Rarely,3.0,3834,Low,85.0,7832.0,3,2.0,2.0,4.0,2.0,2,No,1.0,1,1,1,1,0.0,1,2,25.0,900,7.3,No,No,No
EMP11098,31,Male,Human Resources,HR Executive,3,Bachelor's,Married,Travel_Rarely,3.0,8341,High,84.0,16553.0,4,3.0,4.0,2.0,4.0,2,No,6.0,10,6,2,16,5.0,3,1,23.0,1073,8.8,No,No,No
EMP11099,31,Female,Operations,Operations Coordinator,2,Master's,Single,Travel_Rarely,4.0,9074,High,80.0,11095.0,2,2.0,1.0,3.0,3.0,3,No,0.0,8,4,8,10,1.0,0,2,19.0,1306,8.5,No,No,No
EMP11100,59,Male,Research & Development,Research Scientist,4,Master's,Married,Travel_Frequently,16.0,10645,Very High,52.0,17669.0,3,3.0,3.0,3.0,3.0,3,Yes,6.0,3,0,3,7,3.0,4,0,22.0,678,7.6,No,No,No
EMP11101,43,Male,Research & Development,Research Scientist,2,Master's,Single,Travel_Rarely,14.0,8179,High,26.0,15918.0,2,3.0,4.0,3.0,3.0,2,No,1.0,11,4,8,16,0.0,2,0,24.0,1440,9.7,No,Yes,No
EMP11102,55,Male,Research & Development,Research Scientist,3,Bachelor's,Married,Travel_Rarely,27.0,9384,High,68.0,22347.0,4,2.0,4.0,,4.0,4,No,4.0,11,1,11,13,0.0,1,1,14.0,907,8.1,No,Yes,No
EMP11103,31,Male,Research & Development,Research Scientist,2,Bachelor's,Married,Travel_Rarely,36.0,6727,Medium,66.0,21482.0,3,3.0,2.0,4.0,3.0,4,Yes,0.0,10,10,10,17,7.0,2,0,21.0,799,9.2,Yes,No,No
EMP11104,40,Male,Sales,Sales Executive,1,Bachelor's,Married,Travel_Rarely,40.0,5814,Medium,30.0,11713.0,2,4.0,3.0,3.0,3.0,4,No,5.0,13,7,12,14,8.0,3,1,18.0,387,7.4,No,No,No
EMP11105,39,Male,Finance,Financial Analyst,2,Bachelor's,Married,Travel_Rarely,9.0,7224,High,,17966.0,3,3.0,4.0,4.0,2.0,3,Yes,4.0,4,4,4,7,0.0,5,0,20.0,1035,9.0,No,No,No
EMP11106,58,Male,Research & Development,Research Scientist,4,Master's,Married,Travel_Frequently,19.0,9908,High,79.0,5354.0,2,3.0,3.0,3.0,4.0,3,Yes,4.0,2,2,2,6,2.0,5,1,24.0,212,7.1,No,No,No
EMP11107,36,Female,Sales,Sales Executive,3,,Single,Travel_Frequently,2.0,8917,High,80.0,17608.0,1,2.0,3.0,2.0,2.0,2,Yes,2.0,15,6,14,19,5.0,6,1,22.0,162,7.8,No,No,Yes
EMP11108,59,Female,Operations,Operations Coordinator,2,Bachelor's,Married,Travel_Frequently,25.0,10269,Very High,88.0,19936.0,3,3.0,2.0,2.0,3.0,4,Yes,5.0,24,10,11,24,5.0,4,0,19.0,962,8.5,No,Yes,Yes
EMP11109,35,Female,Research & Development,Research Scientist,3,Master's,Single,Travel_Frequently,14.0,11014,Very High,82.0,19738.0,2,3.0,2.0,3.0,3.0,3,No,5.0,14,10,2,15,2.0,2,1,18.0,984,7.8,Yes,No,Yes
EMP11110,23,Female,Operations,Operations Coordinator,1,Doctorate,Divorced,Non-Travel,7.0,3664,Low,74.0,7469.0,4,4.0,2.0,2.0,3.0,2,No,3.0,2,2,2,6,2.0,3,0,10.0,513,9.9,Yes,No,No
EMP11111,31,Female,Finance,Financial Analyst,1,Bachelor's,Married,Non-Travel,27.0,6810,Medium,30.0,9159.0,3,1.0,3.0,3.0,2.0,3,No,3.0,10,4,5,10,2.0,6,0,21.0,195,9.3,Yes,No,No
EMP11112,30,Female,Research & Development,Research Scientist,1,Master's,Single,Travel_Rarely,5.0,6596,Medium,50.0,12922.0,3,2.0,4.0,4.0,4.0,2,No,3.0,9,4,9,11,,1,1,12.0,407,8.6,No,No,No
EMP11113,27,Male,IT,Software Engineer,3,Bachelor's,Married,Non-Travel,10.0,8836,High,28.0,23766.0,4,4.0,3.0,2.0,3.0,3,No,0.0,6,6,6,12,0.0,5,0,15.0,566,9.9,No,No,No
EMP11114,22,Male,Operations,Operations Coordinator,4,Doctorate,Married,Travel_Frequently,12.0,9852,High,43.0,6648.0,3,1.0,3.0,3.0,3.0,4,Yes,4.0,1,1,1,1,1.0,6,1,20.0,181,9.7,No,No,No
EMP11115,41,Male,Research & Development,Research Scientist,1,Bachelor's,Married,Non-Travel,37.0,5758,Medium,52.0,17427.0,3,3.0,4.0,2.0,2.0,3,No,2.0,12,3,9,18,5.0,1,2,20.0,946,10.0,No,Yes,No
EMP11116,40,Male,Sales,Sales Executive,5,High School,Married,Travel_Rarely,23.0,9993,High,48.0,24117.0,3,2.0,4.0,4.0,3.0,1,No,3.0,6,5,3,6,2.0,2,0,11.0,1353,9.4,No,No,No
EMP11117,53,Male,Research & Development,Research Scientist,2,Master's,Single,Travel_Rarely,8.0,9296,High,47.0,14998.0,3,1.0,3.0,2.0,1.0,4,No,2.0,12,8,12,19,6.0,0,0,24.0,858,8.0,No,No,Yes
EMP11118,48,Male,Research & Development,Research Scientist,2,Bachelor's,Single,Travel_Rarely,6.0,7887,High,72.0,16079.0,3,4.0,3.0,3.0,3.0,3,No,5.0,12,5,2,12,7.0,6,2,20.0,1484,8.1,Yes,No,Yes
EMP11119,31,Female,IT,Software Engineer,3,High School,Divorced,Travel_Rarely,7.0,10399,Very High,64.0,13195.0,2,4.0,2.0,3.0,2.0,3,No,4.0,10,8,3,14,,1,2,16.0,436,7.4,No,No,No
EMP11120,39,Female,IT,Software Engineer,3,Bachelor's,Single,Travel_Rarely,6.0,8133,High,27.0,14200.0,4,3.0,3.0,2.0,4.0,4,No,2.0,10,2,10,10,2.0,2,1,19.0,762,8.2,No,No,No
EMP11121,30,Male,Sales,Sales Executive,4,Bachelor's,Single,Travel_Rarely,35.0,11116,Very High,32.0,11107.0,3,3.0,4.0,2.0,3.0,3,No,2.0,9,0,9,9,7.0,4,1,11.0,1291,9.2,No,No,Yes
EMP11122,50,Male,Sales,Sales Executive,1,Bachelor's,Married,Travel_Rarely,35.0,4523,Medium,68.0,18374.0,3,2.0,4.0,3.0,3.0,2,No,3.0,6,6,3,8,6.0,0,0,13.0,1491,8.1,No,No,No
EMP11123,58,Female,IT,Software Engineer,1,Master's,Single,Travel_Rarely,8.0,7981,High,66.0,21432.0,4,3.0,4.0,4.0,3.0,3,No,3.0,19,11,3,25,8.0,6,0,19.0,636,8.2,No,No,No
EMP11124,33,Male,Finance,Financial Analyst,2,Master's,Single,Travel_Frequently,38.0,7457,High,61.0,7460.0,3,3.0,2.0,3.0,3.0,2,No,1.0,12,5,3,13,8.0,0,1,24.0,1159,9.9,Yes,No,No
EMP11125,37,Male,Sales,Sales Executive,4,Bachelor's,Married,Non-Travel,12.0,13015,Very High,27.0,16779.0,3,3.0,2.0,3.0,4.0,2,Yes,1.0,13,8,2,15,8.0,1,1,24.0,206,8.1,Yes,No,No
EMP11126,43,Female,Finance,Financial Analyst,3,Bachelor's,Divorced,Non-Travel,27.0,10283,Very High,71.0,4211.0,3,2.0,3.0,2.0,3.0,2,No,6.0,11,11,9,18,4.0,5,1,12.0,578,8.7,No,No,No
EMP11127,32,Female,IT,Software Engineer,1,Bachelor's,Married,Travel_Rarely,34.0,4731,Medium,86.0,5833.0,3,3.0,3.0,3.0,,2,No,6.0,4,4,4,8,4.0,6,0,16.0,661,9.4,No,No,No
EMP11128,54,Female,Finance,Financial Analyst,2,Master's,Divorced,Non-Travel,32.0,8280,High,21.0,,3,3.0,3.0,3.0,2.0,2,No,6.0,13,8,13,16,4.0,1,1,15.0,636,7.2,No,Yes,No
EMP11129,52,Female,Operations,Operations Coordinator,4,Master's,Single,Travel_Frequently,38.0,8239,High,90.0,20869.0,4,,3.0,4.0,3.0,3,No,3.0,0,0,0,4,0.0,3,0,20.0,217,8.1,No,No,No
EMP11130,55,Female,Sales,Sales Executive,2,,Single,Non-Travel,,8016,High,70.0,10356.0,1,3.0,3.0,2.0,3.0,3,Yes,4.0,19,2,3,21,2.0,0,0,21.0,477,8.5,No,No,Yes
EMP11131,59,Male,Research & Development,Research Scientist,3,Bachelor's,Single,Non-Travel,18.0,8783,High,97.0,5384.0,1,2.0,3.0,4.0,3.0,2,Yes,6.0,13,4,1,20,9.0,4,0,10.0,408,9.6,No,No,No
EMP11132,40,Male,Research & Development,Research Scientist,2,Bachelor's,Married,Non-Travel,33.0,6989,Medium,47.0,9097.0,4,3.0,4.0,3.0,3.0,2,No,3.0,11,2,11,12,4.0,0,0,14.0,647,7.8,No,Yes,No
EMP11133,48,Female,Operations,Operations Coordinator,3,Bachelor's,Single,Travel_Rarely,19.0,8257,High,41.0,20931.0,3,3.0,2.0,1.0,2.0,3,Yes,5.0,0,0,0,0,0.0,3,0,21.0,892,7.4,No,No,Yes
EMP11134,41,Female,Human Resources,HR Executive,1,High School,Single,Travel_Rarely,1.0,6265,Medium,68.0,5256.0,1,2.0,3.0,2.0,4.0,3,No,2.0,8,8,3,10,2.0,1,2,16.0,1172,10.5,Yes,Yes,No
EMP11135,33,Female,Sales,Sales Executive,4,Bachelor's,Married,Travel_Rarely,22.0,12539,Very High,37.0,14021.0,4,3.0,4.0,3.0,3.0,3,No,1.0,12,10,12,19,9.0,3,0,16.0,1414,8.0,No,No,No
EMP11136,45,Male,Research & Development,Research Scientist,4,Master's,Divorced,,2.0,10219,Very High,88.0,8322.0,3,3.0,3.0,3.0,3.0,3,No,5.0,14,10,13,15,1.0,5,0,10.0,687,8.8,No,No,No
EMP11137,36,Female,IT,Software Engineer,2,Bachelor's,Divorced,Non-Travel,40.0,5774,Medium,92.0,16115.0,4,2.0,3.0,4.0,3.0,4,No,,5,5,4,10,2.0,3,1,13.0,1490,10.4,No,No,No
EMP11138,24,Male,Sales,Sales Executive,1,Master's,Married,Travel_Frequently,30.0,5441,Medium,58.0,9485.0,3,4.0,4.0,3.0,2.0,3,No,1.0,3,3,3,4,3.0,3,3,17.0,1030,9.5,No,No,No
EMP11139,33,Male,Finance,Financial Analyst,3,Bachelor's,Single,Non-Travel,6.0,10439,Very High,61.0,9588.0,2,4.0,1.0,3.0,2.0,3,No,6.0,12,8,11,15,3.0,5,2,14.0,835,8.7,No,No,No
EMP11140,33,Female,Research & Development,Research Scientist,1,High School,Married,Travel_Frequently,31.0,6640,Medium,71.0,12363.0,3,3.0,2.0,3.0,2.0,3,No,2.0,9,0,1,14,3.0,3,1,19.0,1238,,No,No,No
EMP11141,38,Male,Research & Development,Research Scientist,2,Doctorate,Single,Non-Travel,16.0,8512,High,20.0,3621.0,3,1.0,2.0,4.0,3.0,3,No,2.0,10,7,10,11,0.0,1,2,19.0,1379,10.4,No,No,No
EMP11142,56,Female,Sales,Sales Executive,1,Doctorate,Married,Travel_Rarely,8.0,6702,Medium,43.0,8531.0,3,2.0,4.0,3.0,1.0,3,No,6.0,20,3,2,21,3.0,4,1,19.0,442,9.6,No,Yes,No
EMP11143,58,Male,Research & Development,Research Scientist,2,Bachelor's,Married,Non-Travel,27.0,8737,High,64.0,8652.0,1,2.0,1.0,3.0,3.0,4,No,6.0,19,10,9,22,0.0,6,1,15.0,483,10.0,No,No,Yes
EMP11144,54,Female,Operations,Operations Coordinator,4,Master's,Married,Non-Travel,38.0,12749,Very High,59.0,21897.0,4,2.0,3.0,3.0,3.0,2,Yes,3.0,19,3,2,21,1.0,4,0,18.0,403,8.8,No,No,No
EMP11145,44,Male,Research & Development,Research Scientist,1,Bachelor's,Married,Travel_Frequently,37.0,7033,High,95.0,3905.0,4,2.0,1.0,3.0,3.0,4,No,4.0,19,0,2,22,9.0,6,1,18.0,1026,9.0,No,No,No
EMP11146,25,Female,Research & Development,Research Scientist,3,Bachelor's,Married,Non-Travel,36.0,8647,High,91.0,21090.0,3,3.0,4.0,3.0,3.0,4,Yes,6.0,4,4,4,9,4.0,2,0,17.0,1222,8.1,Yes,No,Yes
EMP11147,52,Male,Research & Development,Research Scientist,3,Bachelor's,Married,Non-Travel,30.0,10122,Very High,68.0,19589.0,3,4.0,4.0,3.0,4.0,2,No,6.0,17,4,2,23,3.0,4,1,25.0,930,7.5,Yes,No,No
EMP11148,25,Male,Operations,Operations Coordinator,3,Bachelor's,Married,Travel_Rarely,22.0,9433,High,48.0,23693.0,3,3.0,3.0,3.0,4.0,3,No,5.0,4,4,4,5,4.0,4,0,,811,9.2,No,No,No
EMP11149,46,Male,Research & Development,Research Scientist,4,Bachelor's,Single,Travel_Rarely,,12883,Very High,73.0,23043.0,2,4.0,2.0,,3.0,2,No,0.0,15,2,9,19,4.0,6,0,18.0,1166,8.1,No,No,No
EMP11150,59,Female,IT,Software Engineer,1,Bachelor's,Single,Non-Travel,35.0,4151,Low,49.0,19374.0,3,2.0,3.0,2.0,2.0,3,No,2.0,2,2,2,3,1.0,5,1,12.0,899,7.8,Yes,No,No
EMP11151,30,Male,Operations,Operations Coordinator,2,Master's,Divorced,Travel_Rarely,19.0,7460,High,29.0,4246.0,2,3.0,,3.0,4.0,3,No,,7,1,7,14,4.0,3,2,23.0,1448,9.4,No,No,No
EMP11152,53,Female,Research & Development,Research Scientist,4,Bachelor's,Single,Travel_Frequently,4.0,9994,High,47.0,11436.0,1,3.0,3.0,4.0,3.0,3,No,2.0,10,9,10,13,6.0,1,1,21.0,638,8.3,No,No,No
EMP11153,34,Male,Research & Development,Research Scientist,2,Master's,Married,Non-Travel,7.0,8940,High,95.0,18652.0,1,1.0,1.0,3.0,1.0,3,No,0.0,13,7,10,15,7.0,4,2,12.0,293,7.8,Yes,Yes,Yes
EMP11154,56,Male,Finance,Financial Analyst,3,Master's,Single,Travel_Rarely,40.0,8997,High,37.0,16587.0,2,3.0,2.0,2.0,3.0,3,Yes,3.0,13,10,0,15,6.0,2,1,19.0,465,9.0,No,No,Yes
EMP11155,29,Male,Sales,Sales Executive,4,Master's,Single,Travel_Rarely,10.0,10573,Very High,88.0,10232.0,3,2.0,2.0,2.0,3.0,3,Yes,2.0,8,8,2,8,3.0,5,0,16.0,1074,9.3,Yes,No,No
EMP11156,39,Female,Finance,Financial Analyst,2,Bachelor's,Married,Travel_Rarely,9.0,9052,High,99.0,11290.0,3,2.0,3.0,4.0,3.0,3,No,4.0,18,4,11,18,1.0,6,3,10.0,178,8.5,No,No,Yes
EMP11157,30,Male,Operations,Operations Coordinator,2,Master's,Married,Travel_Frequently,12.0,7314,High,58.0,21585.0,3,4.0,4.0,2.0,3.0,3,No,3.0,6,6,4,11,1.0,4,1,22.0,331,8.6,No,No,No
EMP11158,59,Male,Finance,Financial Analyst,4,Bachelor's,Divorced,Travel_Rarely,37.0,9702,High,42.0,23469.0,3,3.0,3.0,3.0,3.0,3,No,4.0,8,6,8,8,6.0,0,0,16.0,1045,8.3,No,No,No
EMP11159,29,Female,Research & Development,Research Scientist,1,Master's,Single,Non-Travel,22.0,4662,Medium,60.0,10321.0,2,4.0,2.0,3.0,4.0,3,Yes,1.0,4,4,4,9,2.0,2,0,14.0,1477,10.2,No,No,No
EMP11160,47,Female,Research & Development,Research Scientist,1,Master's,Divorced,Non-Travel,5.0,4282,Low,82.0,18856.0,4,3.0,4.0,3.0,3.0,3,No,1.0,12,4,12,14,6.0,1,0,14.0,278,9.7,No,No,No
EMP11161,37,Male,Sales,Sales Executive,3,High School,Married,Travel_Rarely,13.0,8246,High,47.0,23906.0,2,3.0,3.0,2.0,4.0,3,No,2.0,0,0,0,2,0.0,4,2,11.0,1362,7.1,Yes,No,No
EMP11162,23,Male,Sales,Sales Executive,3,Bachelor's,Divorced,Non-Travel,27.0,7555,High,69.0,15263.0,3,3.0,1.0,1.0,3.0,3,No,1.0,2,2,2,3,2.0,1,0,10.0,888,8.9,No,No,No
EMP11163,52,Male,Finance,Financial Analyst,2,Master's,Single,Non-Travel,15.0,9580,High,50.0,7380.0,3,2.0,3.0,3.0,2.0,2,No,6.0,23,6,12,24,0.0,3,1,11.0,1275,7.2,No,No,No
EMP11164,35,Female,Operations,Operations Coordinator,2,Bachelor's,Single,Non-Travel,26.0,7798,High,83.0,5678.0,3,4.0,3.0,4.0,2.0,3,No,3.0,14,0,14,14,6.0,2,1,20.0,1341,10.0,Yes,No,No
EMP11165,29,Male,Research & Development,Research Scientist,4,Bachelor's,Married,Non-Travel,9.0,10089,Very High,80.0,12025.0,2,2.0,,2.0,1.0,3,No,6.0,8,8,4,13,8.0,2,0,15.0,1499,9.3,No,No,No
EMP11166,47,Male,Research & Development,Research Scientist,5,Bachelor's,Married,Travel_Rarely,10.0,10699,Very High,52.0,12362.0,2,3.0,2.0,3.0,1.0,4,No,1.0,8,8,5,10,4.0,4,3,16.0,1447,8.1,No,No,No
EMP11167,60,Female,Research & Development,Research Scientist,1,Master's,Divorced,Travel_Rarely,40.0,7598,High,49.0,24866.0,2,1.0,1.0,2.0,3.0,3,Yes,4.0,21,2,6,26,3.0,0,1,18.0,433,,No,No,No
EMP11168,59,Female,Sales,Sales Executive,4,Master's,Divorced,Travel_Rarely,34.0,11791,Very High,65.0,3545.0,1,2.0,2.0,4.0,1.0,3,Yes,4.0,19,9,1,21,3.0,4,0,24.0,938,8.3,No,No,Yes
EMP11169,42,Female,IT,Software Engineer,1,Master's,Married,Non-Travel,36.0,5429,Medium,38.0,15068.0,2,3.0,3.0,3.0,3.0,2,No,5.0,14,5,7,19,3.0,5,0,15.0,698,8.0,No,Yes,No
EMP11170,40,Male,Sales,Sales Executive,4,Master's,Divorced,Travel_Rarely,26.0,11856,Very High,89.0,17490.0,2,3.0,2.0,4.0,3.0,1,No,5.0,15,3,2,17,4.0,3,0,14.0,1273,,No,No,No
EMP11171,45,Female,IT,Software Engineer,1,Bachelor's,Married,Travel_Frequently,15.0,6235,Medium,96.0,17423.0,2,3.0,3.0,3.0,3.0,3,Yes,5.0,16,1,8,16,0.0,1,2,10.0,1363,7.4,No,No,Yes
EMP11172,34,Female,Sales,Sales Executive,2,High School,Single,Travel_Frequently,6.0,6287,Medium,55.0,12327.0,2,4.0,4.0,1.0,2.0,2,No,1.0,2,1,2,5,2.0,6,0,21.0,558,10.3,Yes,No,Yes
EMP11173,27,Female,Sales,Sales Executive,1,Doctorate,Single,Non-Travel,31.0,6734,Medium,89.0,13335.0,3,1.0,4.0,4.0,1.0,3,No,3.0,6,6,6,10,5.0,5,0,22.0,1080,8.2,No,No,No
EMP11174,48,Male,Human Resources,HR Executive,3,Master's,Single,Travel_Rarely,18.0,9370,High,58.0,10948.0,3,3.0,4.0,3.0,3.0,3,No,5.0,16,0,1,19,5.0,0,1,19.0,1405,7.4,No,Yes,Yes
EMP11175,47,Male,Human Resources,HR Executive,3,Bachelor's,Married,Non-Travel,30.0,12325,Very High,55.0,16132.0,2,1.0,4.0,4.0,2.0,3,No,1.0,19,9,12,22,0.0,6,1,23.0,1231,10.4,No,Yes,No
EMP11176,52,Female,Research & Development,Research Scientist,2,Master's,Married,Travel_Rarely,21.0,6552,Medium,32.0,22682.0,3,2.0,,3.0,3.0,3,No,6.0,2,2,2,3,2.0,2,0,25.0,153,7.8,No,No,No
EMP11177,30,Male,Human Resources,HR Executive,1,Bachelor's,Single,Travel_Frequently,20.0,4494,Low,82.0,13364.0,2,4.0,3.0,3.0,3.0,3,Yes,6.0,9,9,9,16,9.0,0,3,25.0,1441,8.8,Yes,No,Yes
EMP11178,47,Male,Human Resources,HR Executive,2,Bachelor's,Single,Travel_Frequently,8.0,7243,High,30.0,8167.0,3,3.0,4.0,3.0,4.0,3,Yes,3.0,5,5,0,6,5.0,0,0,25.0,1469,9.7,No,No,No
EMP11179,38,Male,IT,Software Engineer,2,Master's,Married,Travel_Frequently,11.0,8129,High,39.0,19520.0,3,3.0,2.0,3.0,1.0,3,No,0.0,13,9,0,19,3.0,6,1,22.0,1351,9.2,No,Yes,Yes
EMP11180,51,Male,Research & Development,Research Scientist,5,Master's,Married,Non-Travel,11.0,12893,Very High,56.0,11516.0,1,3.0,1.0,3.0,3.0,3,Yes,6.0,10,1,10,13,9.0,1,1,10.0,247,9.4,No,No,No
EMP11181,49,Male,Operations,Operations Coordinator,2,Bachelor's,Single,Non-Travel,16.0,8695,High,48.0,24647.0,3,1.0,4.0,4.0,4.0,3,No,5.0,14,0,14,14,0.0,5,1,24.0,1112,8.4,No,No,Yes
EMP11182,40,Male,IT,Software Engineer,4,Master's,Married,Non-Travel,15.0,11358,Very High,47.0,21666.0,4,2.0,2.0,3.0,4.0,2,Yes,1.0,10,0,10,13,0.0,2,1,15.0,864,10.2,No,No,No
EMP11183,38,Female,Human Resources,HR Executive,1,Bachelor's,Single,Travel_Rarely,25.0,6953,Medium,77.0,13800.0,3,2.0,2.0,2.0,2.0,3,Yes,0.0,15,11,14,20,8.0,2,0,22.0,1448,7.1,No,No,No
EMP11184,41,Female,Finance,Financial Analyst,3,Bachelor's,Divorced,Non-Travel,20.0,6539,Medium,28.0,4297.0,4,3.0,4.0,4.0,3.0,3,No,2.0,0,0,0,6,0.0,5,2,14.0,947,10.2,Yes,No,No
EMP11185,42,Male,Sales,Sales Executive,2,Master's,Married,Non-Travel,18.0,8209,High,52.0,10084.0,2,3.0,4.0,1.0,3.0,3,Yes,2.0,20,5,4,27,7.0,2,0,19.0,568,9.2,Yes,No,No
EMP11186,24,Female,Research & Development,Research Scientist,3,,Divorced,Non-Travel,32.0,8876,High,42.0,15159.0,2,3.0,3.0,3.0,3.0,1,Yes,1.0,3,3,3,8,3.0,1,1,19.0,1346,9.3,No,No,No
EMP11187,28,Male,Research & Development,Research Scientist,2,Bachelor's,Divorced,Non-Travel,23.0,7150,High,90.0,13541.0,3,3.0,3.0,3.0,3.0,3,No,3.0,7,1,7,11,7.0,3,0,22.0,131,8.7,No,No,No
EMP11188,38,Female,Operations,Operations Coordinator,2,Bachelor's,Married,Non-Travel,10.0,7770,High,67.0,18491.0,3,4.0,3.0,3.0,4.0,3,No,0.0,11,8,11,17,2.0,4,1,20.0,419,8.2,Yes,No,No
EMP11189,28,Female,Human Resources,HR Executive,1,High School,Married,Travel_Rarely,23.0,4404,Low,21.0,12513.0,3,4.0,4.0,3.0,4.0,3,No,,7,3,0,10,7.0,1,1,12.0,709,8.9,No,No,No
EMP11190,50,Male,Research & Development,Research Scientist,2,Bachelor's,Single,Travel_Rarely,26.0,6075,Medium,30.0,17143.0,2,4.0,,3.0,3.0,3,No,5.0,2,2,2,4,2.0,3,0,21.0,1182,8.5,Yes,No,Yes
EMP11191,24,Female,Sales,Sales Executive,3,Master's,Married,Travel_Rarely,30.0,8972,High,30.0,23047.0,3,2.0,2.0,3.0,3.0,3,No,0.0,3,3,3,6,3.0,3,2,12.0,741,8.2,No,No,No
EMP11192,50,Female,Finance,Financial Analyst,2,Bachelor's,Single,Travel_Rarely,11.0,11303,Very High,79.0,22626.0,2,1.0,3.0,3.0,1.0,4,No,1.0,23,3,7,27,4.0,3,0,17.0,1132,8.9,No,No,No
EMP11193,41,Male,Human Resources,HR Executive,1,Master's,Married,Travel_Frequently,12.0,4773,Medium,53.0,15142.0,3,3.0,3.0,3.0,1.0,3,Yes,1.0,2,1,2,8,2.0,5,0,19.0,430,9.5,No,No,No
EMP11194,37,Female,Research & Development,Research Scientist,1,Bachelor's,Married,,9.0,5611,Medium,32.0,21872.0,3,3.0,3.0,4.0,3.0,3,Yes,3.0,7,3,7,12,7.0,3,1,24.0,519,9.4,No,No,No
EMP11195,60,Female,Sales,Sales Executive,4,Bachelor's,Married,Travel_Rarely,3.0,10865,Very High,52.0,24022.0,3,2.0,3.0,2.0,2.0,3,No,4.0,5,1,5,5,5.0,6,1,22.0,1145,9.5,No,No,Yes
EMP11196,39,Male,Human Resources,HR Executive,5,Bachelor's,Single,Travel_Rarely,25.0,15779,Very High,57.0,3489.0,3,3.0,3.0,3.0,1.0,2,No,4.0,16,1,1,18,3.0,1,0,12.0,1188,7.6,Yes,No,No
EMP11197,37,Female,Human Resources,HR Executive,4,Master's,Divorced,Travel_Frequently,,13167,Very High,66.0,24267.0,2,3.0,3.0,3.0,1.0,3,No,1.0,16,3,10,19,8.0,6,0,25.0,116,7.4,No,No,No
EMP11198,28,Female,Research & Development,Research Scientist,1,Master's,Married,Travel_Rarely,37.0,5783,Medium,20.0,7363.0,3,2.0,4.0,2.0,1.0,3,No,1.0,7,1,7,12,7.0,4,1,22.0,990,7.2,Yes,No,Yes
EMP11199,60,Male,Human Resources,HR Executive,3,Master's,Single,Travel_Frequently,34.0,7671,High,22.0,10988.0,2,3.0,3.0,3.0,3.0,3,Yes,2.0,13,5,1,16,9.0,3,1,22.0,1070,9.1,No,No,No
EMP11200,23,Female,Finance,Financial Analyst,5,Master's,Divorced,Travel_Rarely,35.0,9993,High,33.0,20252.0,3,4.0,4.0,3.0,2.0,3,No,5.0,2,2,2,8,2.0,6,1,25.0,871,8.8,No,No,No
EMP11201,32,Female,IT,Software Engineer,2,Bachelor's,Single,Travel_Rarely,19.0,7997,High,38.0,5274.0,4,4.0,3.0,3.0,,3,No,4.0,9,6,0,16,4.0,1,0,13.0,800,10.2,No,Yes,No
EMP11202,22,Male,Sales,Sales Executive,1,Bachelor's,Married,Travel_Rarely,4.0,5398,Medium,21.0,6558.0,3,4.0,3.0,4.0,1.0,1,Yes,5.0,1,1,0,5,,1,0,13.0,1146,10.2,No,No,Yes
EMP11203,49,Female,Operations,Operations Coordinator,1,Bachelor's,Married,Non-Travel,4.0,7108,High,25.0,14801.0,4,3.0,4.0,3.0,2.0,3,Yes,5.0,20,1,5,20,5.0,6,0,14.0,1144,9.3,No,No,No
EMP11204,26,Male,IT,Software Engineer,2,Bachelor's,Single,Non-Travel,24.0,6732,Medium,53.0,9539.0,4,3.0,3.0,3.0,3.0,3,No,6.0,5,0,5,9,4.0,0,1,23.0,607,7.4,No,No,No
EMP11205,54,Female,IT,Software Engineer,5,Master's,Single,Travel_Rarely,33.0,11367,Very High,60.0,16811.0,2,4.0,4.0,4.0,3.0,3,No,1.0,6,0,6,9,0.0,6,1,17.0,162,10.4,No,No,No
EMP11206,41,Female,IT,Software Engineer,2,Bachelor's,Married,Travel_Frequently,8.0,5010,Medium,51.0,,2,3.0,4.0,3.0,3.0,3,No,1.0,3,3,1,4,3.0,3,1,25.0,1350,9.7,Yes,No,No
EMP11207,52,Male,Human Resources,HR Executive,1,Master's,Divorced,Travel_Rarely,1.0,5711,Medium,41.0,8334.0,2,4.0,3.0,1.0,3.0,3,No,0.0,10,0,8,13,4.0,2,1,23.0,890,9.1,Yes,No,No
EMP11208,28,Female,Human Resources,HR Executive,3,Bachelor's,Divorced,,6.0,7528,High,48.0,19134.0,1,3.0,3.0,3.0,3.0,3,No,5.0,1,1,1,1,1.0,2,3,10.0,400,9.3,No,Yes,No
EMP11209,43,Female,IT,Software Engineer,1,Master's,Divorced,Travel_Rarely,21.0,5783,Medium,55.0,6615.0,2,4.0,2.0,4.0,4.0,3,No,1.0,10,10,10,12,0.0,0,0,,396,8.0,No,No,No
EMP11210,59,Female,Sales,Sales Executive,2,High School,Married,Travel_Frequently,8.0,7094,High,43.0,12787.0,4,1.0,3.0,3.0,2.0,3,Yes,0.0,5,4,0,6,3.0,4,2,14.0,552,7.1,Yes,Yes,No
EMP11211,22,Female,IT,Software Engineer,2,Master's,Married,Travel_Rarely,26.0,7425,High,43.0,10905.0,2,3.0,2.0,3.0,3.0,2,No,6.0,1,1,0,3,1.0,0,2,24.0,1074,8.9,No,No,No
EMP11212,37,Male,Sales,Sales Executive,4,High School,Married,Non-Travel,13.0,12666,Very High,99.0,22872.0,3,3.0,4.0,3.0,4.0,3,No,0.0,13,3,0,15,5.0,3,0,24.0,379,9.1,No,No,No
EMP11213,55,Female,Finance,Financial Analyst,2,Doctorate,Divorced,Travel_Rarely,28.0,8043,High,60.0,21654.0,2,4.0,4.0,4.0,4.0,4,Yes,3.0,6,6,2,9,6.0,6,2,17.0,946,9.7,No,No,Yes
EMP11214,33,Male,Human Resources,HR Executive,2,High School,Married,Travel_Rarely,4.0,9703,High,45.0,12362.0,3,1.0,1.0,3.0,3.0,3,No,5.0,12,0,7,19,7.0,2,2,20.0,840,7.5,No,No,No
EMP11215,54,Female,Sales,Sales Executive,1,Master's,Married,Travel_Frequently,18.0,4171,Low,96.0,4435.0,4,3.0,2.0,2.0,4.0,4,Yes,5.0,2,2,2,3,2.0,1,1,23.0,675,10.2,No,No,Yes
EMP11216,29,Male,Research & Development,Research Scientist,2,Master's,Married,Non-Travel,18.0,7457,High,40.0,,4,2.0,2.0,3.0,2.0,3,No,0.0,8,8,5,9,8.0,5,1,16.0,1132,8.1,No,No,Yes
EMP11217,54,Female,Human Resources,HR Executive,4,Master's,Single,Non-Travel,9.0,11026,Very High,45.0,3674.0,4,3.0,1.0,2.0,,3,No,3.0,10,7,3,10,1.0,4,0,25.0,1490,9.9,No,No,No
EMP11218,34,Female,Operations,Operations Coordinator,3,Bachelor's,Married,Non-Travel,36.0,9128,High,55.0,13590.0,3,4.0,3.0,3.0,4.0,3,No,4.0,13,3,13,13,6.0,3,1,15.0,381,9.5,No,No,No
EMP11219,39,Male,Operations,Operations Coordinator,3,Master's,Divorced,Travel_Frequently,22.0,10392,Very High,56.0,24666.0,4,3.0,3.0,2.0,3.0,3,No,3.0,12,5,11,14,3.0,1,2,12.0,1332,7.3,No,No,Yes
EMP11220,50,Male,Sales,Sales Executive,1,Bachelor's,Single,Non-Travel,15.0,4577,Medium,71.0,10627.0,4,1.0,3.0,3.0,2.0,4,No,4.0,12,0,12,12,7.0,1,1,17.0,1246,8.0,No,No,No
EMP11221,25,Female,Sales,Sales Executive,1,Bachelor's,Married,Non-Travel,3.0,6558,Medium,81.0,24522.0,3,1.0,2.0,3.0,4.0,2,No,5.0,4,2,4,10,3.0,2,0,19.0,1428,9.4,No,No,No
EMP11222,32,Female,Operations,Operations Coordinator,1,Bachelor's,Married,Travel_Rarely,13.0,4075,Low,99.0,6384.0,3,4.0,3.0,3.0,2.0,4,No,5.0,2,1,2,2,0.0,0,0,17.0,1110,8.4,No,No,No
EMP11223,41,Male,Sales,Sales Executive,3,Bachelor's,Married,Travel_Frequently,25.0,10545,Very High,25.0,23303.0,3,4.0,2.0,3.0,3.0,4,No,1.0,18,9,7,19,6.0,0,0,20.0,953,7.1,No,No,No
EMP11224,38,Male,IT,Software Engineer,1,Bachelor's,Single,Travel_Rarely,32.0,4291,Low,37.0,4012.0,3,3.0,2.0,3.0,3.0,3,No,5.0,14,5,2,14,8.0,6,1,19.0,900,7.4,No,No,Yes
EMP11225,45,Male,IT,Software Engineer,2,Master's,Married,Travel_Rarely,2.0,5902,Medium,35.0,4218.0,4,2.0,2.0,3.0,3.0,2,No,2.0,2,2,2,4,1.0,4,2,15.0,289,,No,Yes,No
EMP11226,30,Male,Research & Development,Research Scientist,1,Master's,Single,Non-Travel,30.0,4557,Medium,90.0,12158.0,3,3.0,1.0,3.0,3.0,4,No,0.0,5,5,5,9,0.0,0,0,10.0,1473,8.3,No,Yes,Yes
EMP11227,60,Female,Operations,Operations Coordinator,2,Bachelor's,Married,Travel_Rarely,2.0,9427,High,99.0,16785.0,2,3.0,3.0,2.0,4.0,3,No,0.0,21,10,13,28,6.0,2,1,24.0,1497,7.2,No,No,No
EMP11228,42,Female,Operations,Operations Coordinator,1,Bachelor's,Married,Travel_Rarely,6.0,6769,Medium,97.0,23428.0,3,3.0,3.0,2.0,1.0,3,No,1.0,18,6,14,19,1.0,5,1,10.0,971,9.7,No,No,No
EMP11229,33,Female,Sales,Sales Executive,3,Bachelor's,Married,Travel_Rarely,,8759,High,85.0,7968.0,4,2.0,3.0,3.0,4.0,3,No,2.0,12,3,12,19,6.0,5,1,16.0,1474,9.6,Yes,No,No
EMP11230,46,Female,Human Resources,HR Executive,2,Doctorate,Single,Travel_Frequently,8.0,8837,High,93.0,17824.0,4,3.0,2.0,4.0,2.0,3,No,4.0,18,5,1,20,4.0,4,0,25.0,662,9.3,No,No,No
EMP11231,26,Female,Finance,Financial Analyst,2,Master's,Married,Non-Travel,19.0,8094,High,80.0,11552.0,2,3.0,3.0,3.0,3.0,4,No,6.0,5,5,0,12,5.0,4,1,18.0,1462,8.1,No,No,No
EMP11232,29,Female,Human Resources,HR Executive,2,Doctorate,Married,Travel_Frequently,16.0,6009,Medium,60.0,21269.0,3,3.0,3.0,1.0,3.0,2,No,3.0,8,5,3,10,5.0,4,2,15.0,122,7.7,Yes,No,Yes
EMP11233,49,Male,Sales,Sales Executive,2,Bachelor's,Single,Travel_Rarely,3.0,8044,High,31.0,7736.0,1,2.0,3.0,3.0,2.0,2,No,4.0,16,6,4,18,6.0,5,0,25.0,1330,8.5,Yes,No,No
EMP11234,58,Female,Research & Development,Research Scientist,3,High School,Single,Travel_Rarely,38.0,10783,Very High,80.0,5900.0,2,3.0,3.0,3.0,3.0,3,No,0.0,11,6,10,13,3.0,2,1,18.0,1363,10.5,No,No,No
EMP11235,44,Female,Finance,Financial Analyst,2,Master's,Married,Travel_Rarely,10.0,6284,Medium,33.0,17516.0,3,4.0,3.0,3.0,2.0,3,No,2.0,3,3,2,3,0.0,2,2,22.0,946,7.6,No,No,No
EMP11236,45,Male,Research & Development,Research Scientist,4,Master's,Married,Travel_Frequently,21.0,12083,Very High,46.0,18338.0,4,4.0,3.0,2.0,1.0,3,Yes,2.0,16,10,4,23,8.0,2,1,18.0,759,10.5,No,Yes,No
EMP11237,45,Male,Sales,Sales Executive,1,Bachelor's,Married,Travel_Frequently,40.0,6333,Medium,44.0,18156.0,3,3.0,4.0,3.0,4.0,4,Yes,6.0,20,10,14,25,1.0,0,1,17.0,675,9.8,No,No,No
EMP11238,46,Female,Research & Development,Research Scientist,5,Bachelor's,Married,Non-Travel,,11558,Very High,24.0,22390.0,3,3.0,2.0,1.0,2.0,1,Yes,3.0,4,4,2,7,4.0,4,0,21.0,589,9.2,Yes,No,Yes
EMP11239,30,Female,Sales,Sales Executive,1,Bachelor's,Single,Travel_Rarely,37.0,6579,Medium,38.0,23087.0,4,4.0,4.0,1.0,4.0,3,Yes,5.0,9,2,7,14,2.0,5,1,22.0,159,9.6,No,No,No
EMP11240,23,Female,Research & Development,Research Scientist,1,Master's,Divorced,Travel_Rarely,20.0,4497,Low,54.0,5311.0,3,1.0,3.0,3.0,3.0,3,No,5.0,2,2,2,9,2.0,1,0,13.0,825,9.9,No,No,No
EMP11241,30,Female,Research & Development,Research Scientist,4,Bachelor's,Single,Travel_Rarely,21.0,9869,High,34.0,15893.0,3,2.0,2.0,4.0,3.0,4,No,6.0,9,5,9,14,3.0,0,1,10.0,669,9.8,No,No,Yes
EMP11242,33,Female,Human Resources,HR Executive,3,Bachelor's,Married,,1.0,11060,Very High,70.0,16311.0,4,2.0,3.0,2.0,3.0,3,No,4.0,12,0,2,18,0.0,5,1,20.0,1122,,No,No,No
EMP11243,46,Female,Human Resources,HR Executive,3,Bachelor's,Single,Travel_Rarely,6.0,12048,Very High,84.0,13271.0,3,4.0,3.0,,,3,No,5.0,24,9,1,27,4.0,1,0,19.0,1147,7.0,No,No,Yes
EMP11244,26,Male,IT,Software Engineer,2,Bachelor's,Single,Travel_Rarely,10.0,6425,Medium,36.0,19360.0,1,2.0,3.0,1.0,4.0,3,No,0.0,5,5,2,7,4.0,4,3,22.0,1166,10.3,No,No,No
EMP11245,57,Female,Sales,Sales Executive,4,Master's,Married,Travel_Rarely,40.0,8815,High,,10486.0,3,2.0,2.0,3.0,2.0,2,Yes,3.0,0,0,0,5,0.0,6,0,25.0,428,8.3,No,No,No
EMP11246,55,Female,Research & Development,Research Scientist,1,Master's,Single,Travel_Frequently,11.0,3087,Low,67.0,5568.0,1,3.0,2.0,3.0,3.0,4,No,1.0,2,2,1,4,0.0,2,0,13.0,1459,7.6,No,No,No
EMP11247,43,Male,Research & Development,Research Scientist,1,Master's,Divorced,,11.0,8428,High,50.0,21348.0,3,3.0,2.0,2.0,2.0,3,Yes,5.0,16,1,6,19,6.0,3,0,12.0,779,8.2,No,No,No
EMP11248,33,Female,IT,Software Engineer,3,Bachelor's,Divorced,Travel_Rarely,6.0,8195,High,37.0,4574.0,3,4.0,1.0,3.0,3.0,3,No,6.0,9,9,3,11,8.0,5,2,25.0,1031,9.1,No,No,Yes
EMP11249,55,Male,Sales,Sales Executive,2,High School,Single,Non-Travel,19.0,9018,High,57.0,,3,3.0,4.0,2.0,3.0,1,No,3.0,21,8,5,22,7.0,2,1,13.0,1352,9.4,No,No,Yes
EMP11250,52,Male,Research & Development,Research Scientist,1,Master's,Single,Travel_Frequently,16.0,5890,Medium,49.0,8331.0,3,2.0,3.0,1.0,3.0,3,No,1.0,1,1,1,8,1.0,4,1,15.0,163,7.5,Yes,No,No
EMP11251,34,Female,Operations,Operations Coordinator,4,Master's,Married,Travel_Rarely,9.0,10217,Very High,52.0,16451.0,4,3.0,1.0,3.0,4.0,3,No,4.0,8,8,2,10,8.0,4,1,11.0,1154,7.7,No,No,No
EMP11252,32,Male,Finance,Financial Analyst,3,Master's,Married,Travel_Frequently,16.0,8870,High,90.0,11317.0,3,2.0,1.0,3.0,4.0,3,No,1.0,6,6,6,8,,4,1,16.0,399,8.7,No,Yes,Yes
EMP11253,36,Male,Research & Development,Research Scientist,2,Bachelor's,Single,Travel_Rarely,18.0,6070,Medium,26.0,4097.0,2,4.0,2.0,4.0,4.0,3,No,2.0,15,5,5,19,6.0,5,1,12.0,948,9.7,No,No,No
EMP11254,22,Female,Finance,Financial Analyst,2,Master's,Married,Travel_Frequently,38.0,4994,Medium,63.0,24821.0,4,,,3.0,4.0,3,No,2.0,1,1,1,6,0.0,2,2,25.0,1497,8.4,No,No,No
EMP11255,33,Female,Research & Development,Research Scientist,3,Bachelor's,Married,Non-Travel,24.0,7654,High,90.0,19630.0,2,4.0,2.0,2.0,4.0,3,No,2.0,0,0,0,2,0.0,3,0,14.0,424,7.6,No,Yes,Yes
EMP11256,50,Male,Operations,Operations Coordinator,2,Bachelor's,Married,Travel_Rarely,12.0,7094,High,43.0,12577.0,3,3.0,1.0,3.0,2.0,3,No,5.0,7,1,7,11,3.0,4,0,20.0,781,10.0,No,No,No
EMP11257,43,Male,Sales,Sales Executive,1,Doctorate,Married,Travel_Rarely,1.0,7716,High,48.0,17352.0,3,4.0,4.0,4.0,2.0,2,No,2.0,22,10,4,29,7.0,4,0,,739,9.8,Yes,No,No
EMP11258,44,Male,Research & Development,Research Scientist,1,Bachelor's,Divorced,Travel_Rarely,15.0,5450,Medium,,10568.0,3,2.0,,3.0,2.0,3,Yes,5.0,10,9,8,15,1.0,3,0,20.0,1016,8.6,No,No,Yes
EMP11259,26,Female,Human Resources,HR Executive,2,Bachelor's,Married,Non-Travel,10.0,6400,Medium,97.0,10730.0,4,2.0,4.0,2.0,4.0,3,No,4.0,1,1,1,1,1.0,3,0,20.0,1109,8.2,No,No,No
EMP11260,57,Male,Finance,Financial Analyst,4,Bachelor's,Single,Non-Travel,18.0,13892,Very High,26.0,,3,3.0,4.0,3.0,4.0,3,No,0.0,22,6,12,24,5.0,1,0,25.0,538,8.7,No,No,No
EMP11261,39,Female,Research & Development,Research Scientist,1,Bachelor's,Divorced,Travel_Rarely,33.0,3220,Low,74.0,7579.0,2,1.0,3.0,3.0,3.0,3,No,2.0,3,2,3,5,,6,2,14.0,685,9.7,No,Yes,No
EMP11262,26,Male,Human Resources,HR Executive,3,Master's,Single,Non-Travel,37.0,9295,High,93.0,12299.0,3,2.0,3.0,3.0,3.0,3,No,4.0,5,5,5,9,5.0,1,1,20.0,1111,7.5,No,No,No
EMP11263,38,Female,Research & Development,Research Scientist,1,Doctorate,Married,Travel_Rarely,37.0,4155,Low,52.0,16542.0,2,3.0,2.0,3.0,3.0,2,No,0.0,1,1,1,5,1.0,6,1,21.0,1466,9.9,No,No,No
EMP11264,54,Male,Human Resources,HR Executive,2,Master's,Divorced,Travel_Rarely,2.0,6995,Medium,33.0,7050.0,1,3.0,4.0,1.0,4.0,3,No,1.0,16,11,9,16,0.0,0,0,22.0,1157,8.9,No,Yes,No
EMP11265,36,Male,Sales,Sales Executive,1,Master's,Single,Non-Travel,11.0,6745,Medium,73.0,14222.0,3,3.0,3.0,3.0,3.0,2,Yes,3.0,8,8,8,8,1.0,4,0,10.0,1220,9.7,No,No,No
EMP11266,58,Male,Finance,Financial Analyst,3,High School,Single,Travel_Rarely,,11731,Very High,82.0,11671.0,3,4.0,,3.0,2.0,1,No,3.0,21,0,14,27,4.0,4,2,20.0,821,10.2,No,No,No
EMP11267,52,Male,Finance,Financial Analyst,1,Master's,Married,Travel_Rarely,38.0,6980,Medium,51.0,7224.0,4,2.0,3.0,2.0,4.0,2,No,1.0,17,2,5,24,1.0,5,1,18.0,718,8.7,Yes,No,Yes
EMP11268,48,Female,Operations,Operations Coordinator,1,Master's,Single,Non-Travel,33.0,9238,High,51.0,21058.0,1,,2.0,4.0,2.0,3,No,1.0,22,9,13,27,4.0,2,1,13.0,231,8.4,Yes,Yes,No
EMP11269,23,Female,Research & Development,Research Scientist,1,Bachelor's,Married,Travel_Rarely,18.0,3917,Low,89.0,12498.0,3,3.0,3.0,3.0,3.0,3,Yes,4.0,2,2,2,3,2.0,1,2,22.0,264,8.7,No,Yes,No
EMP11270,39,Male,Research & Development,Research Scientist,2,High School,Married,Non-Travel,18.0,7064,High,83.0,14570.0,3,2.0,3.0,3.0,3.0,3,No,5.0,18,2,9,24,9.0,5,1,16.0,1009,8.3,No,No,No
EMP11271,44,Male,Operations,Operations Coordinator,3,Bachelor's,Single,Non-Travel,9.0,8671,High,86.0,16942.0,2,3.0,3.0,3.0,4.0,2,No,3.0,11,0,5,17,1.0,0,2,20.0,645,7.9,No,No,No
EMP11272,58,Male,Finance,Financial Analyst,1,Master's,Married,Non-Travel,31.0,9361,High,54.0,12327.0,1,4.0,3.0,3.0,1.0,3,No,4.0,21,10,9,21,4.0,4,1,12.0,938,9.1,Yes,Yes,No
EMP11273,47,Male,Sales,Sales Executive,2,Master's,Single,Travel_Rarely,16.0,6786,Medium,48.0,14825.0,2,2.0,2.0,3.0,3.0,3,No,0.0,14,1,2,18,6.0,0,1,18.0,1276,9.2,No,No,No
EMP11274,38,Male,Human Resources,HR Executive,3,Bachelor's,Divorced,Travel_Rarely,37.0,8005,High,42.0,16617.0,4,3.0,2.0,2.0,1.0,2,No,0.0,4,2,4,5,3.0,1,0,24.0,930,7.5,No,No,No
EMP11275,37,Female,Human Resources,HR Executive,1,Master's,Married,Travel_Rarely,3.0,6496,Medium,39.0,23814.0,2,4.0,3.0,1.0,2.0,4,Yes,5.0,16,6,10,22,8.0,5,0,10.0,368,8.3,No,No,No
EMP11276,27,Female,Sales,Sales Executive,2,Bachelor's,Married,Travel_Frequently,19.0,5379,Medium,82.0,23573.0,4,2.0,3.0,4.0,3.0,2,No,2.0,3,2,1,4,3.0,1,0,16.0,105,9.2,No,No,No
EMP11277,43,Female,Finance,Financial Analyst,3,Master's,Married,Travel_Frequently,1.0,8354,High,88.0,9531.0,4,4.0,3.0,2.0,2.0,2,Yes,0.0,5,1,5,9,5.0,4,0,12.0,627,8.0,No,No,No
EMP11278,53,Female,Operations,Operations Coordinator,4,Bachelor's,Married,Travel_Rarely,27.0,13510,Very High,37.0,5286.0,2,3.0,4.0,2.0,3.0,3,No,5.0,21,7,7,24,0.0,2,0,19.0,348,7.4,Yes,No,No
EMP11279,35,Male,Human Resources,HR Executive,4,,Married,Travel_Rarely,12.0,10154,Very High,28.0,4621.0,2,2.0,3.0,4.0,3.0,3,Yes,6.0,3,3,3,6,3.0,2,0,19.0,503,8.7,Yes,No,No
EMP11280,42,Female,IT,Software Engineer,3,Master's,Single,Travel_Rarely,30.0,9870,High,49.0,22866.0,3,3.0,4.0,3.0,3.0,3,No,0.0,17,6,8,18,5.0,1,1,10.0,997,8.3,Yes,No,No
EMP11281,40,Female,Research & Development,Research Scientist,3,Bachelor's,Married,Travel_Rarely,11.0,8407,High,58.0,8201.0,2,3.0,3.0,3.0,3.0,3,Yes,4.0,4,3,0,11,4.0,3,0,24.0,697,9.5,Yes,No,Yes
EMP11282,55,Male,Sales,Sales Executive,1,Bachelor's,Married,Travel_Frequently,18.0,8513,High,69.0,8112.0,3,2.0,3.0,2.0,3.0,3,No,0.0,22,5,3,29,5.0,5,1,17.0,424,9.5,No,No,No
EMP11283,37,Female,IT,Software Engineer,4,High School,Married,Travel_Frequently,12.0,12104,Very High,56.0,16655.0,3,3.0,2.0,4.0,2.0,3,No,3.0,16,3,13,21,5.0,3,1,17.0,289,7.9,Yes,No,No
EMP11284,50,Female,IT,Software Engineer,1,Bachelor's,Married,Travel_Rarely,11.0,6534,Medium,96.0,10425.0,1,3.0,4.0,4.0,4.0,3,No,3.0,14,2,8,14,0.0,5,2,12.0,122,7.2,Yes,No,Yes
EMP11285,60,Female,Sales,Sales Executive,1,,Single,Travel_Rarely,,8662,High,33.0,7761.0,2,3.0,3.0,3.0,4.0,3,No,2.0,13,10,2,15,1.0,3,2,10.0,1241,7.4,No,No,No
EMP11286,53,Male,Operations,Operations Coordinator,1,Bachelor's,Married,Travel_Rarely,2.0,5485,Medium,98.0,23154.0,3,3.0,3.0,2.0,2.0,3,No,2.0,13,11,11,13,8.0,4,0,,932,7.0,No,No,No
EMP11287,25,Female,IT,Software Engineer,5,Bachelor's,,Travel_Rarely,29.0,12133,Very High,84.0,5239.0,3,2.0,3.0,2.0,2.0,3,Yes,3.0,4,3,4,10,4.0,5,1,25.0,243,7.2,No,No,No
EMP11288,51,Male,Finance,Financial Analyst,2,Bachelor's,Divorced,Travel_Rarely,34.0,9142,High,97.0,5822.0,4,1.0,2.0,2.0,1.0,3,Yes,3.0,17,4,14,23,1.0,5,2,,892,7.4,No,No,No
EMP11289,23,Female,Operations,Operations Coordinator,3,Master's,Single,Non-Travel,11.0,6134,Medium,70.0,10328.0,3,3.0,3.0,1.0,2.0,3,No,1.0,2,1,2,6,2.0,0,0,25.0,714,7.8,Yes,No,No
EMP11290,29,Female,Research & Development,Research Scientist,2,Bachelor's,Single,Travel_Rarely,21.0,7746,High,42.0,3798.0,4,3.0,2.0,3.0,3.0,3,No,5.0,8,1,8,11,1.0,2,1,23.0,1470,10.5,No,No,No
EMP11291,23,Male,IT,Software Engineer,5,Master's,Divorced,Travel_Rarely,31.0,11620,Very High,41.0,21847.0,4,4.0,2.0,4.0,3.0,3,No,5.0,2,2,2,7,2.0,5,0,16.0,273,9.7,No,No,No
EMP11292,52,Female,Finance,Financial Analyst,5,Master's,Single,Travel_Rarely,4.0,12680,Very High,58.0,13227.0,2,3.0,3.0,3.0,3.0,3,Yes,4.0,6,4,2,11,5.0,1,1,18.0,206,7.5,No,No,No
EMP11293,22,Female,IT,Software Engineer,2,Master's,,Non-Travel,9.0,5207,Medium,35.0,11032.0,4,3.0,4.0,4.0,3.0,4,No,3.0,1,1,0,4,1.0,4,2,14.0,848,7.5,No,Yes,No
EMP11294,37,Female,Human Resources,HR Executive,2,Bachelor's,Divorced,Travel_Rarely,31.0,7629,High,29.0,9820.0,4,2.0,4.0,3.0,3.0,3,No,6.0,7,3,1,7,6.0,6,1,24.0,734,7.0,Yes,No,No
EMP11295,38,Male,Sales,Sales Executive,2,Bachelor's,Single,Travel_Frequently,7.0,8513,High,57.0,12452.0,4,4.0,3.0,3.0,3.0,3,No,4.0,16,9,4,20,7.0,4,0,19.0,1392,9.1,No,Yes,No
EMP11296,53,Male,Sales,Sales Executive,2,Master's,Single,Non-Travel,31.0,10580,Very High,,15408.0,3,3.0,3.0,3.0,3.0,3,No,2.0,19,10,14,22,2.0,3,1,21.0,927,9.9,Yes,No,No
EMP11297,57,Female,Sales,Sales Executive,2,Master's,Married,Travel_Rarely,22.0,9062,High,64.0,3874.0,2,3.0,1.0,3.0,4.0,3,No,5.0,24,11,10,30,0.0,4,0,21.0,927,8.8,No,Yes,No
EMP11298,58,Male,Sales,Sales Executive,3,Bachelor's,Married,Non-Travel,23.0,8881,High,86.0,18163.0,3,1.0,3.0,2.0,3.0,3,No,5.0,0,0,0,0,0.0,5,1,25.0,1175,9.4,No,No,No
EMP11299,58,Female,Research & Development,Research Scientist,3,Bachelor's,Single,Travel_Rarely,10.0,12358,Very High,71.0,11994.0,2,2.0,2.0,4.0,4.0,4,No,,24,1,3,26,2.0,2,2,18.0,1176,8.1,No,Yes,No
EMP11300,38,Male,Operations,Operations Coordinator,2,High School,Married,Travel_Frequently,15.0,7262,High,,19429.0,3,3.0,3.0,3.0,3.0,3,No,4.0,10,2,8,16,3.0,3,2,14.0,1233,8.5,No,No,No
EMP11301,47,Female,Sales,Sales Executive,1,High School,Single,Travel_Frequently,29.0,4647,Medium,71.0,18792.0,2,1.0,4.0,3.0,4.0,2,No,1.0,3,3,3,9,3.0,3,1,20.0,904,7.1,No,No,Yes
EMP11302,25,Male,Sales,Sales Executive,2,Master's,Married,Travel_Rarely,28.0,5802,Medium,49.0,18057.0,2,3.0,4.0,3.0,3.0,3,No,1.0,4,4,4,4,0.0,6,0,18.0,553,7.2,No,No,Yes
EMP11303,60,Male,Research & Development,Research Scientist,4,High School,Single,Travel_Rarely,2.0,12409,Very High,61.0,15082.0,1,3.0,4.0,3.0,4.0,3,No,2.0,18,7,4,24,7.0,0,1,14.0,864,7.7,No,No,No
EMP11304,56,Female,Research & Development,Research Scientist,2,Master's,Married,Non-Travel,13.0,5938,Medium,98.0,18031.0,4,2.0,3.0,4.0,3.0,3,No,6.0,2,2,2,7,2.0,4,0,16.0,549,8.7,Yes,No,No
EMP11305,56,Female,Human Resources,HR Executive,4,Bachelor's,Married,Travel_Rarely,14.0,9978,High,75.0,5463.0,4,1.0,1.0,3.0,3.0,3,No,6.0,5,2,5,10,2.0,3,1,22.0,506,9.5,No,No,No
EMP11306,50,Female,Research & Development,Research Scientist,2,Bachelor's,Single,Non-Travel,12.0,8152,High,85.0,7438.0,2,4.0,2.0,1.0,3.0,3,Yes,1.0,6,0,6,10,6.0,0,0,21.0,130,10.3,No,No,Yes
EMP11307,26,Female,Finance,Financial Analyst,2,Bachelor's,Single,Travel_Frequently,,6875,Medium,93.0,10700.0,4,3.0,4.0,4.0,3.0,2,No,2.0,5,1,5,8,5.0,4,1,12.0,1000,8.3,No,No,No
EMP11308,47,Female,Research & Development,Research Scientist,5,Bachelor's,Divorced,Travel_Rarely,19.0,12773,Very High,71.0,4088.0,3,3.0,1.0,1.0,2.0,1,No,1.0,16,0,12,22,5.0,0,0,16.0,162,10.0,No,No,No
EMP11309,35,Female,Sales,Sales Executive,3,Bachelor's,Single,Travel_Rarely,29.0,9727,High,92.0,16485.0,2,1.0,3.0,1.0,3.0,4,Yes,0.0,14,8,12,19,9.0,4,0,10.0,266,10.0,No,Yes,No
EMP11310,44,Male,Research & Development,Research Scientist,2,Bachelor's,Married,Travel_Rarely,7.0,8327,High,64.0,4822.0,3,1.0,3.0,2.0,2.0,2,No,4.0,13,3,5,13,3.0,4,0,15.0,1463,8.9,No,No,No
EMP11311,56,Male,Finance,Financial Analyst,1,Bachelor's,Married,Non-Travel,32.0,5027,Medium,83.0,22152.0,3,4.0,1.0,1.0,2.0,2,No,5.0,2,2,2,9,2.0,4,0,22.0,555,10.2,No,No,No
EMP11312,44,Female,Sales,Sales Executive,1,Bachelor's,Married,Non-Travel,32.0,3959,Low,98.0,21238.0,3,3.0,4.0,2.0,4.0,4,Yes,2.0,2,2,2,3,2.0,0,0,15.0,1008,8.4,No,No,No
EMP11313,44,Male,IT,Software Engineer,4,Master's,Single,Travel_Rarely,20.0,9362,High,79.0,12564.0,3,4.0,3.0,4.0,3.0,4,No,2.0,5,5,5,10,1.0,0,0,15.0,407,8.5,No,No,No
EMP11314,46,Male,Human Resources,HR Executive,1,Bachelor's,Married,Travel_Rarely,12.0,8731,High,87.0,9303.0,4,1.0,1.0,3.0,4.0,3,No,4.0,21,6,3,24,0.0,5,0,19.0,1346,8.8,No,No,No
EMP11315,56,Female,Sales,Sales Executive,3,Master's,Married,Non-Travel,23.0,7557,High,44.0,24401.0,2,2.0,3.0,4.0,3.0,3,No,5.0,1,1,1,7,1.0,6,1,11.0,302,8.2,Yes,No,No
EMP11316,24,Male,Finance,Financial Analyst,2,Doctorate,Married,Travel_Frequently,16.0,7583,High,48.0,10830.0,2,2.0,1.0,3.0,2.0,2,No,1.0,3,3,3,3,3.0,3,0,17.0,1038,10.1,No,No,Yes
EMP11317,26,Male,Finance,Financial Analyst,2,High School,Divorced,Travel_Rarely,25.0,6469,Medium,30.0,24061.0,4,4.0,,3.0,3.0,3,No,0.0,5,3,5,12,3.0,4,1,14.0,1112,7.4,No,No,No
EMP11318,40,Male,Finance,Financial Analyst,5,Master's,Single,Non-Travel,17.0,13118,Very High,75.0,,2,3.0,4.0,2.0,1.0,3,No,5.0,5,5,5,11,4.0,3,1,14.0,707,8.3,No,No,Yes
EMP11319,44,Female,Sales,Sales Executive,2,Bachelor's,Married,Travel_Rarely,23.0,5962,Medium,,24471.0,3,4.0,1.0,3.0,2.0,3,No,1.0,3,3,0,7,3.0,1,0,20.0,587,8.0,Yes,No,No
EMP11320,47,Female,Research & Development,Research Scientist,2,Bachelor's,Single,Non-Travel,28.0,8188,High,74.0,16453.0,3,3.0,4.0,3.0,4.0,3,Yes,5.0,7,7,2,13,4.0,3,0,12.0,561,7.1,No,No,No
EMP11321,35,Female,IT,Software Engineer,1,Bachelor's,Single,Non-Travel,34.0,5971,Medium,44.0,20122.0,3,2.0,3.0,2.0,3.0,3,No,4.0,14,6,5,18,,1,1,19.0,357,7.1,No,No,No
EMP11322,45,Female,IT,Software Engineer,1,Master's,Single,Travel_Rarely,,5197,Medium,72.0,21205.0,1,3.0,4.0,3.0,3.0,1,No,1.0,8,8,2,8,8.0,6,0,21.0,474,7.3,Yes,No,Yes
EMP11323,44,Female,Sales,Sales Executive,2,High School,,Non-Travel,17.0,9808,High,34.0,21251.0,2,1.0,2.0,3.0,4.0,3,No,3.0,22,0,1,28,5.0,6,1,13.0,462,10.1,No,No,No
EMP11324,28,Male,Research & Development,Research Scientist,3,Bachelor's,Married,Travel_Rarely,10.0,7834,High,57.0,10239.0,3,2.0,3.0,1.0,3.0,3,No,1.0,0,0,0,5,0.0,5,2,16.0,836,9.3,No,Yes,No
EMP11325,31,Female,Sales,Sales Executive,1,Bachelor's,Divorced,Non-Travel,22.0,5705,Medium,32.0,19489.0,3,2.0,1.0,3.0,2.0,2,No,1.0,10,0,8,11,0.0,2,1,13.0,361,7.2,No,No,No
EMP11326,57,Female,Human Resources,HR Executive,3,Bachelor's,Married,Travel_Frequently,40.0,10709,Very High,58.0,19495.0,3,4.0,3.0,3.0,3.0,3,No,2.0,22,9,9,28,8.0,3,2,10.0,931,8.6,No,No,No
EMP11327,34,Female,IT,Software Engineer,1,Doctorate,Married,Travel_Rarely,22.0,5599,Medium,39.0,5355.0,3,2.0,2.0,3.0,3.0,2,Yes,0.0,13,4,12,20,9.0,3,2,20.0,1351,9.2,No,Yes,No
EMP11328,24,Female,IT,Software Engineer,3,Doctorate,Divorced,Travel_Rarely,24.0,7508,High,98.0,18868.0,4,4.0,3.0,3.0,3.0,3,No,4.0,3,2,3,7,0.0,6,1,10.0,148,9.8,Yes,No,Yes
EMP11329,22,Male,Sales,Sales Executive,3,Bachelor's,Married,Travel_Frequently,4.0,7210,High,61.0,22770.0,3,4.0,2.0,2.0,,3,No,5.0,0,0,0,5,0.0,6,1,16.0,1273,7.9,No,No,Yes
EMP11330,24,Male,Operations,Operations Coordinator,2,Bachelor's,Married,Non-Travel,13.0,5850,Medium,79.0,23925.0,4,4.0,2.0,3.0,2.0,3,No,4.0,3,3,3,5,2.0,0,2,25.0,846,8.8,No,No,No
EMP11331,23,Male,IT,Software Engineer,2,Bachelor's,Married,Travel_Frequently,20.0,5014,Medium,39.0,,3,3.0,3.0,2.0,1.0,1,No,3.0,2,2,2,8,2.0,6,1,14.0,413,7.6,Yes,No,No
EMP11332,25,Male,Sales,Sales Executive,1,Bachelor's,Single,Non-Travel,30.0,5261,Medium,48.0,4756.0,2,1.0,3.0,4.0,4.0,3,No,5.0,4,4,4,4,0.0,4,0,17.0,386,9.6,No,No,No
EMP11333,38,Female,Human Resources,HR Executive,2,Master's,Married,Non-Travel,29.0,7642,High,94.0,6695.0,1,3.0,3.0,1.0,3.0,4,No,0.0,17,11,10,19,2.0,1,0,11.0,532,9.9,No,Yes,No
EMP11334,40,Female,Finance,Financial Analyst,2,Master's,Married,Travel_Frequently,40.0,5467,Medium,86.0,12744.0,1,3.0,3.0,2.0,4.0,3,No,4.0,1,1,1,2,1.0,5,2,14.0,595,9.6,No,No,No
EMP11335,24,Female,Operations,Operations Coordinator,1,Bachelor's,Married,Non-Travel,2.0,5899,Medium,34.0,17111.0,1,2.0,2.0,3.0,4.0,3,Yes,6.0,3,3,3,8,3.0,6,1,23.0,382,9.3,No,No,Yes
EMP11336,35,Female,Sales,Sales Executive,1,Bachelor's,Married,Travel_Rarely,17.0,6908,Medium,26.0,18008.0,2,3.0,3.0,3.0,3.0,3,No,,14,9,14,21,1.0,4,0,18.0,298,7.4,No,Yes,No
EMP11337,49,Male,Sales,Sales Executive,3,Master's,Married,Travel_Frequently,29.0,7951,High,36.0,9367.0,1,4.0,,2.0,2.0,1,No,5.0,7,7,3,13,6.0,3,2,24.0,966,7.8,No,Yes,No
EMP11338,28,Male,Sales,Sales Executive,1,Bachelor's,Married,Non-Travel,32.0,5424,Medium,37.0,,3,3.0,4.0,4.0,3.0,3,No,1.0,4,2,4,6,1.0,4,0,16.0,1245,9.7,Yes,No,No
EMP11339,38,Male,Sales,Sales Executive,3,Bachelor's,Single,Travel_Frequently,13.0,9599,High,93.0,19649.0,2,3.0,4.0,3.0,1.0,3,Yes,0.0,7,4,7,10,7.0,5,0,18.0,939,8.0,No,No,Yes
EMP11340,46,Female,Operations,Operations Coordinator,3,Bachelor's,Married,Travel_Frequently,30.0,9328,High,38.0,17238.0,3,3.0,1.0,2.0,3.0,3,Yes,0.0,11,6,0,18,5.0,6,0,21.0,315,8.8,No,Yes,Yes
EMP11341,53,Male,Finance,Financial Analyst,3,Bachelor's,Married,Travel_Rarely,15.0,7755,High,72.0,12074.0,4,2.0,1.0,2.0,3.0,2,No,5.0,5,4,5,10,3.0,3,0,24.0,709,9.2,No,No,Yes
EMP11342,53,Male,Finance,Financial Analyst,3,Master's,Married,Travel_Rarely,21.0,8008,High,82.0,13425.0,3,3.0,3.0,3.0,1.0,4,No,3.0,8,6,8,11,4.0,2,0,11.0,736,7.1,No,No,No
EMP11343,48,Female,IT,Software Engineer,1,Bachelor's,Married,Travel_Rarely,11.0,4801,Medium,95.0,12797.0,4,3.0,3.0,3.0,4.0,3,No,3.0,7,7,7,11,2.0,4,1,,1360,10.5,No,No,No
EMP11344,34,Female,Sales,Sales Executive,2,Bachelor's,Married,Travel_Rarely,18.0,9296,High,21.0,23594.0,2,2.0,2.0,1.0,3.0,3,No,1.0,13,8,11,16,3.0,6,1,21.0,1431,7.0,No,No,Yes
EMP11345,25,Female,Human Resources,HR Executive,1,Bachelor's,Divorced,Travel_Rarely,25.0,5287,Medium,43.0,22396.0,3,3.0,3.0,3.0,3.0,3,No,1.0,4,4,4,10,4.0,1,2,14.0,1097,10.0,No,No,No
EMP11346,29,Male,Operations,Operations Coordinator,2,Master's,Married,Travel_Rarely,13.0,7002,High,69.0,9152.0,2,3.0,2.0,3.0,1.0,3,No,5.0,7,4,7,10,7.0,1,0,25.0,1150,7.1,No,No,Yes
EMP11347,52,Female,Research & Development,Research Scientist,1,Master's,Single,Non-Travel,23.0,6881,Medium,85.0,20450.0,4,4.0,2.0,2.0,3.0,3,Yes,6.0,20,9,8,24,4.0,0,2,23.0,303,7.8,No,No,No
EMP11348,58,Female,IT,Software Engineer,2,Master's,Single,Travel_Rarely,8.0,10486,Very High,77.0,14749.0,2,3.0,3.0,3.0,3.0,1,No,4.0,22,0,13,24,2.0,1,2,13.0,223,10.3,No,No,No
EMP11349,36,Female,Sales,Sales Executive,1,High School,Divorced,Travel_Rarely,27.0,6766,Medium,40.0,14259.0,3,3.0,3.0,3.0,3.0,3,No,5.0,15,11,14,15,5.0,6,2,17.0,1097,7.1,Yes,No,No
EMP11350,26,Female,IT,Software Engineer,5,High School,Married,Non-Travel,22.0,13687,Very High,99.0,5095.0,4,1.0,4.0,1.0,3.0,3,No,2.0,5,5,5,6,5.0,3,0,10.0,1192,9.8,No,No,Yes
EMP11351,60,Male,Sales,Sales Executive,1,Master's,Divorced,Non-Travel,10.0,8809,High,29.0,9106.0,4,2.0,2.0,1.0,3.0,4,No,6.0,20,4,1,24,3.0,4,1,10.0,1346,9.4,No,No,No
EMP11352,53,Female,Operations,Operations Coordinator,1,Bachelor's,Married,Travel_Rarely,38.0,7912,High,74.0,12311.0,2,4.0,3.0,1.0,3.0,3,No,3.0,21,1,14,25,1.0,4,1,19.0,1268,8.8,No,No,No
EMP11353,26,Female,Research & Development,Research Scientist,2,High School,Married,Travel_Rarely,20.0,7971,High,48.0,5029.0,4,3.0,3.0,3.0,4.0,2,No,0.0,3,3,3,10,3.0,1,0,24.0,1244,8.2,No,No,No
EMP11354,33,Male,IT,Software Engineer,2,Bachelor's,Single,Non-Travel,24.0,6717,Medium,72.0,8961.0,3,2.0,3.0,4.0,2.0,2,No,3.0,12,11,3,14,8.0,0,1,10.0,1039,8.8,No,No,No
EMP11355,35,Male,Research & Development,Research Scientist,2,Bachelor's,Married,Travel_Rarely,36.0,8765,High,28.0,10312.0,4,3.0,4.0,1.0,3.0,3,No,0.0,14,3,2,16,4.0,2,1,17.0,1192,9.5,No,No,No
EMP11356,42,Female,Research & Development,Research Scientist,3,Bachelor's,Divorced,Travel_Frequently,22.0,8699,High,68.0,22988.0,3,2.0,3.0,3.0,2.0,3,Yes,3.0,0,0,0,6,0.0,3,0,17.0,1065,10.1,No,No,No
EMP11357,27,Male,IT,Software Engineer,5,Bachelor's,Married,Travel_Rarely,32.0,9762,High,63.0,21527.0,3,4.0,3.0,1.0,3.0,3,Yes,5.0,6,5,6,8,0.0,4,0,20.0,157,8.8,Yes,No,No
EMP11358,50,Male,IT,Software Engineer,1,Bachelor's,Single,Travel_Rarely,11.0,7973,High,,19830.0,3,3.0,3.0,3.0,3.0,3,No,3.0,23,11,3,30,8.0,3,0,20.0,545,7.6,No,No,Yes
EMP11359,42,Female,IT,Software Engineer,1,High School,Married,Travel_Frequently,16.0,4317,Low,80.0,13398.0,3,3.0,4.0,3.0,3.0,1,Yes,1.0,3,3,3,7,2.0,1,1,15.0,1004,7.8,No,No,No
EMP11360,32,Male,Finance,Financial Analyst,2,Bachelor's,Single,Travel_Rarely,29.0,7584,High,88.0,4173.0,3,2.0,3.0,3.0,3.0,2,No,6.0,11,6,1,15,0.0,3,1,12.0,1464,9.6,No,No,No
EMP11361,22,Male,IT,Software Engineer,3,Bachelor's,Single,Travel_Rarely,38.0,8421,High,69.0,16704.0,2,3.0,2.0,4.0,3.0,2,No,2.0,1,1,1,1,1.0,0,1,18.0,939,10.0,No,No,No
EMP11362,32,Male,Human Resources,HR Executive,4,Master's,Married,Travel_Rarely,30.0,11535,Very High,62.0,6149.0,3,2.0,3.0,3.0,3.0,2,No,5.0,11,0,0,11,8.0,6,0,20.0,1472,8.7,Yes,Yes,No
EMP11363,46,Male,Sales,Sales Executive,3,Bachelor's,Single,Travel_Rarely,36.0,8992,High,28.0,12761.0,3,2.0,3.0,2.0,3.0,3,No,3.0,21,5,14,26,7.0,3,0,25.0,792,9.6,No,No,No
EMP11364,43,Female,Human Resources,HR Executive,1,Doctorate,Married,Travel_Rarely,40.0,5359,Medium,55.0,5536.0,3,2.0,2.0,1.0,2.0,3,No,2.0,3,2,3,3,1.0,0,1,10.0,655,,No,No,Yes
EMP11365,36,Female,Research & Development,Research Scientist,2,Master's,Divorced,Travel_Frequently,28.0,7225,High,70.0,19495.0,3,3.0,3.0,3.0,3.0,3,No,6.0,12,1,7,14,7.0,2,1,23.0,1110,9.4,No,No,No
EMP11366,31,Female,Finance,Financial Analyst,2,Bachelor's,Single,Non-Travel,15.0,7621,High,,23893.0,3,4.0,2.0,2.0,2.0,3,No,3.0,10,7,10,17,1.0,4,1,25.0,448,9.3,No,No,No
EMP11367,57,Female,IT,Software Engineer,3,Bachelor's,Married,Non-Travel,21.0,10173,Very High,91.0,17301.0,3,3.0,2.0,2.0,2.0,1,Yes,4.0,15,9,12,15,9.0,6,0,18.0,731,9.4,No,No,Yes
EMP11368,50,Male,Sales,Sales Executive,1,Bachelor's,Single,Travel_Rarely,11.0,5609,Medium,71.0,4392.0,2,4.0,3.0,2.0,,3,No,5.0,6,4,3,11,0.0,6,1,17.0,1255,10.5,No,No,No
EMP11369,50,Female,Research & Development,Research Scientist,1,Bachelor's,Married,Non-Travel,29.0,6234,Medium,59.0,19272.0,1,3.0,2.0,4.0,3.0,3,No,4.0,13,6,12,17,5.0,0,3,24.0,435,10.3,No,No,Yes
EMP11370,24,Female,Operations,Operations Coordinator,4,Bachelor's,Divorced,Travel_Rarely,2.0,8935,High,52.0,12249.0,4,3.0,4.0,3.0,1.0,3,Yes,6.0,3,3,3,5,2.0,5,1,15.0,1010,9.8,No,No,No
EMP11371,57,Male,Finance,Financial Analyst,3,High School,Divorced,Non-Travel,3.0,9764,High,71.0,6687.0,1,2.0,,4.0,4.0,3,Yes,5.0,11,5,8,18,0.0,6,0,21.0,1493,10.0,No,No,No
EMP11372,31,Female,Research & Development,Research Scientist,2,Bachelor's,Single,Travel_Frequently,2.0,7917,High,36.0,11752.0,3,3.0,3.0,,3.0,3,Yes,5.0,9,9,9,11,2.0,5,0,14.0,171,9.5,No,No,No
EMP11373,54,Female,Finance,Financial Analyst,1,Master's,Married,Travel_Rarely,32.0,8541,High,23.0,,4,2.0,1.0,3.0,,4,No,2.0,24,3,1,29,,3,1,18.0,685,7.0,Yes,No,No
EMP11374,46,Male,Sales,Sales Executive,2,Master's,Single,Travel_Rarely,36.0,5704,Medium,89.0,12980.0,3,,3.0,3.0,4.0,2,No,0.0,5,5,5,7,5.0,6,0,12.0,108,8.9,No,No,No
EMP11375,58,Male,Finance,Financial Analyst,1,Master's,Married,Travel_Rarely,37.0,4796,Medium,30.0,22261.0,4,4.0,3.0,4.0,1.0,3,Yes,4.0,3,3,3,3,3.0,1,2,15.0,449,8.1,No,No,Yes
EMP11376,36,Female,Human Resources,HR Executive,2,Bachelor's,Married,Travel_Rarely,36.0,6436,Medium,37.0,13581.0,3,2.0,3.0,2.0,3.0,3,No,0.0,11,8,0,16,1.0,2,1,25.0,800,9.0,No,No,No
EMP11377,44,Female,Sales,Sales Executive,4,Bachelor's,Single,Travel_Rarely,30.0,12484,Very High,69.0,21047.0,4,1.0,3.0,4.0,1.0,2,No,5.0,14,8,8,19,1.0,1,3,13.0,121,7.3,No,No,No
EMP11378,27,Male,IT,Software Engineer,4,Master's,Married,Travel_Rarely,39.0,8625,High,89.0,18968.0,1,3.0,3.0,1.0,3.0,3,No,3.0,3,3,3,5,3.0,4,0,12.0,713,8.5,No,No,No
EMP11379,42,Male,Operations,Operations Coordinator,5,Bachelor's,Married,Travel_Rarely,16.0,14828,Very High,22.0,20804.0,3,3.0,3.0,3.0,4.0,3,No,1.0,21,1,14,21,6.0,1,3,20.0,1311,7.8,No,No,No
EMP11380,53,Female,Sales,Sales Executive,3,Bachelor's,Single,Travel_Rarely,20.0,11236,Very High,89.0,16128.0,2,3.0,4.0,3.0,1.0,3,No,2.0,22,2,10,22,8.0,0,1,17.0,740,10.1,Yes,No,No
EMP11381,39,Male,Sales,Sales Executive,2,Bachelor's,Married,Non-Travel,34.0,8515,High,50.0,23483.0,3,4.0,2.0,4.0,3.0,1,Yes,1.0,17,8,1,22,,6,0,10.0,346,8.3,No,No,No
EMP11382,58,Female,Finance,Financial Analyst,1,Master's,Married,Travel_Frequently,12.0,3830,Low,58.0,14732.0,4,2.0,3.0,3.0,2.0,3,No,4.0,8,8,8,10,0.0,1,1,17.0,1286,10.0,No,No,Yes
EMP11383,60,Male,Research & Development,Research Scientist,2,Master's,Divorced,Travel_Rarely,6.0,7346,High,21.0,22143.0,3,2.0,3.0,2.0,3.0,3,No,2.0,19,4,14,20,1.0,5,2,20.0,1202,8.3,No,No,No
EMP11384,47,Male,IT,Software Engineer,1,Bachelor's,Married,Non-Travel,33.0,8934,High,64.0,19082.0,3,1.0,4.0,4.0,3.0,2,No,4.0,24,3,12,30,2.0,1,2,24.0,845,8.8,No,No,No
EMP11385,24,Female,Operations,Operations Coordinator,1,Bachelor's,,Travel_Frequently,38.0,4995,Medium,27.0,21821.0,3,1.0,2.0,3.0,3.0,3,No,2.0,3,3,3,3,3.0,6,2,12.0,1114,,No,No,No
EMP11386,60,Male,Human Resources,HR Executive,2,Bachelor's,Single,Non-Travel,11.0,8666,High,65.0,17039.0,1,4.0,2.0,4.0,3.0,1,No,1.0,24,2,13,24,9.0,1,1,13.0,1259,7.4,No,No,No
EMP11387,54,Female,IT,Software Engineer,4,High School,Married,,15.0,11664,Very High,61.0,21026.0,1,3.0,3.0,2.0,2.0,3,No,1.0,7,7,6,7,7.0,4,1,22.0,1337,8.7,No,No,Yes
EMP11388,59,Female,IT,Software Engineer,2,Bachelor's,Single,Travel_Rarely,28.0,6634,Medium,36.0,21290.0,2,4.0,3.0,2.0,3.0,3,No,1.0,6,6,6,6,1.0,5,0,23.0,938,9.8,No,No,No
EMP11389,42,Female,Finance,Financial Analyst,1,Bachelor's,Single,Travel_Rarely,29.0,6664,Medium,93.0,12552.0,1,3.0,3.0,2.0,,3,Yes,6.0,11,2,11,16,1.0,5,1,25.0,1429,10.4,No,No,Yes
EMP11390,46,Female,IT,Software Engineer,1,High School,Single,Non-Travel,12.0,3770,Low,,20884.0,3,3.0,1.0,3.0,2.0,2,Yes,5.0,8,5,4,9,5.0,3,2,19.0,142,8.5,Yes,No,No
EMP11391,55,Female,Sales,Sales Executive,1,High School,Married,Travel_Rarely,15.0,5986,Medium,86.0,21522.0,4,3.0,3.0,2.0,1.0,2,No,3.0,9,6,5,16,4.0,1,1,22.0,1333,8.2,No,No,Yes
EMP11392,55,Male,Human Resources,HR Executive,4,Bachelor's,Married,Non-Travel,18.0,11393,Very High,31.0,8307.0,3,3.0,2.0,3.0,2.0,3,No,3.0,7,7,7,7,7.0,4,1,25.0,547,8.4,No,No,No
EMP11393,24,Female,Operations,Operations Coordinator,2,High School,Married,Travel_Frequently,33.0,7169,High,60.0,24375.0,3,4.0,1.0,2.0,3.0,3,No,3.0,3,3,3,5,3.0,5,1,20.0,1028,7.2,No,No,Yes
EMP11394,47,Male,Operations,Operations Coordinator,4,Bachelor's,Married,Travel_Rarely,31.0,12815,Very High,24.0,8757.0,2,2.0,3.0,4.0,3.0,3,No,0.0,17,3,6,22,3.0,3,0,20.0,959,7.8,No,No,No
EMP11395,52,Male,Finance,Financial Analyst,4,Master's,Married,Non-Travel,35.0,11936,Very High,36.0,15828.0,4,3.0,2.0,2.0,3.0,3,No,3.0,12,4,11,18,0.0,5,2,17.0,237,8.7,No,No,No
EMP11396,44,Male,Sales,Sales Executive,5,Bachelor's,Single,Travel_Rarely,22.0,11511,Very High,65.0,11749.0,2,1.0,3.0,1.0,2.0,3,No,0.0,13,8,3,19,7.0,5,1,15.0,595,10.3,No,Yes,No
EMP11397,30,Female,Research & Development,Research Scientist,4,Bachelor's,Single,Travel_Rarely,23.0,12360,Very High,49.0,,4,3.0,3.0,4.0,2.0,3,Yes,6.0,4,1,4,9,1.0,1,0,17.0,155,9.3,No,No,Yes
EMP11398,27,Female,Research & Development,Research Scientist,3,Bachelor's,Married,Travel_Rarely,36.0,7582,High,52.0,15674.0,3,3.0,2.0,4.0,3.0,4,No,4.0,6,6,6,12,3.0,6,1,25.0,1141,10.3,No,No,Yes
EMP11399,34,Male,Finance,Financial Analyst,2,Master's,Married,Non-Travel,1.0,6747,Medium,36.0,22047.0,3,3.0,2.0,1.0,3.0,3,Yes,0.0,1,1,1,4,1.0,2,2,17.0,376,8.5,Yes,No,Yes
EMP11400,33,Male,Operations,Operations Coordinator,2,Bachelor's,Married,Travel_Frequently,10.0,6317,Medium,71.0,20562.0,2,3.0,2.0,4.0,3.0,3,No,6.0,12,10,3,14,5.0,6,1,25.0,249,7.2,Yes,Yes,No
EMP11401,51,Female,IT,Software Engineer,1,Bachelor's,Divorced,Travel_Rarely,19.0,7034,High,71.0,21264.0,3,4.0,2.0,3.0,4.0,4,No,6.0,16,10,9,23,8.0,2,2,23.0,400,8.8,Yes,No,No
EMP11402,38,Female,Research & Development,Research Scientist,3,Master's,Married,Travel_Rarely,26.0,7772,High,44.0,19056.0,1,3.0,2.0,2.0,4.0,3,No,0.0,7,7,3,10,1.0,2,1,24.0,1453,7.0,No,No,No
EMP11403,39,Male,IT,Software Engineer,2,Bachelor's,Married,Travel_Rarely,35.0,7477,High,52.0,4645.0,2,3.0,3.0,2.0,2.0,3,No,4.0,3,3,3,8,3.0,5,2,25.0,718,7.7,No,Yes,No
EMP11404,40,Male,Sales,Sales Executive,3,Bachelor's,Married,Travel_Rarely,12.0,7503,High,79.0,23039.0,4,4.0,4.0,3.0,4.0,3,No,3.0,4,4,4,10,4.0,0,2,17.0,657,10.3,No,No,No
EMP11405,37,Female,Operations,Operations Coordinator,4,Bachelor's,Married,Travel_Rarely,8.0,8819,High,38.0,12673.0,3,3.0,3.0,2.0,2.0,3,No,3.0,0,0,0,7,0.0,2,0,15.0,312,10.1,No,No,No
EMP11406,25,Female,Sales,Sales Executive,2,Master's,Married,Non-Travel,20.0,5195,Medium,75.0,6421.0,3,,4.0,3.0,4.0,3,Yes,1.0,4,4,0,8,0.0,5,0,11.0,557,10.3,Yes,Yes,No
EMP11407,33,Male,IT,Software Engineer,4,Bachelor's,Single,Travel_Frequently,11.0,9043,High,21.0,5276.0,1,1.0,3.0,2.0,3.0,3,No,5.0,5,5,5,11,4.0,5,0,14.0,105,7.3,No,Yes,No
EMP11408,38,Male,Research & Development,Research Scientist,1,Bachelor's,Married,Non-Travel,24.0,7219,High,61.0,9308.0,1,1.0,3.0,2.0,2.0,3,No,0.0,16,10,0,23,2.0,5,0,16.0,679,8.1,No,No,No
EMP11409,28,Female,IT,Software Engineer,2,Bachelor's,Married,Travel_Rarely,23.0,6163,Medium,83.0,13282.0,3,3.0,1.0,3.0,2.0,4,Yes,,7,7,2,11,2.0,5,0,12.0,1484,7.0,No,No,Yes
EMP11410,59,Male,Research & Development,Research Scientist,2,Bachelor's,Single,Travel_Rarely,34.0,8126,High,46.0,14135.0,3,3.0,2.0,3.0,4.0,2,No,2.0,16,11,6,20,7.0,6,2,19.0,807,8.3,No,No,No
EMP11411,47,Male,Operations,Operations Coordinator,5,Master's,Single,Non-Travel,16.0,12837,Very High,87.0,14304.0,2,3.0,3.0,4.0,4.0,3,No,2.0,8,5,5,10,5.0,0,1,20.0,679,8.7,No,No,No
EMP11412,59,Male,Sales,Sales Executive,2,Bachelor's,Divorced,Travel_Rarely,37.0,8377,High,75.0,21451.0,4,3.0,2.0,2.0,2.0,3,Yes,6.0,19,8,5,21,6.0,4,0,21.0,1021,7.5,No,No,Yes
EMP11413,55,Female,Sales,Sales Executive,1,Bachelor's,Married,Non-Travel,19.0,5476,Medium,87.0,9058.0,3,3.0,3.0,3.0,3.0,3,No,6.0,6,5,2,12,2.0,0,0,15.0,1390,,No,No,No
EMP11414,41,Female,Sales,Sales Executive,1,Master's,,Travel_Rarely,18.0,3663,Low,63.0,12683.0,3,2.0,3.0,3.0,2.0,2,Yes,0.0,3,3,3,5,3.0,4,0,24.0,127,10.0,Yes,No,No
EMP11415,24,Male,Sales,Sales Executive,2,Bachelor's,Married,Travel_Frequently,20.0,7484,High,81.0,14092.0,2,3.0,4.0,3.0,2.0,4,No,1.0,3,3,3,5,2.0,0,1,23.0,769,9.0,Yes,No,Yes
EMP11416,35,Female,Research & Development,Research Scientist,2,Bachelor's,Married,Travel_Rarely,8.0,8489,High,59.0,22818.0,3,2.0,3.0,3.0,3.0,3,No,6.0,14,1,3,21,1.0,0,2,20.0,1085,9.6,No,Yes,Yes
EMP11417,26,Male,IT,Software Engineer,1,Bachelor's,Single,Non-Travel,6.0,5426,Medium,95.0,22555.0,3,3.0,3.0,4.0,2.0,1,No,3.0,5,3,5,11,2.0,2,2,19.0,874,9.0,Yes,No,No
EMP11418,50,Male,Sales,Sales Executive,1,Bachelor's,Single,Travel_Rarely,31.0,7964,High,24.0,20762.0,3,1.0,3.0,2.0,3.0,1,No,4.0,17,11,4,17,0.0,6,0,16.0,992,7.6,No,No,No
EMP11419,49,Female,IT,Software Engineer,1,Bachelor's,Divorced,Travel_Rarely,23.0,6678,Medium,82.0,18889.0,3,3.0,3.0,2.0,2.0,2,No,2.0,17,10,4,21,3.0,4,0,23.0,155,9.4,No,No,No
EMP11420,56,Female,Sales,Sales Executive,4,Bachelor's,Married,Travel_Frequently,23.0,11922,Very High,55.0,4259.0,3,3.0,1.0,3.0,2.0,3,No,4.0,17,0,9,22,6.0,3,2,16.0,349,9.7,No,Yes,No
EMP11421,59,Male,IT,Software Engineer,2,Master's,Single,Travel_Rarely,31.0,9029,High,99.0,24817.0,2,3.0,3.0,3.0,3.0,2,No,2.0,17,3,3,22,0.0,6,1,18.0,1098,8.8,No,No,No
EMP11422,48,Male,Sales,Sales Executive,3,Master's,Single,Non-Travel,36.0,11045,Very High,21.0,4811.0,4,2.0,3.0,3.0,3.0,3,No,4.0,19,6,7,26,9.0,6,1,23.0,975,8.4,No,No,No
EMP11423,28,Female,Research & Development,Research Scientist,4,High School,Single,Travel_Rarely,33.0,8917,High,47.0,15135.0,3,3.0,2.0,1.0,4.0,3,Yes,4.0,7,7,7,14,3.0,4,2,21.0,508,8.6,No,No,No
EMP11424,26,Male,Finance,Financial Analyst,1,Bachelor's,Married,Travel_Frequently,20.0,5592,Medium,48.0,8358.0,3,3.0,2.0,4.0,3.0,2,No,3.0,5,2,5,12,5.0,5,2,17.0,745,9.7,No,No,No
EMP11425,40,Male,Operations,Operations Coordinator,4,Master's,Married,Non-Travel,16.0,12777,Very High,99.0,10320.0,1,,3.0,1.0,4.0,3,No,3.0,19,5,13,24,3.0,5,3,14.0,1364,10.2,No,No,No
EMP11426,42,Male,IT,Software Engineer,1,Master's,Single,Travel_Rarely,14.0,4560,Medium,54.0,23775.0,3,3.0,3.0,3.0,3.0,4,No,0.0,6,6,6,6,5.0,2,0,16.0,386,7.8,Yes,No,No
EMP11427,41,Male,Sales,Sales Executive,2,Bachelor's,Single,Non-Travel,22.0,8396,High,78.0,3679.0,3,4.0,4.0,4.0,2.0,2,Yes,2.0,13,10,7,18,2.0,4,1,18.0,247,8.5,No,No,No
EMP11428,33,Male,Research & Development,Research Scientist,4,High School,Married,Travel_Rarely,5.0,9034,High,,14031.0,3,2.0,3.0,3.0,4.0,3,No,5.0,3,3,3,8,2.0,1,0,19.0,523,9.0,Yes,No,No
EMP11429,56,Female,Sales,Sales Executive,3,Bachelor's,Married,Travel_Rarely,25.0,9969,High,,23904.0,3,3.0,1.0,4.0,3.0,3,No,3.0,8,4,8,13,1.0,1,0,21.0,815,9.5,No,No,No
EMP11430,52,Female,Sales,Sales Executive,5,Bachelor's,Single,,38.0,13374,Very High,31.0,9548.0,4,3.0,3.0,2.0,2.0,3,No,2.0,21,4,2,28,5.0,6,1,20.0,452,9.3,No,No,No
EMP11431,27,Female,Human Resources,HR Executive,4,Bachelor's,Single,Travel_Rarely,5.0,8370,High,57.0,3499.0,1,2.0,4.0,3.0,2.0,3,No,4.0,6,0,4,8,5.0,2,1,24.0,890,10.0,No,No,Yes
EMP11432,33,Female,Sales,Sales Executive,2,Bachelor's,Single,Travel_Rarely,24.0,7627,High,71.0,21409.0,2,3.0,3.0,2.0,3.0,3,No,4.0,12,3,3,14,9.0,2,1,18.0,584,10.4,No,No,Yes
EMP11433,49,Male,Sales,Sales Executive,2,High School,Married,Travel_Rarely,36.0,7667,High,79.0,20039.0,2,3.0,3.0,3.0,3.0,2,Yes,1.0,5,5,5,7,4.0,3,0,23.0,1391,7.4,No,No,Yes
EMP11434,33,Male,Operations,Operations Coordinator,4,High School,Divorced,Travel_Rarely,26.0,10003,Very High,92.0,17025.0,3,3.0,2.0,3.0,2.0,4,No,2.0,8,4,8,12,1.0,4,1,22.0,977,9.4,Yes,No,No
EMP11435,22,Male,Operations,Operations Coordinator,5,Bachelor's,Married,Travel_Frequently,24.0,12294,Very High,96.0,21425.0,3,2.0,3.0,,3.0,3,Yes,0.0,1,1,1,7,1.0,4,0,17.0,1068,7.9,No,No,Yes
EMP11436,23,Male,Operations,Operations Coordinator,5,Master's,Married,Travel_Rarely,34.0,10782,Very High,92.0,,4,4.0,2.0,3.0,2.0,3,No,3.0,2,2,2,9,1.0,5,0,23.0,1089,7.3,No,No,No
EMP11437,40,Female,Research & Development,Research Scientist,1,Bachelor's,Married,Travel_Rarely,13.0,5251,Medium,44.0,16987.0,4,3.0,3.0,4.0,1.0,3,No,0.0,5,3,5,7,1.0,6,1,20.0,436,9.3,No,Yes,No
EMP11438,30,Male,Operations,Operations Coordinator,4,Bachelor's,Married,Travel_Rarely,13.0,9943,High,23.0,22176.0,3,3.0,2.0,2.0,3.0,3,No,4.0,9,5,9,14,6.0,4,2,20.0,879,7.8,No,No,No
EMP11439,27,Male,Operations,Operations Coordinator,1,Master's,Married,Travel_Rarely,35.0,3914,Low,61.0,20819.0,3,3.0,3.0,3.0,3.0,2,Yes,3.0,4,4,0,4,2.0,6,1,14.0,964,7.7,No,No,No
EMP11440,49,Male,Sales,Sales Executive,5,Bachelor's,Married,Non-Travel,6.0,11495,Very High,92.0,,2,4.0,2.0,4.0,2.0,3,No,3.0,6,6,6,8,3.0,3,3,24.0,870,8.0,No,No,Yes
EMP11441,24,Male,Operations,Operations Coordinator,2,Bachelor's,Single,Travel_Rarely,12.0,5916,Medium,60.0,21378.0,1,3.0,3.0,3.0,3.0,4,Yes,2.0,3,3,1,7,3.0,5,2,23.0,324,7.1,No,No,Yes
EMP11442,35,Female,IT,Software Engineer,2,Master's,Single,Travel_Rarely,,8473,High,44.0,19308.0,3,4.0,3.0,3.0,3.0,3,Yes,0.0,9,2,3,14,1.0,4,1,13.0,1331,8.7,No,No,No
EMP11443,43,Female,Sales,Sales Executive,1,Bachelor's,Divorced,Travel_Rarely,22.0,6253,Medium,55.0,13221.0,3,1.0,3.0,4.0,1.0,3,No,3.0,10,3,2,12,8.0,5,0,13.0,241,7.3,No,No,No
EMP11444,31,Female,Research & Development,Research Scientist,3,Doctorate,Married,Travel_Frequently,33.0,8214,High,99.0,23489.0,2,2.0,3.0,3.0,4.0,3,Yes,5.0,5,4,5,7,1.0,0,0,10.0,631,7.7,Yes,No,No
EMP11445,47,Male,Sales,Sales Executive,3,Bachelor's,Divorced,Travel_Rarely,36.0,13522,Very High,89.0,17464.0,2,3.0,3.0,1.0,1.0,3,No,1.0,24,10,12,27,6.0,5,1,14.0,868,7.1,No,No,Yes
EMP11446,32,Female,Research & Development,Research Scientist,2,Bachelor's,Married,Travel_Rarely,19.0,5559,Medium,78.0,15858.0,3,3.0,1.0,2.0,2.0,3,No,0.0,9,2,1,13,5.0,2,2,10.0,541,9.0,No,Yes,No
EMP11447,50,Female,Research & Development,Research Scientist,3,High School,Married,Non-Travel,14.0,9151,High,71.0,9133.0,2,3.0,1.0,3.0,3.0,2,Yes,3.0,12,9,12,15,2.0,6,0,15.0,1136,9.8,No,No,No
EMP11448,45,Female,Human Resources,HR Executive,1,Master's,Married,Travel_Rarely,24.0,6777,Medium,89.0,21760.0,3,3.0,3.0,3.0,3.0,4,No,0.0,18,4,4,22,5.0,5,1,18.0,253,8.6,No,Yes,No
EMP11449,27,Male,Research & Development,Research Scientist,2,Bachelor's,Married,Non-Travel,13.0,7160,High,34.0,4714.0,3,4.0,3.0,1.0,4.0,3,No,0.0,5,0,5,8,5.0,2,2,22.0,414,8.0,No,No,Yes
EMP11450,54,Female,Research & Development,Research Scientist,2,Bachelor's,Single,Non-Travel,16.0,7079,High,85.0,7485.0,3,3.0,3.0,3.0,2.0,3,Yes,3.0,13,10,9,17,9.0,2,0,22.0,627,8.9,No,No,Yes
EMP11451,34,Male,IT,Software Engineer,5,Master's,Married,Travel_Rarely,7.0,13543,Very High,70.0,13171.0,3,3.0,3.0,2.0,4.0,3,No,4.0,11,9,5,17,0.0,0,2,19.0,921,7.9,No,No,No
EMP11452,49,Male,IT,Software Engineer,2,Bachelor's,Single,Travel_Rarely,25.0,7854,High,75.0,15865.0,3,3.0,2.0,4.0,4.0,3,No,2.0,18,0,10,19,9.0,1,2,18.0,1127,10.5,No,Yes,No
EMP11453,51,Male,Research & Development,Research Scientist,2,Master's,Single,Travel_Rarely,11.0,7119,High,23.0,15367.0,3,2.0,,3.0,3.0,2,Yes,5.0,9,3,9,16,2.0,5,2,22.0,933,7.3,Yes,No,No
EMP11454,54,Female,Sales,Sales Executive,1,Bachelor's,Single,Travel_Rarely,15.0,7350,High,44.0,14194.0,3,4.0,3.0,3.0,3.0,3,No,1.0,21,10,5,26,3.0,1,1,18.0,815,10.2,Yes,No,Yes
EMP11455,34,Female,IT,Software Engineer,3,Master's,Single,Non-Travel,14.0,8369,High,90.0,11371.0,3,3.0,3.0,2.0,3.0,4,Yes,5.0,13,9,10,20,4.0,1,1,,887,7.3,Yes,No,No
EMP11456,47,Female,Sales,Sales Executive,3,Master's,Married,Travel_Rarely,17.0,9356,High,52.0,13171.0,2,2.0,3.0,3.0,2.0,3,No,5.0,6,3,6,11,1.0,2,0,25.0,1170,7.1,No,Yes,No
EMP11457,26,Male,IT,Software Engineer,2,Master's,Married,Non-Travel,16.0,5250,Medium,64.0,9724.0,2,4.0,3.0,4.0,2.0,3,Yes,4.0,1,1,1,7,1.0,1,2,11.0,350,9.7,Yes,No,Yes
EMP11458,53,Female,IT,Software Engineer,2,Bachelor's,Married,Travel_Rarely,30.0,6975,Medium,90.0,24819.0,4,2.0,3.0,3.0,3.0,3,No,0.0,0,0,0,1,0.0,1,0,23.0,355,8.3,No,No,Yes
EMP11459,41,Male,Sales,Sales Executive,1,Bachelor's,Married,Travel_Rarely,8.0,6990,Medium,49.0,14524.0,2,3.0,2.0,1.0,2.0,3,No,4.0,13,2,0,20,9.0,6,1,10.0,759,7.7,No,No,No
EMP11460,55,Male,Operations,Operations Coordinator,3,Bachelor's,Single,Travel_Rarely,6.0,10298,Very High,47.0,7990.0,3,2.0,3.0,4.0,1.0,2,No,5.0,21,11,12,27,0.0,5,0,13.0,994,10.3,No,Yes,No
EMP11461,37,Female,Human Resources,HR Executive,1,Master's,Married,Travel_Frequently,14.0,6123,Medium,46.0,10710.0,3,3.0,4.0,1.0,3.0,4,No,6.0,14,2,6,17,5.0,5,0,21.0,1086,8.7,No,No,No
EMP11462,56,Female,Sales,Sales Executive,4,Master's,Married,Travel_Rarely,7.0,11499,Very High,97.0,12224.0,2,3.0,3.0,,1.0,3,No,6.0,15,7,10,21,5.0,1,1,18.0,869,9.9,No,No,No
EMP11463,32,Male,Research & Development,Research Scientist,1,Master's,Married,Non-Travel,39.0,3973,Low,91.0,23668.0,2,3.0,,3.0,3.0,3,No,2.0,0,0,0,5,,2,1,24.0,1406,9.9,No,No,No
EMP11464,35,Male,Research & Development,Research Scientist,1,Master's,Married,Travel_Frequently,12.0,6763,Medium,61.0,10998.0,1,1.0,2.0,3.0,4.0,2,No,,14,7,1,21,2.0,3,1,17.0,472,8.3,No,No,Yes
EMP11465,47,Male,Human Resources,HR Executive,4,Master's,Single,Non-Travel,17.0,11322,Very High,40.0,7006.0,2,4.0,3.0,3.0,2.0,2,No,,9,7,3,13,4.0,1,0,17.0,454,7.9,Yes,No,No
EMP11466,29,Female,Operations,Operations Coordinator,1,Master's,Married,Travel_Rarely,36.0,4733,Medium,97.0,14009.0,3,3.0,3.0,3.0,3.0,2,No,2.0,8,2,1,12,2.0,6,0,13.0,357,9.4,No,No,No
EMP11467,56,Female,IT,Software Engineer,2,Bachelor's,Married,Non-Travel,1.0,7969,High,,3962.0,3,3.0,3.0,2.0,4.0,3,No,0.0,11,6,5,15,6.0,0,1,16.0,990,7.3,Yes,No,No
EMP11468,49,Female,IT,Software Engineer,3,Bachelor's,Single,Travel_Frequently,21.0,11422,Very High,57.0,11554.0,1,2.0,4.0,2.0,,3,Yes,4.0,24,10,13,24,6.0,3,0,12.0,957,9.3,No,No,Yes
EMP11469,24,Male,Human Resources,HR Executive,2,Doctorate,Divorced,Non-Travel,2.0,5142,Medium,72.0,17917.0,4,3.0,4.0,2.0,3.0,3,No,6.0,3,3,3,8,2.0,6,1,11.0,1080,8.1,Yes,No,No
EMP11470,53,Male,Research & Development,Research Scientist,2,Master's,Single,Travel_Rarely,31.0,6429,Medium,91.0,6684.0,3,3.0,2.0,3.0,1.0,4,No,5.0,5,1,5,10,3.0,4,1,22.0,959,9.7,No,Yes,No
EMP11471,23,Male,Sales,Sales Executive,5,Bachelor's,Married,Non-Travel,15.0,11181,Very High,21.0,19666.0,3,3.0,1.0,3.0,3.0,2,Yes,5.0,2,1,2,5,2.0,3,1,10.0,169,10.3,No,No,No
EMP11472,35,Female,Research & Development,Research Scientist,1,High School,Divorced,Travel_Rarely,21.0,6881,Medium,99.0,7496.0,3,1.0,2.0,3.0,4.0,3,No,6.0,14,1,6,21,9.0,0,2,25.0,1260,8.3,No,No,No
EMP11473,41,Female,Research & Development,Research Scientist,2,Master's,Married,Travel_Rarely,10.0,8921,High,28.0,5801.0,4,1.0,3.0,4.0,2.0,3,No,6.0,14,8,5,17,2.0,1,0,,321,10.4,No,No,No
EMP11474,28,Female,Human Resources,HR Executive,5,High School,Married,Travel_Frequently,18.0,13647,Very High,82.0,20387.0,3,3.0,2.0,2.0,,4,No,6.0,7,6,7,10,1.0,1,0,21.0,1448,9.4,No,No,No
EMP11475,25,Female,Operations,Operations Coordinator,5,Master's,,Travel_Rarely,2.0,11400,Very High,93.0,6390.0,2,4.0,3.0,3.0,3.0,3,No,3.0,4,1,4,4,1.0,2,0,24.0,1389,7.7,No,No,No
EMP11476,56,Female,Operations,Operations Coordinator,1,Master's,Married,Non-Travel,2.0,5494,Medium,62.0,6263.0,2,4.0,3.0,1.0,3.0,2,Yes,6.0,7,1,2,14,2.0,3,0,11.0,431,9.2,No,No,Yes
EMP11477,23,Female,Operations,Operations Coordinator,4,Bachelor's,Married,Non-Travel,9.0,9353,High,20.0,5723.0,3,3.0,3.0,4.0,2.0,3,No,3.0,2,2,2,8,1.0,2,0,13.0,587,10.3,No,No,No
EMP11478,56,Male,Research & Development,Research Scientist,4,High School,Married,Travel_Rarely,2.0,13146,Very High,80.0,18567.0,3,,2.0,3.0,3.0,3,Yes,2.0,18,6,5,25,9.0,3,1,17.0,844,10.2,No,No,Yes
EMP11479,48,Female,Research & Development,Research Scientist,5,Bachelor's,Married,Non-Travel,16.0,14744,Very High,63.0,20090.0,2,4.0,3.0,3.0,2.0,3,No,1.0,22,9,8,24,1.0,4,2,12.0,917,7.7,No,No,No
EMP11480,45,Male,Research & Development,Research Scientist,3,Bachelor's,Single,Travel_Rarely,29.0,8739,High,32.0,23284.0,3,3.0,2.0,3.0,3.0,1,No,0.0,1,1,1,1,1.0,5,1,10.0,1087,8.4,No,No,No
EMP11481,46,Female,Human Resources,HR Executive,1,High School,Single,Non-Travel,11.0,7103,High,97.0,15906.0,3,3.0,2.0,4.0,3.0,1,Yes,6.0,20,5,1,22,0.0,3,0,18.0,693,7.8,Yes,No,No
EMP11482,54,Female,Finance,Financial Analyst,1,Bachelor's,Single,Travel_Rarely,2.0,6839,Medium,45.0,4456.0,2,2.0,3.0,3.0,2.0,3,No,5.0,21,9,1,26,1.0,5,1,20.0,190,8.0,Yes,No,Yes
EMP11483,30,Male,Finance,Financial Analyst,2,Bachelor's,Married,Travel_Rarely,16.0,7480,High,82.0,11364.0,3,3.0,1.0,3.0,1.0,3,Yes,2.0,9,1,2,16,8.0,1,1,19.0,1127,8.0,No,No,No
EMP11484,38,Female,Sales,Sales Executive,2,Bachelor's,Married,Travel_Rarely,28.0,8549,High,51.0,10192.0,3,4.0,3.0,4.0,4.0,2,No,6.0,7,3,5,8,6.0,0,1,24.0,990,8.1,No,No,Yes
EMP11485,44,Male,Sales,Sales Executive,1,High School,Single,Travel_Rarely,36.0,8463,High,23.0,,2,3.0,3.0,4.0,3.0,3,No,4.0,21,11,3,25,1.0,6,2,13.0,274,7.5,No,No,No
EMP11486,37,Male,Operations,Operations Coordinator,2,Bachelor's,Single,Non-Travel,18.0,8765,High,86.0,18785.0,2,3.0,2.0,3.0,3.0,3,Yes,4.0,16,9,12,19,7.0,5,0,20.0,1038,9.2,No,Yes,Yes
EMP11487,31,Male,Finance,Financial Analyst,2,Master's,Single,Travel_Rarely,36.0,8111,High,27.0,24391.0,3,3.0,3.0,2.0,3.0,3,No,0.0,10,4,4,15,8.0,5,0,14.0,992,7.6,No,No,No
EMP11488,30,Male,IT,Software Engineer,3,Bachelor's,Single,Travel_Rarely,9.0,9738,High,79.0,8903.0,2,4.0,3.0,2.0,4.0,3,No,4.0,9,9,4,9,1.0,6,1,17.0,1322,8.0,Yes,No,No
EMP11489,33,Female,IT,Software Engineer,3,Bachelor's,Married,Non-Travel,8.0,9682,High,54.0,19116.0,2,2.0,4.0,1.0,3.0,2,No,5.0,12,1,12,12,1.0,5,0,10.0,422,10.3,No,No,Yes
EMP11490,59,Male,IT,Software Engineer,1,Bachelor's,Single,Travel_Rarely,32.0,6199,Medium,76.0,14454.0,2,2.0,4.0,3.0,2.0,3,No,0.0,11,11,10,18,6.0,3,2,17.0,1065,8.2,No,No,No
EMP11491,33,Male,Sales,Sales Executive,4,Bachelor's,Married,Travel_Rarely,24.0,9212,High,35.0,22368.0,2,4.0,2.0,4.0,3.0,3,No,1.0,2,2,2,3,2.0,3,1,15.0,630,8.4,No,No,No
EMP11492,55,Male,Sales,Sales Executive,1,High School,Married,Non-Travel,15.0,7042,High,59.0,11189.0,2,3.0,4.0,2.0,3.0,3,No,4.0,12,8,12,14,4.0,2,0,17.0,631,8.5,Yes,No,Yes
EMP11493,41,Male,Sales,Sales Executive,3,Master's,Married,Travel_Frequently,32.0,8457,High,41.0,6318.0,3,2.0,3.0,3.0,3.0,3,No,4.0,6,0,6,9,6.0,2,1,,1070,7.0,No,No,Yes
EMP11494,32,Female,Research & Development,Research Scientist,5,High School,Married,Non-Travel,28.0,11612,Very High,46.0,23954.0,2,4.0,3.0,3.0,4.0,4,No,4.0,11,4,7,17,2.0,1,2,21.0,843,8.6,No,No,No
EMP11495,32,Female,Sales,Sales Executive,4,High School,Married,Non-Travel,8.0,10333,Very High,34.0,18516.0,3,3.0,2.0,4.0,2.0,3,No,6.0,11,8,9,18,3.0,3,0,10.0,353,9.3,No,Yes,No
EMP11496,45,Male,Human Resources,HR Executive,1,High School,Married,Travel_Rarely,11.0,6543,Medium,41.0,14583.0,3,2.0,3.0,2.0,3.0,3,No,1.0,7,2,6,9,7.0,3,1,15.0,274,8.8,No,No,No
EMP11497,56,Male,IT,Software Engineer,1,Bachelor's,Single,Non-Travel,34.0,4663,Medium,87.0,7768.0,3,3.0,3.0,4.0,1.0,2,No,6.0,0,0,0,5,0.0,6,0,18.0,518,9.3,Yes,Yes,No
EMP11498,33,Female,Human Resources,HR Executive,4,Master's,Married,Travel_Rarely,22.0,11146,Very High,58.0,19586.0,2,2.0,3.0,1.0,2.0,3,No,3.0,12,9,6,14,0.0,6,0,16.0,996,10.5,Yes,No,No
EMP11499,29,Male,IT,Software Engineer,4,Bachelor's,Divorced,Travel_Rarely,15.0,8469,High,52.0,8597.0,3,2.0,4.0,2.0,2.0,3,No,3.0,1,0,1,8,1.0,4,1,15.0,204,7.7,No,No,Yes
